Mes;Incidencia;Farola;Sticker;Tecnologia;Potencia;Tipo;Crucero;Via;Descripción;Fecha Asignación;Fecha Finalización;Tiempo (Días);Operario;Estado;Latitud;Longitud
Mayo;2058500;1631180;031114;LED;100;PRE-PODAS;CARRERA;CALLE;Se ha realizado el mantenimiento preventivo sobre la farola: 1631180;21/05/2026;21/05/2026;0;cuad62-podas;FINALIZADA;2,947239052;-75,28702899
Mayo;2038230;1631248;D 1206;METAL HALIDE;400;PRE-PODAS;CARRERA;CALLE;Se ha realizado el mantenimiento preventivo sobre la farola: 1631248;04/05/2026;04/05/2026;0;cuad62-podas;FINALIZADA;2,946953;-75,237497
Mayo;2045876;1634983;067664;LED;74,1;PRE-PODAS;76;2;Se ha realizado el mantenimiento preventivo sobre la farola: 1634983;11/05/2026;12/05/2026;1;cuad62-podas;FINALIZADA;2,970312;-75,28925
Mayo;2057045;1635188;033689;LED;27,8;PRE-PODAS;41;25;Se ha realizado el mantenimiento preventivo sobre la farola: 1635188;20/05/2026;21/05/2026;1;cuad62-podas;FINALIZADA;2,955664;-75,27657
Mayo;2057008;1635234;068526;LED;106,5;PRE-PODAS;6A;CL 26 CON CRA 6B;Se ha realizado el mantenimiento preventivo sobre la farola: 1635234;20/05/2026;20/05/2026;0;cuad62-podas;FINALIZADA;2,94236023;-75,29175558
Mayo;2062186;1635842;043264;LED;27,8;PRE-PODAS;18A;19;Se ha realizado el mantenimiento preventivo sobre la farola: 1635842;26/05/2026;26/05/2026;0;cuad62-podas;FINALIZADA;2,938318;-75,276722
Mayo;2038274;1637071;050327;LED;27,8;PRE-PODAS;20B;52;Se ha realizado el mantenimiento preventivo sobre la farola: 1637071;04/05/2026;04/05/2026;0;cuad62-podas;FINALIZADA;2,942874037;-75,24855901
Mayo;2040328;1638687;021848;LED;37;PRE-PODAS;CARRERA;CALLE;Se ha realizado el mantenimiento preventivo sobre la farola: 1638687;05/05/2026;05/05/2026;0;cuad62-podas;FINALIZADA;2,936597041;-75,26009798
Mayo;2060792;1640284;026133;LED;60,2;PRE-PODAS;31;1;Se ha realizado el mantenimiento preventivo sobre la farola: 1640284;25/05/2026;25/05/2026;0;cuad62-podas;FINALIZADA;2,946536634;-75,29804453
Mayo;2060789;1640286;030397;LED;60,2;PRE-PODAS;33;1;Se ha realizado el mantenimiento preventivo sobre la farola: 1640286;25/05/2026;25/05/2026;0;cuad62-podas;FINALIZADA;2,947083072;-75,29803612
Mayo;2060795;1640298;026745;LED;60,2;PRE-PODAS;29;1;Se ha realizado el mantenimiento preventivo sobre la farola: 1640298;25/05/2026;25/05/2026;0;cuad62-podas;FINALIZADA;2,945440895;-75,2979421
Mayo;2060782;1640302;030396;LED;60,2;PRE-PODAS;34;1;Se ha realizado el mantenimiento preventivo sobre la farola: 1640302;25/05/2026;25/05/2026;0;cuad62-podas;FINALIZADA;2,948604577;-75,29807675
Mayo;2060781;1640306;030399;LED;60,2;PRE-PODAS;37;1;Se ha realizado el mantenimiento preventivo sobre la farola: 1640306;25/05/2026;25/05/2026;0;cuad62-podas;FINALIZADA;2,949125219;-75,29811396
Mayo;2060754;1640308;030389;LED;60,2;PRE-PODAS;39;1;Se ha realizado el mantenimiento preventivo sobre la farola: 1640308;25/05/2026;25/05/2026;0;cuad62-podas;FINALIZADA;2,949694723;-75,29811987
Mayo;2048829;1640444;010782;LED;27,8;PRE-PODAS;34;1DW;Se ha realizado el mantenimiento preventivo sobre la farola: 1640444;13/05/2026;13/05/2026;0;cuad62-podas;FINALIZADA;2,947796056;-75,299067
Mayo;2058515;1640467;065213;LED;46,3;PRE-PODAS;50;22;Se ha realizado el mantenimiento preventivo sobre la farola: 1640467;21/05/2026;21/05/2026;0;cuad62-podas;FINALIZADA;2,957708;-75,279938
Mayo;2057029;1640604;040139;LED;106,5;PRE-PODAS;26;7;Se ha realizado el mantenimiento preventivo sobre la farola: 1640604;20/05/2026;20/05/2026;0;cuad62-podas;FINALIZADA;2,94362816;-75,28942842
Mayo;2062191;1640712;068539;LED;106,5;PRE-PODAS;6B;CL 26 CON CRA 6B;Se ha realizado el mantenimiento preventivo sobre la farola: 1640712;26/05/2026;26/05/2026;0;cuad62-podas;FINALIZADA;2,94265097;-75,29101718
Mayo;2062187;1640713;069557;LED;106,5;PRE-PODAS;6B;CL 26 CON CRA 6B;Se ha realizado el mantenimiento preventivo sobre la farola: 1640713;26/05/2026;26/05/2026;0;cuad62-podas;FINALIZADA;2,94254288;-75,29125442
Mayo;2062213;1640714;069569;LED;106,5;PRE-PODAS;6B;CL 26 CON CRA 6B;Se ha realizado el mantenimiento preventivo sobre la farola: 1640714;26/05/2026;26/05/2026;0;cuad62-podas;FINALIZADA;2,94254288;-75,29125442
Mayo;2062211;1640715;068528;LED;106,5;PRE-PODAS;6A;CL 26 CON CRA 6B;Se ha realizado el mantenimiento preventivo sobre la farola: 1640715;26/05/2026;26/05/2026;0;cuad62-podas;FINALIZADA;2,94245005;-75,29149909
Mayo;2048842;1640855;070720;LED;106,5;PRE-PODAS;24;50;Se ha realizado el mantenimiento preventivo sobre la farola: 1640855;13/05/2026;13/05/2026;0;cuad62-podas;FINALIZADA;2,95683237;-75,30058104
Mayo;2041068;1641576;026927;LED;60,2;PRE-PODAS;CARRERA;36;Se ha realizado el mantenimiento preventivo sobre la farola: 1641576;06/05/2026;06/05/2026;0;cuad62-podas;FINALIZADA;2,941944071;-75,26319801
Mayo;2040325;1641577;025409;LED;60,2;PRE-PODAS;CARRERA;36;Se ha realizado el mantenimiento preventivo sobre la farola: 1641577;05/05/2026;05/05/2026;0;cuad62-podas;FINALIZADA;2,941641078;-75,26323897
Mayo;2045849;1643210;029741;LED;92,6;PRE-PODAS;66A;1B;Se ha realizado el mantenimiento preventivo sobre la farola: 1643210;11/05/2026;11/05/2026;0;cuad62-podas;FINALIZADA;2,964322;-75,293994
Mayo;2045848;1643211;029764;LED;92,6;PRE-PODAS;66A;1B;Se ha realizado el mantenimiento preventivo sobre la farola: 1643211;11/05/2026;11/05/2026;0;cuad62-podas;FINALIZADA;2,96445;-75,293945
Mayo;2060004;1643353;28898;LED;50;PRE-PODAS;50;24;Se ha realizado el mantenimiento preventivo sobre la farola: 1643353;23/05/2026;23/05/2026;0;cuad62-podas;FINALIZADA;2,958023057;-75,27914579
Mayo;2060005;1643354;31498;LED;40;PRE-PODAS;50;24;Se ha realizado el mantenimiento preventivo sobre la farola: 1643354;23/05/2026;23/05/2026;0;cuad62-podas;FINALIZADA;2,95802295;-75,27914576
Mayo;2062153;1643922;069846;LED;74,1;PRE-PODAS;19;47;Se ha realizado el mantenimiento preventivo sobre la farola: 1643922;26/05/2026;26/05/2026;0;cuad62-podas;FINALIZADA;2,94006287;-75,25319299
Mayo;2062150;1643923;069875;LED;74,1;PRE-PODAS;19;47;Se ha realizado el mantenimiento preventivo sobre la farola: 1643923;26/05/2026;26/05/2026;0;cuad62-podas;FINALIZADA;2,94006287;-75,25319299
Mayo;2062160;1644031;037561;LED;74,1;PRE-PODAS;20;26;Se ha realizado el mantenimiento preventivo sobre la farola: 1644031;26/05/2026;26/05/2026;0;cuad62-podas;FINALIZADA;2,94074948;-75,27071362
Mayo;2062158;1644032;037578;LED;74,1;PRE-PODAS;20;26;Se ha realizado el mantenimiento preventivo sobre la farola: 1644032;26/05/2026;26/05/2026;0;cuad62-podas;FINALIZADA;2,94074948;-75,27071362
Mayo;2062181;1644622;040087;LED;106,5;PRE-PODAS;19;16;Se ha realizado el mantenimiento preventivo sobre la farola: 1644622;26/05/2026;26/05/2026;0;cuad62-podas;FINALIZADA;2,93893919;-75,28195102
Mayo;2062183;1644623;040080;LED;106,5;PRE-PODAS;19;16;Se ha realizado el mantenimiento preventivo sobre la farola: 1644623;26/05/2026;26/05/2026;0;cuad62-podas;FINALIZADA;2,93893919;-75,28195102
Mayo;2062165;1644672;037565;LED;74,1;PRE-PODAS;19;19;Se ha realizado el mantenimiento preventivo sobre la farola: 1644672;26/05/2026;26/05/2026;0;cuad62-podas;FINALIZADA;2,93802658;-75,27799654
Mayo;2062167;1644673;037576;LED;74,1;PRE-PODAS;19;19;Se ha realizado el mantenimiento preventivo sobre la farola: 1644673;26/05/2026;26/05/2026;0;cuad62-podas;FINALIZADA;2,93802658;-75,27799654
Mayo;2062168;1644715;037399;LED;74,1;PRE-PODAS;18;19;Se ha realizado el mantenimiento preventivo sobre la farola: 1644715;26/05/2026;26/05/2026;0;cuad62-podas;FINALIZADA;2,938411074;-75,278309
Mayo;2062169;1644716;037351;LED;74,1;PRE-PODAS;18;19;Se ha realizado el mantenimiento preventivo sobre la farola: 1644716;26/05/2026;26/05/2026;0;cuad62-podas;FINALIZADA;2,938411074;-75,278309
Mayo;2062170;1644736;037374;LED;74,1;PRE-PODAS;16;19;Se ha realizado el mantenimiento preventivo sobre la farola: 1644736;26/05/2026;26/05/2026;0;cuad62-podas;FINALIZADA;2,937828043;-75,28028697
Mayo;2062172;1644737;037386;LED;74,1;PRE-PODAS;10;19;Se ha realizado el mantenimiento preventivo sobre la farola: 1644737;26/05/2026;26/05/2026;0;cuad62-podas;FINALIZADA;2,937828043;-75,28028697
Mayo;2055162;1646550;015824;LED;27,8;PRE-PODAS;32;1A;Se ha realizado el mantenimiento preventivo sobre la farola: 1646550;19/05/2026;19/05/2026;0;cuad62-podas;FINALIZADA;2,94684526;-75,29713902
Mayo;2055157;1646551;015822;LED;27,8;PRE-PODAS;32;1A;Se ha realizado el mantenimiento preventivo sobre la farola: 1646551;19/05/2026;19/05/2026;0;cuad62-podas;FINALIZADA;2,94684526;-75,29713902
Mayo;2055172;1646552;015821;LED;27,8;PRE-PODAS;32;1A;Se ha realizado el mantenimiento preventivo sobre la farola: 1646552;19/05/2026;19/05/2026;0;cuad62-podas;FINALIZADA;2,94693063;-75,29709951
Mayo;2055168;1646553;015827;LED;27,8;PRE-PODAS;32;1A;Se ha realizado el mantenimiento preventivo sobre la farola: 1646553;19/05/2026;19/05/2026;0;cuad62-podas;FINALIZADA;2,94693063;-75,29709951
Mayo;2055173;1646563;015814;LED;27,8;PRE-PODAS;33;1A;Se ha realizado el mantenimiento preventivo sobre la farola: 1646563;19/05/2026;19/05/2026;0;cuad62-podas;FINALIZADA;2,94734921;-75,29718596
Mayo;2055097;1646574;015807;LED;27,8;PRE-PODAS;30;1;Se ha realizado el mantenimiento preventivo sobre la farola: 1646574;19/05/2026;19/05/2026;0;cuad62-podas;FINALIZADA;2,94532979;-75,29727291
Mayo;2055109;1646575;015854;LED;27,8;PRE-PODAS;30;1;Se ha realizado el mantenimiento preventivo sobre la farola: 1646575;19/05/2026;19/05/2026;0;cuad62-podas;FINALIZADA;2,94532979;-75,29727291
Mayo;2055100;1646594;015849;LED;27,8;PRE-PODAS;30;1A;Se ha realizado el mantenimiento preventivo sobre la farola: 1646594;19/05/2026;19/05/2026;0;cuad62-podas;FINALIZADA;2,946061239;-75,29728745
Mayo;2055119;1646595;015863;LED;27,8;PRE-PODAS;30;1A;Se ha realizado el mantenimiento preventivo sobre la farola: 1646595;19/05/2026;19/05/2026;0;cuad62-podas;FINALIZADA;2,94602963;-75,29734757
Mayo;2055125;1646596;015850;LED;27,8;PRE-PODAS;31;1;Se ha realizado el mantenimiento preventivo sobre la farola: 1646596;19/05/2026;19/05/2026;0;cuad62-podas;FINALIZADA;2,94625906;-75,2971858
Mayo;2055138;1646597;015829;LED;27,8;PRE-PODAS;31;1;Se ha realizado el mantenimiento preventivo sobre la farola: 1646597;19/05/2026;19/05/2026;0;cuad62-podas;FINALIZADA;2,94625906;-75,2971858
Mayo;2055124;1646599;015836;LED;27,8;PRE-PODAS;31;1;Se ha realizado el mantenimiento preventivo sobre la farola: 1646599;19/05/2026;19/05/2026;0;cuad62-podas;FINALIZADA;2,94629046;-75,29729809
Mayo;2055144;1646604;015818;LED;27,8;PRE-PODAS;31;1;Se ha realizado el mantenimiento preventivo sobre la farola: 1646604;19/05/2026;19/05/2026;0;cuad62-podas;FINALIZADA;2,94649668;-75,29728522
Mayo;2055152;1646605;015831;LED;27,8;PRE-PODAS;31;1;Se ha realizado el mantenimiento preventivo sobre la farola: 1646605;19/05/2026;19/05/2026;0;cuad62-podas;FINALIZADA;2,94649668;-75,29728522
Mayo;2048834;1647381;070751;LED;106,5;PRE-PODAS;CARRERA;50;Se ha realizado el mantenimiento preventivo sobre la farola: 1647381;13/05/2026;13/05/2026;0;cuad62-podas;FINALIZADA;2,95659553;-75,30060896
Mayo;2042679;1647603;022309;LED;37;PRE-PODAS;CARRERA;CALLE;Se ha realizado el mantenimiento preventivo sobre la farola: 1647603;07/05/2026;07/05/2026;0;cuad62-podas;FINALIZADA;2,939772113;-75,25170004
Mayo;2040329;1647625;021877;LED;37;PRE-PODAS;CARRERA;CALLE;Se ha realizado el mantenimiento preventivo sobre la farola: 1647625;05/05/2026;05/05/2026;0;cuad62-podas;FINALIZADA;2,936597041;-75,26009798
Mayo;2056994;1647721;011659;LED;27,8;PRE-PODAS;CARRERA;CALLE;Se ha realizado el mantenimiento preventivo sobre la farola: 1647721;20/05/2026;20/05/2026;0;cuad62-podas;FINALIZADA;2,944291103;-75,30793598
Mayo;2056995;1647722;036392;LED;27,8;PRE-PODAS;CARRERA;CALLE;Se ha realizado el mantenimiento preventivo sobre la farola: 1647722;20/05/2026;20/05/2026;0;cuad62-podas;FINALIZADA;2,944291103;-75,30793598
Mayo;2062166;1648391;043134;LED;27,8;PRE-PODAS;CARRERA;CALLE;Se ha realizado el mantenimiento preventivo sobre la farola: 1648391;26/05/2026;26/05/2026;0;cuad62-podas;FINALIZADA;2,93809492;-75,27803287
Mayo;2062162;1648393;043130;LED;27,8;PRE-PODAS;CARRERA;CALLE;Se ha realizado el mantenimiento preventivo sobre la farola: 1648393;26/05/2026;26/05/2026;0;cuad62-podas;FINALIZADA;2,93817632;-75,27773248
Mayo;2042671;1649069;067434;LED;27,8;PRE-PODAS;84;8;Se ha realizado el mantenimiento preventivo sobre la farola: 1649069;07/05/2026;07/05/2026;0;cuad62-podas;FINALIZADA;2,977256066;-75,28345703
Mayo;2042672;1649072;066763;LED;27,8;PRE-PODAS;83;8;Se ha realizado el mantenimiento preventivo sobre la farola: 1649072;07/05/2026;07/05/2026;0;cuad62-podas;FINALIZADA;2,97677209;-75,28366802
Mayo;2048841;1649342;070557;LED;106,5;PRE-PODAS;50;50;Se ha realizado el mantenimiento preventivo sobre la farola: 1649342;13/05/2026;13/05/2026;0;cuad62-podas;FINALIZADA;2,95683237;-75,30058104
Mayo;2048835;1649343;070620;LED;106,5;PRE-PODAS;50A;50;Se ha realizado el mantenimiento preventivo sobre la farola: 1649343;13/05/2026;13/05/2026;0;cuad62-podas;FINALIZADA;2,95659553;-75,30060896
Mayo;2048833;1649344;070725;LED;106,5;PRE-PODAS;50A;50;Se ha realizado el mantenimiento preventivo sobre la farola: 1649344;13/05/2026;13/05/2026;0;cuad62-podas;FINALIZADA;2,95662223;-75,30074174
Mayo;2045847;1651911;007959;LED;27,8;PRE-PODAS;73;1 BW;Se ha realizado el mantenimiento preventivo sobre la farola: 1651911;11/05/2026;11/05/2026;0;cuad62-podas;FINALIZADA;2,969739;-75,296704
Mayo;2045843;1652043;004460;LED;27,8;PRE-PODAS;78;1A BIS;Se ha realizado el mantenimiento preventivo sobre la farola: 1652043;11/05/2026;11/05/2026;0;cuad62-podas;FINALIZADA;2,972139057;-75,29262203
Mayo;2047357;1652103;011106;LED;27,8;PRE-PODAS;80A;1G;Se ha realizado el mantenimiento preventivo sobre la farola: 1652103;12/05/2026;12/05/2026;0;cuad62-podas;FINALIZADA;2,975835081;-75,28961798
Mayo;2048825;1652175;039725;LED;27,8;PRE-PODAS;33;4AW;Se ha realizado el mantenimiento preventivo sobre la farola: 1652175;13/05/2026;13/05/2026;0;cuad62-podas;FINALIZADA;2,946782564;-75,30093237
Mayo;2038289;1653050;016517;LED;27,8;PRE-PODAS;20A;50;Se ha realizado el mantenimiento preventivo sobre la farola: 1653050;04/05/2026;04/05/2026;0;cuad62-podas;FINALIZADA;2,941700069;-75,25031003
Mayo;2039135;1653144;010325;LED;27,8;PRE-PODAS;17;47;Se ha realizado el mantenimiento preventivo sobre la farola: 1653144;04/05/2026;05/05/2026;1;cuad62-podas;FINALIZADA;2,938188043;-75,252641
Mayo;2047352;1653423;021859;LED;37;PRE-PODAS;25B;9W;Se ha realizado el mantenimiento preventivo sobre la farola: 1653423;12/05/2026;12/05/2026;0;cuad62-podas;FINALIZADA;2,936548081;-75,30304802
Mayo;2042667;1653513;067361;LED;46,3;PRE-PODAS;18;24;Se ha realizado el mantenimiento preventivo sobre la farola: 1653513;07/05/2026;07/05/2026;0;cuad62-podas;FINALIZADA;2,938626;-75,273216
Mayo;2047356;1655263;011103;LED;27,8;PRE-PODAS;82A;1G;Se ha realizado el mantenimiento preventivo sobre la farola: 1655263;12/05/2026;12/05/2026;0;cuad62-podas;FINALIZADA;2,975844118;-75,28931104
Mayo;2045846;1656341;018118;LED;27,8;PRE-PODAS;76A;1W;Se ha realizado el mantenimiento preventivo sobre la farola: 1656341;11/05/2026;11/05/2026;0;cuad62-podas;FINALIZADA;2,971946096;-75,29528702
Mayo;2045875;1656413;033136;LED;27,8;PRE-PODAS;81C;3;Se ha realizado el mantenimiento preventivo sobre la farola: 1656413;11/05/2026;12/05/2026;1;cuad62-podas;FINALIZADA;2,975902;-75,286701
Mayo;2042670;1656526;066444;LED;27,8;PRE-PODAS;8;6;Se ha realizado el mantenimiento preventivo sobre la farola: 1656526;07/05/2026;07/05/2026;0;cuad62-podas;FINALIZADA;2,979273102;-75,28408998
Mayo;2055197;1656573;023840;LED;46,3;PRE-PODAS;34;1A;Se ha realizado el mantenimiento preventivo sobre la farola: 1656573;19/05/2026;19/05/2026;0;cuad62-podas;FINALIZADA;2,947480606;-75,29732184
Mayo;2045866;1657183;005449;LED;27,8;PRE-PODAS;56;1AW;Se ha realizado el mantenimiento preventivo sobre la farola: 1657183;11/05/2026;11/05/2026;0;cuad62-podas;FINALIZADA;2,960317105;-75,29846798
Mayo;2045867;1657184;005459;LED;27,8;PRE-PODAS;56;1AW;Se ha realizado el mantenimiento preventivo sobre la farola: 1657184;11/05/2026;11/05/2026;0;cuad62-podas;FINALIZADA;2,960378116;-75,29867596
Mayo;2048826;1658063;036612;LED;27,8;PRE-PODAS;32;2W;Se ha realizado el mantenimiento preventivo sobre la farola: 1658063;13/05/2026;13/05/2026;0;cuad62-podas;FINALIZADA;2,946675183;-75,29957376
Mayo;2048831;1658664;003766;LED;27,8;PRE-PODAS;49;3W;Se ha realizado el mantenimiento preventivo sobre la farola: 1658664;13/05/2026;13/05/2026;0;cuad62-podas;FINALIZADA;2,956113109;-75,300357
Mayo;2058519;1658848;043323;LED;27,8;PRE-PODAS;50A;23;Se ha realizado el mantenimiento preventivo sobre la farola: 1658848;21/05/2026;21/05/2026;0;cuad62-podas;FINALIZADA;2,958361;-75,279332
Mayo;2058518;1658849;043320;LED;27,8;PRE-PODAS;50;22;Se ha realizado el mantenimiento preventivo sobre la farola: 1658849;21/05/2026;21/05/2026;0;cuad62-podas;FINALIZADA;2,957956;-75,279935
Mayo;2060007;1659464;033113;LED;27,8;PRE-PODAS;CARRERA;CALLE;Se ha realizado el mantenimiento preventivo sobre la farola: 1659464;23/05/2026;23/05/2026;0;cuad62-podas;FINALIZADA;2,964917;-75,274243
Mayo;2060006;1659465;007023;LED;27,8;PRE-PODAS;CARRERA;CALLE;Se ha realizado el mantenimiento preventivo sobre la farola: 1659465;23/05/2026;23/05/2026;0;cuad62-podas;FINALIZADA;2,964873099;-75,27429302
Mayo;2045881;1659805;037044;LED;74,1;PRE-PODAS;64;4;Se ha realizado el mantenimiento preventivo sobre la farola: 1659805;11/05/2026;12/05/2026;1;cuad62-podas;FINALIZADA;2,96172105;-75,2902965
Mayo;2045880;1659806;037279;LED;74,1;PRE-PODAS;64;4;Se ha realizado el mantenimiento preventivo sobre la farola: 1659806;11/05/2026;12/05/2026;1;cuad62-podas;FINALIZADA;2,96172105;-75,2902965
Mayo;2057042;1660129;009612;LED;27,8;PRE-PODAS;33;8D;Se ha realizado el mantenimiento preventivo sobre la farola: 1660129;20/05/2026;21/05/2026;1;cuad62-podas;FINALIZADA;2,946476058;-75,28762503
Mayo;2057043;1660139;021423;LED;37;PRE-PODAS;34;8D;Se ha realizado el mantenimiento preventivo sobre la farola: 1660139;20/05/2026;21/05/2026;1;cuad62-podas;FINALIZADA;2,946893064;-75,28715101
Mayo;2045885;1660425;036116;LED;60,2;PRE-PODAS;5A;5A;Se ha realizado el mantenimiento preventivo sobre la farola: 1660425;11/05/2026;12/05/2026;1;cuad62-podas;FINALIZADA;2,956711106;-75,28953904
Mayo;2057039;1660470;053323;LED;37;PRE-PODAS;30;6;Se ha realizado el mantenimiento preventivo sobre la farola: 1660470;20/05/2026;21/05/2026;1;cuad62-podas;FINALIZADA;2,945278108;-75,291251
Mayo;2057003;1660987;012619;LED;27,8;PRE-PODAS;25H;5W;Se ha realizado el mantenimiento preventivo sobre la farola: 1660987;20/05/2026;20/05/2026;0;cuad62-podas;FINALIZADA;2,93986911;-75,30110401
Mayo;2038266;1661889;041051;LED;37;PRE-PODAS;24;53;Se ha realizado el mantenimiento preventivo sobre la farola: 1661889;04/05/2026;05/05/2026;1;cuad62-podas;FINALIZADA;2,947242;-75,248691
Mayo;2038270;1662090;039207;LED;27,8;PRE-PODAS;24B;EL JARDIN;Se ha realizado el mantenimiento preventivo sobre la farola: 1662090;04/05/2026;04/05/2026;0;cuad62-podas;FINALIZADA;2,945737;-75,252555
Mayo;2038968;1662994;015984;LED;27,8;PRE-PODAS;16A;50;Se ha realizado el mantenimiento preventivo sobre la farola: 1662994;04/05/2026;04/05/2026;0;cuad62-podas;FINALIZADA;2,93826904;-75,24851102
Mayo;2038276;1662995;015943;LED;27,8;PRE-PODAS;16A;50;Se ha realizado el mantenimiento preventivo sobre la farola: 1662995;04/05/2026;04/05/2026;0;cuad62-podas;FINALIZADA;2,938192;-75,248682
Mayo;2038282;1662996;019655;LED;37;PRE-PODAS;16A;50;Se ha realizado el mantenimiento preventivo sobre la farola: 1662996;04/05/2026;04/05/2026;0;cuad62-podas;FINALIZADA;2,93805;-75,248631
Mayo;2042662;1663132;024830;LED;46,3;PRE-PODAS;9;34;Se ha realizado el mantenimiento preventivo sobre la farola: 1663132;07/05/2026;07/05/2026;0;cuad62-podas;FINALIZADA;2,932853064;-75,26421404
Mayo;2039134;1663270;017851;LED;27,8;PRE-PODAS;17B;47;Se ha realizado el mantenimiento preventivo sobre la farola: 1663270;04/05/2026;05/05/2026;1;cuad62-podas;FINALIZADA;2,938711112;-75,25197002
Mayo;2042661;1663415;067202;LED;27,8;PRE-PODAS;18;41;Se ha realizado el mantenimiento preventivo sobre la farola: 1663415;07/05/2026;07/05/2026;0;cuad62-podas;FINALIZADA;2,937686106;-75,25975602
Mayo;2040327;1664117;008372;LED;27,8;PRE-PODAS;25;34C;Se ha realizado el mantenimiento preventivo sobre la farola: 1664117;05/05/2026;05/05/2026;0;cuad62-podas;FINALIZADA;2,946186043;-75,26499599
Mayo;2041098;1664258;023791;LED;46,3;PRE-PODAS;13;29;Se ha realizado el mantenimiento preventivo sobre la farola: 1664258;06/05/2026;06/05/2026;0;cuad62-podas;FINALIZADA;2,936118032;-75,26985301
Mayo;2056996;1664672;009638;LED;27,8;PRE-PODAS;28A;10AW;Se ha realizado el mantenimiento preventivo sobre la farola: 1664672;20/05/2026;20/05/2026;0;cuad62-podas;FINALIZADA;2,944821042;-75,30706697
Mayo;2057001;1664716;019495;LED;37;PRE-PODAS;32;10A;Se ha realizado el mantenimiento preventivo sobre la farola: 1664716;20/05/2026;20/05/2026;0;cuad62-podas;FINALIZADA;2,946135106;-75,30643204
Mayo;2047353;1664820;010961;LED;27,8;PRE-PODAS;25C;10AW;Se ha realizado el mantenimiento preventivo sobre la farola: 1664820;12/05/2026;12/05/2026;0;cuad62-podas;FINALIZADA;2,93650105;-75,30399401
Mayo;2042663;1666150;053005;LED;37;PRE-PODAS;18;26;Se ha realizado el mantenimiento preventivo sobre la farola: 1666150;07/05/2026;07/05/2026;0;cuad62-podas;FINALIZADA;2,938683047;-75,27126998
Mayo;2042665;1666189;021910;LED;37;PRE-PODAS;17;21;Se ha realizado el mantenimiento preventivo sobre la farola: 1666189;07/05/2026;07/05/2026;0;cuad62-podas;FINALIZADA;2,937545039;-75,276732
Mayo;2042666;1667082;007154;LED;27,8;PRE-PODAS;7;3;Se ha realizado el mantenimiento preventivo sobre la farola: 1667082;07/05/2026;07/05/2026;0;cuad62-podas;FINALIZADA;2,922438076;-75,26731304
Mayo;2062155;1718832;037302;LED;74,1;PRE-PODAS;KR38A;CL23SUR;Se ha realizado el mantenimiento preventivo sobre la farola: 1718832;26/05/2026;26/05/2026;0;cuad62-podas;FINALIZADA;2,940856;-75,265534
Mayo;2048830;1720603;3094-120;LED;120;PRE-PODAS;1DW;42;Se ha realizado el mantenimiento preventivo sobre la farola: 1720603;13/05/2026;13/05/2026;0;cuad62-podas;FINALIZADA;2,951550074;-75,299864
Mayo;2057013;1721031;068523;LED;106,5;PRE-PODAS;6;CL 26 CON CRA 6B;Se ha realizado el mantenimiento preventivo sobre la farola: 1721031;20/05/2026;20/05/2026;0;cuad62-podas;FINALIZADA;2,94236023;-75,29175558
Mayo;2040324;1721213;017834;LED;27,8;PRE-PODAS;VICTORFELIXDIAZ;VICTORFELIXDIAZ;Se ha realizado el mantenimiento preventivo sobre la farola: 1721213;05/05/2026;05/05/2026;0;cuad62-podas;FINALIZADA;2,939418068;-75,25065803
Mayo;2039131;1721214;017867;LED;27,8;PRE-PODAS;VICTORFELIXDIAZ;CALLE;Se ha realizado el mantenimiento preventivo sobre la farola: 1721214;04/05/2026;05/05/2026;1;cuad62-podas;FINALIZADA;2,93977259;-75,25083035
Mayo;2039132;1721215;017986;LED;27,8;PRE-PODAS;VICTORFELIXDIAZ;CALLE;Se ha realizado el mantenimiento preventivo sobre la farola: 1721215;04/05/2026;05/05/2026;1;cuad62-podas;FINALIZADA;2,93977862;-75,25097754
Mayo;2040323;1721216;017968;LED;27,8;PRE-PODAS;VICTORFELIXDIAZ;CALLE;Se ha realizado el mantenimiento preventivo sobre la farola: 1721216;05/05/2026;05/05/2026;0;cuad62-podas;FINALIZADA;2,93977862;-75,25097754
Mayo;2038279;1721225;015952;LED;27,8;PRE-PODAS;VICTORFELIXDIAZ;VICTORFELIXDIAZ;Se ha realizado el mantenimiento preventivo sobre la farola: 1721225;04/05/2026;04/05/2026;0;cuad62-podas;FINALIZADA;2,938196116;-75,24853296
Mayo;2039130;1721245;017994;LED;27,8;PRE-PODAS;VILLAREGINA;CALLE;Se ha realizado el mantenimiento preventivo sobre la farola: 1721245;04/05/2026;05/05/2026;1;cuad62-podas;FINALIZADA;2,93980105;-75,2513165
Mayo;2040322;1721246;007830;LED;27,8;PRE-PODAS;VILLAREGINA;CALLE;Se ha realizado el mantenimiento preventivo sobre la farola: 1721246;05/05/2026;05/05/2026;0;cuad62-podas;FINALIZADA;2,93980105;-75,2513165
Mayo;2045882;1721301;035481;LED;27,8;PRE-PODAS;MUNICIPAL;MUNICIPAL;Se ha realizado el mantenimiento preventivo sobre la farola: 1721301;11/05/2026;12/05/2026;1;cuad62-podas;FINALIZADA;2,959159119;-75,28920502
Mayo;2057044;1721772;3370-35;LED;35;PRE-PODAS;ANDES;CALLE;Se ha realizado el mantenimiento preventivo sobre la farola: 1721772;20/05/2026;21/05/2026;1;cuad62-podas;FINALIZADA;2,9460546;-75,28396577
Mayo;2045853;1722546;007638;LED;27,8;PRE-PODAS;MIRARIO;MIRARIO;Se ha realizado el mantenimiento preventivo sobre la farola: 1722546;11/05/2026;11/05/2026;0;cuad62-podas;FINALIZADA;2,96352;-75,29297
Mayo;2045865;1722590;020509;LED;37;PRE-PODAS;MIRARIO;MIRARIO;Se ha realizado el mantenimiento preventivo sobre la farola: 1722590;11/05/2026;11/05/2026;0;cuad62-podas;FINALIZADA;2,963409;-75,295328
Mayo;2057028;1723801;017357;LED;27,8;PRE-PODAS;CANDIDO;CANDIDO;Se ha realizado el mantenimiento preventivo sobre la farola: 1723801;20/05/2026;20/05/2026;0;cuad62-podas;FINALIZADA;2,948563085;-75,29626796
Mayo;2055194;1723816;3113-35;LED;35;PRE-PODAS;CANDIDO;1A;Se ha realizado el mantenimiento preventivo sobre la farola: 1723816;19/05/2026;19/05/2026;0;cuad62-podas;FINALIZADA;2,94754197;-75,29730957
Mayo;2057026;1723823;3121-35;LED;35;PRE-PODAS;CANDIDO;1A;Se ha realizado el mantenimiento preventivo sobre la farola: 1723823;20/05/2026;20/05/2026;0;cuad62-podas;FINALIZADA;2,94788898;-75,29652275
Mayo;2057002;1723902;009692;LED;27,8;PRE-PODAS;ELTRIANGULO;ELTRIANGULO;Se ha realizado el mantenimiento preventivo sobre la farola: 1723902;20/05/2026;20/05/2026;0;cuad62-podas;FINALIZADA;2,946129031;-75,30647901
Mayo;2041069;1724130;025408;LED;60,2;PRE-PODAS;ELTESORO;ELTESORO;Se ha realizado el mantenimiento preventivo sobre la farola: 1724130;06/05/2026;06/05/2026;0;cuad62-podas;FINALIZADA;2,941951035;-75,26320898
Mayo;2040326;1724131;025438;LED;60,2;PRE-PODAS;ELTESORO;ELTESORO;Se ha realizado el mantenimiento preventivo sobre la farola: 1724131;05/05/2026;05/05/2026;0;cuad62-podas;FINALIZADA;2,941655096;-75,26326003
Mayo;2045845;1730526;007458;LED;27,8;PRE-PODAS;CALAMARI;CALAMARI;Se ha realizado el mantenimiento preventivo sobre la farola: 1730526;11/05/2026;11/05/2026;0;cuad62-podas;FINALIZADA;2,971946096;-75,29528702
Mayo;2045874;1735646;051077;LED;27,8;PRE-PODAS;VILLANASARET;VILLANASARET;Se ha realizado el mantenimiento preventivo sobre la farola: 1735646;11/05/2026;12/05/2026;1;cuad62-podas;FINALIZADA;2,975856056;-75,2893276
Mayo;2057035;1739573;3167-150;LED;150;PRE-PODAS;SURORIENTAL;7;Se ha realizado el mantenimiento preventivo sobre la farola: 1739573;20/05/2026;21/05/2026;1;cuad62-podas;FINALIZADA;2,94165403;-75,28950512
Mayo;2057037;1739584;3163-60;LED;60;PRE-PODAS;SANCARLOS;7;Se ha realizado el mantenimiento preventivo sobre la farola: 1739584;20/05/2026;21/05/2026;1;cuad62-podas;FINALIZADA;2,94178897;-75,28911285
Mayo;2060779;1739932;027723;LED;60,2;PRE-PODAS;CARLOSPIZARRO;CARLOSPIZARRO;Se ha realizado el mantenimiento preventivo sobre la farola: 1739932;25/05/2026;25/05/2026;0;cuad62-podas;FINALIZADA;2,94953837;-75,29820136
Mayo;2060785;1739948;027346;LED;60,2;PRE-PODAS;SANTAINES;SANTAINES;Se ha realizado el mantenimiento preventivo sobre la farola: 1739948;25/05/2026;25/05/2026;0;cuad62-podas;FINALIZADA;2,947519288;-75,29814107
Mayo;2048832;1740275;070480;LED;106,5;PRE-PODAS;ALTICO;50;Se ha realizado el mantenimiento preventivo sobre la farola: 1740275;13/05/2026;13/05/2026;0;cuad62-podas;FINALIZADA;2,95662223;-75,30074174
Mayo;2048836;1740282;061176;LED;70;PRE-PODAS;CENTRO;MANCIONESDELNORTE;Se ha realizado el mantenimiento preventivo sobre la farola: 1740282;13/05/2026;13/05/2026;0;cuad62-podas;FINALIZADA;2,956586329;-75,30045269
Mayo;2048843;1740289;070638;LED;106,5;PRE-PODAS;ALTICO;50;Se ha realizado el mantenimiento preventivo sobre la farola: 1740289;13/05/2026;13/05/2026;0;cuad62-podas;FINALIZADA;2,95685334;-75,30071125
Mayo;2048837;1749460;061175;LED;70;PRE-PODAS;CARRERA5W;CALLE50;Se ha realizado el mantenimiento preventivo sobre la farola: 1749460;13/05/2026;13/05/2026;0;cuad62-podas;FINALIZADA;2,956609801;-75,30030368
Mayo;2048844;1749462;070623;LED;106,5;PRE-PODAS;CARRERA5W;50;Se ha realizado el mantenimiento preventivo sobre la farola: 1749462;13/05/2026;13/05/2026;0;cuad62-podas;FINALIZADA;2,95685334;-75,30071125
Mayo;2060002;1765527;001099;LED;60,2;PRE-PODAS;CARRERA 12;CALLE 20;Se ha realizado el mantenimiento preventivo sobre la farola: 1765527;23/05/2026;23/05/2026;0;cuad62-podas;FINALIZADA;2,938884279;-75,28454554
Mayo;2060003;1765528;026881;LED;60,2;PRE-PODAS;CARRERA 12;CALLE 20;Se ha realizado el mantenimiento preventivo sobre la farola: 1765528;23/05/2026;23/05/2026;0;cuad62-podas;FINALIZADA;2,938884228;-75,28454553
Mayo;2038964;1771901;3504-150;LED;150;PRE-PODAS;CARRERA 64;CALLE 20D;Se ha realizado el mantenimiento preventivo sobre la farola: 1771901;04/05/2026;04/05/2026;0;cuad62-podas;FINALIZADA;2,94690154;-75,23744009
Mayo;2038965;1771902;3503-150;LED;150;PRE-PODAS;CARRERA 64;CALLE 20D;Se ha realizado el mantenimiento preventivo sobre la farola: 1771902;04/05/2026;04/05/2026;0;cuad62-podas;FINALIZADA;2,94690154;-75,23744009
Mayo;2038966;1771903;3501-150;LED;150;PRE-PODAS;CARRERA 64;CALLE 20D;Se ha realizado el mantenimiento preventivo sobre la farola: 1771903;04/05/2026;04/05/2026;0;cuad62-podas;FINALIZADA;2,94681448;-75,23736365
Mayo;2038967;1771904;3502-150;LED;150;PRE-PODAS;CARRERA 64;CALLE 20D;Se ha realizado el mantenimiento preventivo sobre la farola: 1771904;04/05/2026;04/05/2026;0;cuad62-podas;FINALIZADA;2,94681448;-75,23736365
Mayo;2062156;1643995;037303;LED;74,1;PRE-PODAS;19;34;Se ha realizado el mantenimiento preventivo sobre la farola: 1643995;26/05/2026;26/05/2026;0;cuad59;FINALIZADA;2,940856068;-75,26553401
Mayo;2048881;1657460;019066;LED;37;PRE-PODAS;57;19B;Se ha realizado el mantenimiento preventivo sobre la farola: 1657460;13/05/2026;14/05/2026;1;cuad59;FINALIZADA;2,958774034;-75,28345502
Mayo;2048880;1657482;019007;LED;37;PRE-PODAS;58;20B;Se ha realizado el mantenimiento preventivo sobre la farola: 1657482;13/05/2026;14/05/2026;1;cuad59;FINALIZADA;2,958894096;-75,28341798
Mayo;2050314;1658926;044824;LED;27,8;PRE-PODAS;16;27;Se ha realizado el mantenimiento preventivo sobre la farola: 1658926;14/05/2026;14/05/2026;0;cuad59;FINALIZADA;2,95934;-75,276662
Mayo;2050312;1720992;3435-120;LED;120;PRE-PODAS;LOSPINOS;22B;Se ha realizado el mantenimiento preventivo sobre la farola: 1720992;14/05/2026;14/05/2026;0;cuad59;FINALIZADA;2,95993181;-75,28194565
Mayo;2050311;1720993;3434-120;LED;120;PRE-PODAS;LOSPINOS;22B;Se ha realizado el mantenimiento preventivo sobre la farola: 1720993;14/05/2026;14/05/2026;0;cuad59;FINALIZADA;2,95993181;-75,28194565
Mayo;2050308;1720997;3439-120;LED;120;PRE-PODAS;LOSPINOS;22B;Se ha realizado el mantenimiento preventivo sobre la farola: 1720997;14/05/2026;14/05/2026;0;cuad59;FINALIZADA;2,9597721;-75,28215621
Mayo;2048877;1720998;3440-120;LED;120;PRE-PODAS;LOSPINOS;22B;Se ha realizado el mantenimiento preventivo sobre la farola: 1720998;13/05/2026;14/05/2026;1;cuad59;FINALIZADA;2,9597721;-75,28215621
Mayo;2048878;1721305;3443-120;LED;120;PRE-PODAS;VILLACAROLINA;VILLACAROLINA;Se ha realizado el mantenimiento preventivo sobre la farola: 1721305;13/05/2026;14/05/2026;1;cuad59;FINALIZADA;2,959899;-75,282433
Mayo;2050309;1721307;3442-120;LED;120;PRE-PODAS;VILLACAROLINA;VILLACAROLINA;Se ha realizado el mantenimiento preventivo sobre la farola: 1721307;14/05/2026;14/05/2026;0;cuad59;FINALIZADA;2,95982768;-75,28236944
Mayo;2050310;1721308;3441-120;LED;120;PRE-PODAS;VILLACAROLINA;VILLACAROLINA;Se ha realizado el mantenimiento preventivo sobre la farola: 1721308;14/05/2026;14/05/2026;0;cuad59;FINALIZADA;2,95982768;-75,28236944
Mayo;2048879;1721313;3451-120;LED;120;PRE-PODAS;VILLACAROLINA;VILLACAROLINA;Se ha realizado el mantenimiento preventivo sobre la farola: 1721313;13/05/2026;14/05/2026;1;cuad59;FINALIZADA;2,960269;-75,28234
Mayo;2050313;1737765;011443;LED;27,8;PRE-PODAS;VILLAESMERALDA;VILLAESMERALDA;Se ha realizado el mantenimiento preventivo sobre la farola: 1737765;14/05/2026;14/05/2026;0;cuad59;FINALIZADA;2,958756;-75,283421
Abril;2028350;1631342;062595;LED;200;PRE;CARRERA;CALLE;Se ha realizado el mantenimiento preventivo sobre la farola: 1631342;23/04/2026;23/04/2026;0;cuad62-podas;FINALIZADA;2,94573403;-75,25150998
Abril;2028352;1631343;031638;LED;200;PRE;CARRERA;CALLE;Se ha realizado el mantenimiento preventivo sobre la farola: 1631343;23/04/2026;23/04/2026;0;cuad62-podas;FINALIZADA;2,945734;-75,25151
Abril;2026817;1631346; 031637;LED;200;PRE;CARRERA;CALLE;Se ha realizado el mantenimiento preventivo sobre la farola: 1631346;22/04/2026;23/04/2026;1;cuad62-podas;FINALIZADA;2,945633;-75,25123
Abril;2028348;1631347;062599;LED;200;PRE;CARRERA;CALLE;Se ha realizado el mantenimiento preventivo sobre la farola: 1631347;23/04/2026;23/04/2026;0;cuad62-podas;FINALIZADA;2,945633039;-75,25123001
Abril;2026813;1631348;031636;LED;200;PRE;CARRERA;CALLE;Se ha realizado el mantenimiento preventivo sobre la farola: 1631348;22/04/2026;23/04/2026;1;cuad62-podas;FINALIZADA;2,945811;-75,251347
Abril;2028346;1631349;062598;LED;200;PRE;CARRERA;CALLE;Se ha realizado el mantenimiento preventivo sobre la farola: 1631349;23/04/2026;23/04/2026;0;cuad62-podas;FINALIZADA;2,945811057;-75,25134703
Abril;2031051;1631379;016286;LED;27,8;PRE;CARRERA;CALLE;Se ha realizado el mantenimiento preventivo sobre la farola: 1631379;26/04/2026;27/04/2026;1;cuad62-podas;FINALIZADA;2,942100075;-75,25411898
Abril;2008064;1635896;004379;LED;27,8;PRE;18;8;Se ha realizado el mantenimiento preventivo sobre la farola: 1635896;07/04/2026;07/04/2026;0;cuad62-podas;FINALIZADA;2,936048073;-75,286596
Abril;2026642;1636151;022663;LED;37;PRE;6A;14;Se ha realizado el mantenimiento preventivo sobre la farola: 1636151;22/04/2026;22/04/2026;0;cuad62-podas;FINALIZADA;2,928432101;-75,28041799
Abril;2026718;1639728;025431;LED;60,2;PRE;CARRERA;CALLE;Se ha realizado el mantenimiento preventivo sobre la farola: 1639728;22/04/2026;22/04/2026;0;cuad62-podas;FINALIZADA;2,928448098;-75,28048197
Abril;2025417;1641300;030842;LED;106,5;PRE;21;52;Se ha realizado el mantenimiento preventivo sobre la farola: 1641300;21/04/2026;21/04/2026;0;cuad62-podas;FINALIZADA;2,941832105;-75,248113
Abril;2025419;1641301;068549;LED;106,5;PRE;21;52;Se ha realizado el mantenimiento preventivo sobre la farola: 1641301;21/04/2026;21/04/2026;0;cuad62-podas;FINALIZADA;2,941831;-75,248109
Abril;2025420;1641302;068585;LED;106,5;PRE;21;52;Se ha realizado el mantenimiento preventivo sobre la farola: 1641302;21/04/2026;21/04/2026;0;cuad62-podas;FINALIZADA;2,942127;-75,248201
Abril;2025418;1641303;068592;LED;106,5;PRE;21;52;Se ha realizado el mantenimiento preventivo sobre la farola: 1641303;21/04/2026;21/04/2026;0;cuad62-podas;FINALIZADA;2,942127;-75,248201
Abril;2025415;1641304;068590;LED;106,5;PRE;21;52;Se ha realizado el mantenimiento preventivo sobre la farola: 1641304;21/04/2026;21/04/2026;0;cuad62-podas;FINALIZADA;2,942298;-75,248254
Abril;2025416;1641305;068550;LED;106,5;PRE;22;52;Se ha realizado el mantenimiento preventivo sobre la farola: 1641305;21/04/2026;21/04/2026;0;cuad62-podas;FINALIZADA;2,942298;-75,248254
Abril;2023187;1641306;068597;LED;106,5;PRE;22;52;Se ha realizado el mantenimiento preventivo sobre la farola: 1641306;20/04/2026;20/04/2026;0;cuad62-podas;FINALIZADA;2,942557;-75,248334
Abril;2023191;1641307;068594;LED;106,5;PRE;22;52;Se ha realizado el mantenimiento preventivo sobre la farola: 1641307;20/04/2026;20/04/2026;0;cuad62-podas;FINALIZADA;2,942557;-75,248334
Abril;2023184;1641310;068593;LED;106,5;PRE;23;52;Se ha realizado el mantenimiento preventivo sobre la farola: 1641310;20/04/2026;20/04/2026;0;cuad62-podas;FINALIZADA;2,943058;-75,248518
Abril;2023180;1641311;068572;LED;106,5;PRE;23;52;Se ha realizado el mantenimiento preventivo sobre la farola: 1641311;20/04/2026;20/04/2026;0;cuad62-podas;FINALIZADA;2,943058;-75,248518
Abril;2023181;1641312;068551;LED;106,5;PRE;23;52;Se ha realizado el mantenimiento preventivo sobre la farola: 1641312;20/04/2026;20/04/2026;0;cuad62-podas;FINALIZADA;2,943058;-75,248518
Abril;2023176;1641313;068588;LED;106,5;PRE;23;52;Se ha realizado el mantenimiento preventivo sobre la farola: 1641313;20/04/2026;20/04/2026;0;cuad62-podas;FINALIZADA;2,94346;-75,248623
Abril;2023179;1641314;068589;LED;106,5;PRE;23;52;Se ha realizado el mantenimiento preventivo sobre la farola: 1641314;20/04/2026;20/04/2026;0;cuad62-podas;FINALIZADA;2,94346;-75,248623
Abril;2023173;1641315;068575;LED;106,5;PRE;23;52;Se ha realizado el mantenimiento preventivo sobre la farola: 1641315;20/04/2026;20/04/2026;0;cuad62-podas;FINALIZADA;2,94346;-75,248623
Abril;2023160;1641316;068571;LED;106,5;PRE;21;52;Se ha realizado el mantenimiento preventivo sobre la farola: 1641316;20/04/2026;20/04/2026;0;cuad62-podas;FINALIZADA;2,94371;-75,248712
Abril;2023170;1641317;068548;LED;106,5;PRE;21;52;Se ha realizado el mantenimiento preventivo sobre la farola: 1641317;20/04/2026;20/04/2026;0;cuad62-podas;FINALIZADA;2,94371;-75,248712
Abril;2023157;1641318;068553;LED;106,5;PRE;21;52;Se ha realizado el mantenimiento preventivo sobre la farola: 1641318;20/04/2026;20/04/2026;0;cuad62-podas;FINALIZADA;2,944003;-75,248804
Abril;2023153;1641319;068581;LED;106,5;PRE;21;52;Se ha realizado el mantenimiento preventivo sobre la farola: 1641319;20/04/2026;20/04/2026;0;cuad62-podas;FINALIZADA;2,944003;-75,248804
Abril;2021035;1641320;068576;LED;106,5;PRE;21;52;Se ha realizado el mantenimiento preventivo sobre la farola: 1641320;17/04/2026;17/04/2026;0;cuad62-podas;FINALIZADA;2,94427;-75,248871
Abril;2023147;1641321;068582;LED;106,5;PRE;21;52;Se ha realizado el mantenimiento preventivo sobre la farola: 1641321;20/04/2026;20/04/2026;0;cuad62-podas;FINALIZADA;2,94427;-75,248871
Abril;2019774;1641324;069552;LED;106,5;PRE;24;52;Se ha realizado el mantenimiento preventivo sobre la farola: 1641324;16/04/2026;16/04/2026;0;cuad62-podas;FINALIZADA;2,946363;-75,249574
Abril;2019769;1641325;069556;LED;106,5;PRE;24;52;Se ha realizado el mantenimiento preventivo sobre la farola: 1641325;16/04/2026;16/04/2026;0;cuad62-podas;FINALIZADA;2,946363;-75,249574
Abril;2019771;1641326;030847;LED;106,5;PRE;24;52;Se ha realizado el mantenimiento preventivo sobre la farola: 1641326;16/04/2026;16/04/2026;0;cuad62-podas;FINALIZADA;2,946594105;-75,24960699
Abril;2019767;1641327;062909;LED;106,5;PRE;24;52;Se ha realizado el mantenimiento preventivo sobre la farola: 1641327;16/04/2026;16/04/2026;0;cuad62-podas;FINALIZADA;2,946588;-75,249642
Abril;2018556;1641328;062907;LED;106,5;PRE;23;52;Se ha realizado el mantenimiento preventivo sobre la farola: 1641328;15/04/2026;16/04/2026;1;cuad62-podas;FINALIZADA;2,946833;-75,249708
Abril;2018553;1641329;062906;LED;106,5;PRE;24;52;Se ha realizado el mantenimiento preventivo sobre la farola: 1641329;15/04/2026;16/04/2026;1;cuad62-podas;FINALIZADA;2,946833;-75,249708
Abril;2018554;1641330;062904;LED;106,5;PRE;24;52;Se ha realizado el mantenimiento preventivo sobre la farola: 1641330;15/04/2026;16/04/2026;1;cuad62-podas;FINALIZADA;2,947103;-75,249781
Abril;2018552;1641331;068567;LED;106,5;PRE;24;52;Se ha realizado el mantenimiento preventivo sobre la farola: 1641331;15/04/2026;16/04/2026;1;cuad62-podas;FINALIZADA;2,947103;-75,249781
Abril;2018551;1641332;062902;LED;106,5;PRE;24;52;Se ha realizado el mantenimiento preventivo sobre la farola: 1641332;15/04/2026;16/04/2026;1;cuad62-podas;FINALIZADA;2,947381;-75,249863
Abril;2018547;1641333;062911;LED;106,5;PRE;25;52;Se ha realizado el mantenimiento preventivo sobre la farola: 1641333;15/04/2026;16/04/2026;1;cuad62-podas;FINALIZADA;2,947381;-75,249863
Abril;2018542;1641340;069561;LED;106,5;PRE;26;52;Se ha realizado el mantenimiento preventivo sobre la farola: 1641340;15/04/2026;16/04/2026;1;cuad62-podas;FINALIZADA;2,948462;-75,250211
Abril;2018481;1641341;069577;LED;106,5;PRE;26;52;Se ha realizado el mantenimiento preventivo sobre la farola: 1641341;15/04/2026;16/04/2026;1;cuad62-podas;FINALIZADA;2,948462;-75,250211
Abril;2021032;1641343;068519;LED;106,5;PRE;22;52;Se ha realizado el mantenimiento preventivo sobre la farola: 1641343;17/04/2026;17/04/2026;0;cuad62-podas;FINALIZADA;2,944541;-75,248954
Abril;2021026;1641344;068516;LED;106,5;PRE;23;52;Se ha realizado el mantenimiento preventivo sobre la farola: 1641344;17/04/2026;17/04/2026;0;cuad62-podas;FINALIZADA;2,94482;-75,249029
Abril;2021029;1641345;068518;LED;106,5;PRE;23;52;Se ha realizado el mantenimiento preventivo sobre la farola: 1641345;17/04/2026;17/04/2026;0;cuad62-podas;FINALIZADA;2,94482;-75,249029
Abril;2021020;1641346;068515;LED;106,5;PRE;23;52;Se ha realizado el mantenimiento preventivo sobre la farola: 1641346;17/04/2026;17/04/2026;0;cuad62-podas;FINALIZADA;2,945088;-75,249125
Abril;2021023;1641347;068524;LED;106,5;PRE;23;52;Se ha realizado el mantenimiento preventivo sobre la farola: 1641347;17/04/2026;17/04/2026;0;cuad62-podas;FINALIZADA;2,945088;-75,249125
Abril;2021017;1641348;069575;LED;106,5;PRE;23;52;Se ha realizado el mantenimiento preventivo sobre la farola: 1641348;17/04/2026;17/04/2026;0;cuad62-podas;FINALIZADA;2,945391;-75,249225
Abril;2021019;1641349;069565;LED;106,5;PRE;23;52;Se ha realizado el mantenimiento preventivo sobre la farola: 1641349;17/04/2026;17/04/2026;0;cuad62-podas;FINALIZADA;2,945391;-75,249225
Abril;2019778;1641350;069574;LED;106,5;PRE;23;52;Se ha realizado el mantenimiento preventivo sobre la farola: 1641350;16/04/2026;16/04/2026;0;cuad62-podas;FINALIZADA;2,945646;-75,249307
Abril;2019776;1641351;068521;LED;106,5;PRE;23;52;Se ha realizado el mantenimiento preventivo sobre la farola: 1641351;16/04/2026;16/04/2026;0;cuad62-podas;FINALIZADA;2,945646;-75,249307
Abril;2016331;1641433;068354;LED;92,6;PRE;8;SALIDA A VEGALARGA;Se ha realizado el mantenimiento preventivo sobre la farola: 1641433;13/04/2026;14/04/2026;1;cuad62-podas;FINALIZADA;2,93584229;-75,2409149
Abril;2016400;1641916;008295;LED;27,8;PRE;5A;19;Se ha realizado el mantenimiento preventivo sobre la farola: 1641916;14/04/2026;14/04/2026;0;cuad62-podas;FINALIZADA;2,928614072;-75,27518596
Abril;2017159;1641917;024204;LED;46,3;PRE;5A;19;Se ha realizado el mantenimiento preventivo sobre la farola: 1641917;14/04/2026;14/04/2026;0;cuad62-podas;FINALIZADA;2,928614072;-75,27518596
Abril;2012530;1641950;008014;LED;27,8;PRE;8;11;Se ha realizado el mantenimiento preventivo sobre la farola: 1641950;09/04/2026;09/04/2026;0;cuad62-podas;FINALIZADA;2,929391034;-75,28310206
Abril;2010010;1642138;028533;LED;92,6;PRE;8;19;Se ha realizado el mantenimiento preventivo sobre la farola: 1642138;08/04/2026;08/04/2026;0;cuad62-podas;FINALIZADA;2,93134306;-75,27742626
Abril;2010014;1642139;028551;LED;92,6;PRE;8;19;Se ha realizado el mantenimiento preventivo sobre la farola: 1642139;08/04/2026;08/04/2026;0;cuad62-podas;FINALIZADA;2,93134306;-75,27742626
Abril;2012563;1642603;036034;LED;60,2;PRE;AV;9;Se ha realizado el mantenimiento preventivo sobre la farola: 1642603;09/04/2026;13/04/2026;4;cuad62-podas;FINALIZADA;2,92115068;-75,28370336
Abril;2009053;1642762;034246;LED;46,3;PRE;1;28B;Se ha realizado el mantenimiento preventivo sobre la farola: 1642762;07/04/2026;08/04/2026;1;cuad62-podas;FINALIZADA;2,917229107;-75,268785
Abril;2010017;1642763;035309;LED;46,3;PRE;1;28B;Se ha realizado el mantenimiento preventivo sobre la farola: 1642763;08/04/2026;08/04/2026;0;cuad62-podas;FINALIZADA;2,917179056;-75,26887299
Abril;2009054;1642764;023153;LED;46,3;PRE;1;28;Se ha realizado el mantenimiento preventivo sobre la farola: 1642764;07/04/2026;08/04/2026;1;cuad62-podas;FINALIZADA;2,917038106;-75,26848504
Abril;2016332;1643853;066295;LED;60,2;PRE;8;SALIDA A VEGALARGA;Se ha realizado el mantenimiento preventivo sobre la farola: 1643853;13/04/2026;14/04/2026;1;cuad62-podas;FINALIZADA;2,93498879;-75,24284944
Abril;2016333;1643858;068096;LED;92,6;PRE;8;SALIDA A VEGALARGA;Se ha realizado el mantenimiento preventivo sobre la farola: 1643858;13/04/2026;14/04/2026;1;cuad62-podas;FINALIZADA;2,93447817;-75,24410605
Abril;2016341;1643859;068095;LED;92,6;PRE;8;SALIDA A VEGALARGA;Se ha realizado el mantenimiento preventivo sobre la farola: 1643859;13/04/2026;14/04/2026;1;cuad62-podas;FINALIZADA;2,93437136;-75,24431661
Abril;2016335;1643861;068101;LED;92,6;PRE;8;SALIDA A VEGALARGA;Se ha realizado el mantenimiento preventivo sobre la farola: 1643861;13/04/2026;14/04/2026;1;cuad62-podas;FINALIZADA;2,93416476;-75,24479941
Abril;2016336;1643863;069149;LED;92,6;PRE;8;SALIDA A VEGALARGA;Se ha realizado el mantenimiento preventivo sobre la farola: 1643863;13/04/2026;14/04/2026;1;cuad62-podas;FINALIZADA;2,93401844;-75,24533048
Abril;2016337;1643868;040367;LED;92,6;PRE;8;SALIDA A VEGALARGA;Se ha realizado el mantenimiento preventivo sobre la farola: 1643868;13/04/2026;14/04/2026;1;cuad62-podas;FINALIZADA;2,93325903;-75,24559636
Abril;2015625;1644609;008282;LED;27,8;PRE;5;18;Se ha realizado el mantenimiento preventivo sobre la farola: 1644609;13/04/2026;13/04/2026;0;cuad62-podas;FINALIZADA;2,928598118;-75,27531202
Abril;2014679;1644610;008784;LED;27,8;PRE;5;18;Se ha realizado el mantenimiento preventivo sobre la farola: 1644610;13/04/2026;13/04/2026;0;cuad62-podas;FINALIZADA;2,928598118;-75,27531202
Abril;2015143;1644611;012466;LED;27,8;PRE;4A;19;Se ha realizado el mantenimiento preventivo sobre la farola: 1644611;13/04/2026;13/04/2026;0;cuad62-podas;FINALIZADA;2,928693112;-75,27531097
Abril;2026715;1645007;026947;LED;60,2;PRE;7;14;Se ha realizado el mantenimiento preventivo sobre la farola: 1645007;22/04/2026;22/04/2026;0;cuad62-podas;FINALIZADA;2,928977104;-75,28072397
Abril;2017157;1645170;025459;LED;60,2;PRE;2I;29;Se ha realizado el mantenimiento preventivo sobre la farola: 1645170;14/04/2026;14/04/2026;0;cuad62-podas;FINALIZADA;2,926296076;-75,26690804
Abril;2016338;1645171;025491;LED;60,2;PRE;2I;29;Se ha realizado el mantenimiento preventivo sobre la farola: 1645171;13/04/2026;14/04/2026;1;cuad62-podas;FINALIZADA;2,926296076;-75,26690804
Abril;2032601;1647447;020791;LED;37;PRE;CARRERA;CALLE;Se ha realizado el mantenimiento preventivo sobre la farola: 1647447;27/04/2026;27/04/2026;0;cuad62-podas;FINALIZADA;2,943235095;-75,255761
Abril;2031047;1647448;020522;LED;37;PRE;CARRERA;CALLE;Se ha realizado el mantenimiento preventivo sobre la farola: 1647448;26/04/2026;27/04/2026;1;cuad62-podas;FINALIZADA;2,943235095;-75,255761
Abril;2031050;1647519;3676-90;LED;90;PRE;CARRERA;RIOJA;Se ha realizado el mantenimiento preventivo sobre la farola: 1647519;26/04/2026;28/04/2026;2;cuad62-podas;FINALIZADA;2,94232539;-75,254203
Abril;2009017;1648614;028731;LED;74,1;PRE;CARRERA;CALLE;Se ha realizado el mantenimiento preventivo sobre la farola: 1648614;07/04/2026;07/04/2026;0;cuad62-podas;FINALIZADA;2,93493158;-75,27934465
Abril;2012551;1648858;020827;LED;37;PRE;CARRERA;CALLE;Se ha realizado el mantenimiento preventivo sobre la farola: 1648858;09/04/2026;13/04/2026;4;cuad62-podas;FINALIZADA;2,924810047;-75,26717098
Abril;2012554;1648859;020828;LED;37;PRE;CARRERA;CALLE;Se ha realizado el mantenimiento preventivo sobre la farola: 1648859;09/04/2026;13/04/2026;4;cuad62-podas;FINALIZADA;2,924694097;-75,26703903
Abril;2012552;1648862;020078;LED;37;PRE;CARRERA;CALLE;Se ha realizado el mantenimiento preventivo sobre la farola: 1648862;09/04/2026;13/04/2026;4;cuad62-podas;FINALIZADA;2,924791165;-75,26706101
Abril;2008079;1650631;029527;LED;92,6;PRE;13A;16;Se ha realizado el mantenimiento preventivo sobre la farola: 1650631;07/04/2026;07/04/2026;0;cuad62-podas;FINALIZADA;2,93378366;-75,28049826
Abril;2012550;1650747;022593;LED;37;PRE;2D;CALLE 3;Se ha realizado el mantenimiento preventivo sobre la farola: 1650747;09/04/2026;13/04/2026;4;cuad62-podas;FINALIZADA;2,92454357;-75,26617304
Abril;2014670;1650927;026351;LED;60,2;PRE;1C;30F;Se ha realizado el mantenimiento preventivo sobre la farola: 1650927;13/04/2026;13/04/2026;0;cuad62-podas;FINALIZADA;2,919194118;-75,26419402
Abril;2008059;1652361;017698;LED;27,8;PRE;28A;1DW;Se ha realizado el mantenimiento preventivo sobre la farola: 1652361;07/04/2026;07/04/2026;0;cuad62-podas;FINALIZADA;2,945514616;-75,29932941
Abril;2025471;1652853;040369;LED;27,8;PRE;30;51;Se ha realizado el mantenimiento preventivo sobre la farola: 1652853;21/04/2026;22/04/2026;1;cuad62-podas;FINALIZADA;2,951927038;-75,25197803
Abril;2030834;1652986;036618;LED;27,8;PRE;22B;44;Se ha realizado el mantenimiento preventivo sobre la farola: 1652986;25/04/2026;25/04/2026;0;cuad62-podas;FINALIZADA;2,943968114;-75,25561899
Abril;2031055;1652999;024059;LED;46,3;PRE;20;46;Se ha realizado el mantenimiento preventivo sobre la farola: 1652999;26/04/2026;28/04/2026;2;cuad62-podas;FINALIZADA;2,940449079;-75,25377702
Abril;2014678;1654076;026353;LED;60,2;PRE;1C;30F;Se ha realizado el mantenimiento preventivo sobre la farola: 1654076;13/04/2026;13/04/2026;0;cuad62-podas;FINALIZADA;2,919176101;-75,26424998
Abril;2008061;1656674;036458;LED;27,8;PRE;30A;1CW;Se ha realizado el mantenimiento preventivo sobre la farola: 1656674;07/04/2026;07/04/2026;0;cuad62-podas;FINALIZADA;2,945935097;-75,29907163
Abril;2008060;1656680;006454;LED;27,8;PRE;28B;1BW;Se ha realizado el mantenimiento preventivo sobre la farola: 1656680;07/04/2026;07/04/2026;0;cuad62-podas;FINALIZADA;2,945489316;-75,29854141
Abril;2025470;1661501;039107;LED;27,8;PRE;30A;50;Se ha realizado el mantenimiento preventivo sobre la farola: 1661501;21/04/2026;22/04/2026;1;cuad62-podas;FINALIZADA;2,951787072;-75,25161698
Abril;2025469;1661519;032612;LED;27,8;PRE;30;52A;Se ha realizado el mantenimiento preventivo sobre la farola: 1661519;21/04/2026;22/04/2026;1;cuad62-podas;FINALIZADA;2,951579058;-75,24972499
Abril;2025472;1661575;033265;LED;27,8;PRE;28A;55;Se ha realizado el mantenimiento preventivo sobre la farola: 1661575;21/04/2026;22/04/2026;1;cuad62-podas;FINALIZADA;2,950525085;-75,247709
Abril;2021034;1661866;033748;LED;27,8;PRE;23A;52;Se ha realizado el mantenimiento preventivo sobre la farola: 1661866;17/04/2026;17/04/2026;0;cuad62-podas;FINALIZADA;2,94471;-75,248927
Abril;2025421;1661895;066422;LED;27,8;PRE;22;55;Se ha realizado el mantenimiento preventivo sobre la farola: 1661895;21/04/2026;21/04/2026;0;cuad62-podas;FINALIZADA;2,944729;-75,245818
Abril;2026789;1662040;040458;LED;27,8;PRE;24;51;Se ha realizado el mantenimiento preventivo sobre la farola: 1662040;22/04/2026;23/04/2026;1;cuad62-podas;FINALIZADA;2,945933045;-75,25159101
Abril;2028344;1662044;040467;LED;27,8;PRE;24;51;Se ha realizado el mantenimiento preventivo sobre la farola: 1662044;23/04/2026;23/04/2026;0;cuad62-podas;FINALIZADA;2,946094068;-75,25125198
Abril;2031046;1662193;016556;LED;27,8;PRE;22A;43A;Se ha realizado el mantenimiento preventivo sobre la farola: 1662193;26/04/2026;27/04/2026;1;cuad62-podas;FINALIZADA;2,943515097;-75,25537602
Abril;2031045;1662222;016552;LED;27,8;PRE;23A;44;Se ha realizado el mantenimiento preventivo sobre la farola: 1662222;26/04/2026;27/04/2026;1;cuad62-podas;FINALIZADA;2,944483072;-75,255603
Abril;2030833;1662233;039096;LED;27,8;PRE;23A;43A;Se ha realizado el mantenimiento preventivo sobre la farola: 1662233;25/04/2026;25/04/2026;0;cuad62-podas;FINALIZADA;2,944333068;-75,25562502
Abril;2030835;1662237;039040;LED;27,8;PRE;22B;44;Se ha realizado el mantenimiento preventivo sobre la farola: 1662237;25/04/2026;25/04/2026;0;cuad62-podas;FINALIZADA;2,943852035;-75,25564902
Abril;2030836;1662240;039035;LED;27,8;PRE;22B;44;Se ha realizado el mantenimiento preventivo sobre la farola: 1662240;25/04/2026;25/04/2026;0;cuad62-podas;FINALIZADA;2,943841099;-75,25520702
Abril;2034290;1662304;019622;LED;37;PRE;20;45;Se ha realizado el mantenimiento preventivo sobre la farola: 1662304;28/04/2026;28/04/2026;0;cuad62-podas;FINALIZADA;2,941154052;-75,25482199
Abril;2031054;1662305;019647;LED;37;PRE;20;45;Se ha realizado el mantenimiento preventivo sobre la farola: 1662305;26/04/2026;27/04/2026;1;cuad62-podas;FINALIZADA;2,94064804;-75,25488298
Abril;2031048;1662330;017349;LED;27,8;PRE;21B;46A;Se ha realizado el mantenimiento preventivo sobre la farola: 1662330;26/04/2026;28/04/2026;2;cuad62-podas;FINALIZADA;2,942919113;-75,25326701
Abril;2032598;1662381;020710;LED;37;PRE;21B;45;Se ha realizado el mantenimiento preventivo sobre la farola: 1662381;27/04/2026;27/04/2026;0;cuad62-podas;FINALIZADA;2,942360111;-75,25479698
Abril;2034422;1662488;016703;LED;27,8;PRE;20C;50A;Se ha realizado el mantenimiento preventivo sobre la farola: 1662488;28/04/2026;28/04/2026;0;cuad62-podas;FINALIZADA;2,942465082;-75,25030903
Abril;2034313;1662529;039845;LED;27,8;PRE;22;50;Se ha realizado el mantenimiento preventivo sobre la farola: 1662529;28/04/2026;28/04/2026;0;cuad62-podas;FINALIZADA;2,943883063;-75,25130503
Abril;2025425;1662734;011640;LED;27,8;PRE;18;53;Se ha realizado el mantenimiento preventivo sobre la farola: 1662734;21/04/2026;21/04/2026;0;cuad62-podas;FINALIZADA;2,94111272;-75,2467598
Abril;2025424;1662756;064296;LED;27,8;PRE;18A;53;Se ha realizado el mantenimiento preventivo sobre la farola: 1662756;21/04/2026;21/04/2026;0;cuad62-podas;FINALIZADA;2,941442;-75,246113
Abril;2025423;1662791;064141;LED;27,8;PRE;17;53;Se ha realizado el mantenimiento preventivo sobre la farola: 1662791;21/04/2026;21/04/2026;0;cuad62-podas;FINALIZADA;2,939945;-75,246272
Abril;2016340;1664075;018031;LED;27,8;PRE;14;39;Se ha realizado el mantenimiento preventivo sobre la farola: 1664075;13/04/2026;14/04/2026;1;cuad62-podas;FINALIZADA;2,93554808;-75,26109799
Abril;2008081;1666028;024558;LED;46,3;PRE;14;17;Se ha realizado el mantenimiento preventivo sobre la farola: 1666028;07/04/2026;07/04/2026;0;cuad62-podas;FINALIZADA;2,934491031;-75,27899802
Abril;2008093;1666224;024807;LED;46,3;PRE;14;20A;Se ha realizado el mantenimiento preventivo sobre la farola: 1666224;07/04/2026;07/04/2026;0;cuad62-podas;FINALIZADA;2,935327116;-75,27660502
Abril;2012547;1666447;021748;LED;37;PRE;2D;28;Se ha realizado el mantenimiento preventivo sobre la farola: 1666447;09/04/2026;13/04/2026;4;cuad62-podas;FINALIZADA;2,923869107;-75,26890697
Abril;2012555;1666893;003585;LED;27,8;PRE;3A;33;Se ha realizado el mantenimiento preventivo sobre la farola: 1666893;09/04/2026;13/04/2026;4;cuad62-podas;FINALIZADA;2,925358059;-75,26512003
Abril;2010351;1666918;053328;LED;37;PRE;2;31;Se ha realizado el mantenimiento preventivo sobre la farola: 1666918;08/04/2026;09/04/2026;1;cuad62-podas;FINALIZADA;2,92162705;-75,26602798
Abril;2010349;1666922;005039;LED;27,8;PRE;1B;30F;Se ha realizado el mantenimiento preventivo sobre la farola: 1666922;08/04/2026;09/04/2026;1;cuad62-podas;FINALIZADA;2,921459114;-75,26612701
Abril;2012546;1667401;022652;LED;37;PRE;2;29;Se ha realizado el mantenimiento preventivo sobre la farola: 1667401;09/04/2026;13/04/2026;4;cuad62-podas;FINALIZADA;2,921293044;-75,26826496
Abril;2015622;1667414;040709;LED;37;PRE;AV;9;Se ha realizado el mantenimiento preventivo sobre la farola: 1667414;13/04/2026;13/04/2026;0;cuad62-podas;FINALIZADA;2,92115068;-75,28370336
Abril;2010344;1667494;006416;LED;27,8;PRE;16;36;Se ha realizado el mantenimiento preventivo sobre la farola: 1667494;08/04/2026;09/04/2026;1;cuad62-podas;FINALIZADA;2,9226481;-75,26177798
Abril;2010343;1667497;017583;LED;27,8;PRE;16;36;Se ha realizado el mantenimiento preventivo sobre la farola: 1667497;08/04/2026;09/04/2026;1;cuad62-podas;FINALIZADA;2,92259411;-75,2616042
Abril;2012532;1667609;007140;LED;27,8;PRE;2;29;Se ha realizado el mantenimiento preventivo sobre la farola: 1667609;09/04/2026;09/04/2026;0;cuad62-podas;FINALIZADA;2,923674053;-75,26702601
Abril;2012553;1667644;022538;LED;37;PRE;2D;29;Se ha realizado el mantenimiento preventivo sobre la farola: 1667644;09/04/2026;13/04/2026;4;cuad62-podas;FINALIZADA;2,924741046;-75,26705902
Abril;2012556;1667993;011296;LED;27,8;PRE;3 SUR;17A;Se ha realizado el mantenimiento preventivo sobre la farola: 1667993;09/04/2026;13/04/2026;4;cuad62-podas;FINALIZADA;2,917779068;-75,27987797
Abril;2009067;1668233;003349;LED;27,8;PRE;1B;26;Se ha realizado el mantenimiento preventivo sobre la farola: 1668233;07/04/2026;08/04/2026;1;cuad62-podas;FINALIZADA;2,919454069;-75,27124601
Abril;2010008;1668234;003313;LED;27,8;PRE;1B;26;Se ha realizado el mantenimiento preventivo sobre la farola: 1668234;08/04/2026;08/04/2026;0;cuad62-podas;FINALIZADA;2,919454069;-75,27124601
Abril;2009046;1668308;023145;LED;46,3;PRE;1;28A;Se ha realizado el mantenimiento preventivo sobre la farola: 1668308;07/04/2026;08/04/2026;1;cuad62-podas;FINALIZADA;2,917471051;-75,26904303
Abril;2009021;1668309;026497;LED;60,2;PRE;1A;28;Se ha realizado el mantenimiento preventivo sobre la farola: 1668309;07/04/2026;08/04/2026;1;cuad62-podas;FINALIZADA;2,91837811;-75,26900798
Abril;2009020;1668311;026500;LED;60,2;PRE;1A;28;Se ha realizado el mantenimiento preventivo sobre la farola: 1668311;07/04/2026;08/04/2026;1;cuad62-podas;FINALIZADA;2,918640069;-75,26955702
Abril;2010333;1668312;026680;LED;60,2;PRE;1;28B;Se ha realizado el mantenimiento preventivo sobre la farola: 1668312;08/04/2026;09/04/2026;1;cuad62-podas;FINALIZADA;2,917974103;-75,26774498
Abril;2010335;1668313;026681;LED;60,2;PRE;1;28B;Se ha realizado el mantenimiento preventivo sobre la farola: 1668313;08/04/2026;09/04/2026;1;cuad62-podas;FINALIZADA;2,917977106;-75,26767299
Abril;2012528;1668314;023331;LED;46,3;PRE;1;28B;Se ha realizado el mantenimiento preventivo sobre la farola: 1668314;09/04/2026;09/04/2026;0;cuad62-podas;FINALIZADA;2,917775039;-75,26749604
Abril;2009056;1668317;054479;LED;46,3;PRE;1;28B;Se ha realizado el mantenimiento preventivo sobre la farola: 1668317;07/04/2026;08/04/2026;1;cuad62-podas;FINALIZADA;2,917493101;-75,26801301
Abril;2009049;1668320;023155;LED;46,3;PRE;1;28;Se ha realizado el mantenimiento preventivo sobre la farola: 1668320;07/04/2026;08/04/2026;1;cuad62-podas;FINALIZADA;2,917179056;-75,26887299
Abril;2010337;1668352;023376;LED;46,3;PRE;12;31;Se ha realizado el mantenimiento preventivo sobre la farola: 1668352;08/04/2026;09/04/2026;1;cuad62-podas;FINALIZADA;2,91706405;-75,26515597
Abril;2010340;1668421;026357;LED;60,2;PRE;1F;29B;Se ha realizado el mantenimiento preventivo sobre la farola: 1668421;08/04/2026;09/04/2026;1;cuad62-podas;FINALIZADA;2,918009087;-75,26558397
Abril;2014674;1668512;027033;LED;60,2;PRE;1C;32;Se ha realizado el mantenimiento preventivo sobre la farola: 1668512;13/04/2026;13/04/2026;0;cuad62-podas;FINALIZADA;2,920114066;-75,26320901
Abril;2015144;1669053;027016;LED;60,2;PRE;1C;30E;Se ha realizado el mantenimiento preventivo sobre la farola: 1669053;13/04/2026;13/04/2026;0;cuad62-podas;FINALIZADA;2,919206107;-75,26437803
Abril;2015623;1721700;011655;LED;27,8;PRE;CALIXTO;CALIXTO;Se ha realizado el mantenimiento preventivo sobre la farola: 1721700;13/04/2026;13/04/2026;0;cuad62-podas;FINALIZADA;2,928598118;-75,27531202
Abril;2014677;1722198;019115;LED;27,8;PRE;PANORAMA;PANORAMA;Se ha realizado el mantenimiento preventivo sobre la farola: 1722198;13/04/2026;13/04/2026;0;cuad62-podas;FINALIZADA;2,91996611;-75,26260097
Abril;2034291;1725863;043549;LED;92,6;PRE;LARIOJA;LARIOJA;Se ha realizado el mantenimiento preventivo sobre la farola: 1725863;28/04/2026;28/04/2026;0;cuad62-podas;FINALIZADA;2,943852087;-75,25265497
Abril;2034292;1725864;020406;LED;37;PRE;LARIOJA;LARIOJA;Se ha realizado el mantenimiento preventivo sobre la farola: 1725864;28/04/2026;28/04/2026;0;cuad62-podas;FINALIZADA;2,943852087;-75,25265497
Abril;2031052;1726985;010756;LED;27,8;PRE;LARIOJA;LARIOJA;Se ha realizado el mantenimiento preventivo sobre la farola: 1726985;26/04/2026;27/04/2026;1;cuad62-podas;FINALIZADA;2,942363094;-75,25481102
Abril;2015153;1727324;018310;LED;27,8;PRE;PANORAMA;PANORAMA;Se ha realizado el mantenimiento preventivo sobre la farola: 1727324;13/04/2026;13/04/2026;0;cuad62-podas;FINALIZADA;2,919056111;-75,26436504
Abril;2015624;1727325;018325;LED;27,8;PRE;PANORAMA;PANORAMA;Se ha realizado el mantenimiento preventivo sobre la farola: 1727325;13/04/2026;13/04/2026;0;cuad62-podas;FINALIZADA;2,919056111;-75,26436504
Abril;2010336;1727851;026687;LED;60,2;PRE;GUILLERMOLIEVANO;GUILLERMOLIEVANO;Se ha realizado el mantenimiento preventivo sobre la farola: 1727851;08/04/2026;09/04/2026;1;cuad62-podas;FINALIZADA;2,917808053;-75,26752601
Abril;2015939;1729187;067027;LED;37;PRE;8D;8B;Se ha realizado el mantenimiento preventivo sobre la farola: 1729187;13/04/2026;13/04/2026;0;cuad62-podas;FINALIZADA;2,93621697;-75,2863867
Abril;2008080;1731772;022742;LED;37;PRE;LALIBERTAD;LALIBERTAD;Se ha realizado el mantenimiento preventivo sobre la farola: 1731772;07/04/2026;07/04/2026;0;cuad62-podas;FINALIZADA;2,933749084;-75,280458
Abril;2025468;1731904;038251;LED;74,1;PRE;SANBERNARDO;SANBERNARDO;Se ha realizado el mantenimiento preventivo sobre la farola: 1731904;21/04/2026;22/04/2026;1;cuad62-podas;FINALIZADA;2,954316039;-75,250546
Abril;2008082;1735699;038283;LED;74,1;PRE;LALIBERTAD;LALIBERTAD;Se ha realizado el mantenimiento preventivo sobre la farola: 1735699;07/04/2026;07/04/2026;0;cuad62-podas;FINALIZADA;2,93493158;-75,27934465
Abril;2010019;1739820;032285;LED;27,8;PRE;GALAN;GALAN;Se ha realizado el mantenimiento preventivo sobre la farola: 1739820;08/04/2026;08/04/2026;0;cuad62-podas;FINALIZADA;2,91707249;-75,2688412
Abril;2031053;1740403;010780;LED;27,8;PRE;LARIOJA;LARIOJA;Se ha realizado el mantenimiento preventivo sobre la farola: 1740403;26/04/2026;28/04/2026;2;cuad62-podas;FINALIZADA;2,941643034;-75,25327401
Abril;2012531;1750475;3427-150;LED;150;PRE;CARRERA35A;CALLE1A;Se ha realizado el mantenimiento preventivo sobre la farola: 1750475;09/04/2026;09/04/2026;0;cuad62-podas;FINALIZADA;2,922537073;-75,261485
Abril;2026628;1750826;048513;LED;100;PRE;CARRERA 55 ;CALLE 28;Se ha realizado el mantenimiento preventivo sobre la farola: 1750826;22/04/2026;22/04/2026;0;cuad62-podas;FINALIZADA;2,94998166;-75,24731565
Abril;2025473;1750827;048516;LED;100;PRE;CARRERA 55 ;CALLE 28;Se ha realizado el mantenimiento preventivo sobre la farola: 1750827;21/04/2026;22/04/2026;1;cuad62-podas;FINALIZADA;2,94998166;-75,24731565
Abril;2010009;1752785;3964-60;LED;60;PRE;CARRERA 27;CALLE 1D;Se ha realizado el mantenimiento preventivo sobre la farola: 1752785;08/04/2026;08/04/2026;0;cuad62-podas;FINALIZADA;2,918361073;-75,26907
Abril;2025422;1764512;062702;LED;27,8;PRE;CARRERA 52;CALLE 21;Se ha realizado el mantenimiento preventivo sobre la farola: 1764512;21/04/2026;21/04/2026;0;cuad62-podas;FINALIZADA;2,94413605;-75,24874898
Febrero;1958440;1632177;031248;na;na;PRE-PODAS;CARRERA;CALLE;Se ha realizado el mantenimiento preventivo sobre la farola: 1632177;04/02/2026;04/02/2026;0;cuad62-podas;FINALIZADA;2,9067891;-75,26217195
Febrero;1958439;1632178;031243;na;na;PRE-PODAS;CARRERA;CALLE;Se ha realizado el mantenimiento preventivo sobre la farola: 1632178;04/02/2026;04/02/2026;0;cuad62-podas;FINALIZADA;2,9067891;-75,26217195
Febrero;1958438;1632179;031244;na;na;PRE-PODAS;CARRERA;CALLE;Se ha realizado el mantenimiento preventivo sobre la farola: 1632179;04/02/2026;04/02/2026;0;cuad62-podas;FINALIZADA;2,9067891;-75,26217195
Febrero;1972436;1636592;069680;na;na;PRE-PODAS;6SUR;21;Se ha realizado el mantenimiento preventivo sobre la farola: 1636592;18/02/2026;19/02/2026;1;cuad62-podas;FINALIZADA;2,917100073;-75,27594899
Febrero;1961587;1636632;031895;na;na;PRE-PODAS;4;10;Se ha realizado el mantenimiento preventivo sobre la farola: 1636632;06/02/2026;06/02/2026;0;cuad62-podas;FINALIZADA;2,91451839;-75,2823111
Febrero;1973504;1636669;009829;na;na;PRE-PODAS;25A;34;Se ha realizado el mantenimiento preventivo sobre la farola: 1636669;19/02/2026;19/02/2026;0;cuad62-podas;FINALIZADA;2,903202101;-75,26584298
Febrero;1959471;1636686;004056;na;na;PRE-PODAS;18;31;Se ha realizado el mantenimiento preventivo sobre la farola: 1636686;04/02/2026;05/02/2026;1;cuad62-podas;FINALIZADA;2,90966209;-75,26816296
Febrero;1959472;1636692;011927;na;na;PRE-PODAS;18;31;Se ha realizado el mantenimiento preventivo sobre la farola: 1636692;04/02/2026;05/02/2026;1;cuad62-podas;FINALIZADA;2,910251072;-75,26882104
Febrero;1972429;1642802;027518;na;na;PRE-PODAS;6SUR;21;Se ha realizado el mantenimiento preventivo sobre la farola: 1642802;18/02/2026;19/02/2026;1;cuad62-podas;FINALIZADA;2,916806059;-75,27589898
Febrero;1972432;1642826;008907;na;na;PRE-PODAS;12SUR;21;Se ha realizado el mantenimiento preventivo sobre la farola: 1642826;18/02/2026;19/02/2026;1;cuad62-podas;FINALIZADA;2,914485106;-75,27496602
Febrero;1972431;1642827;008891;na;na;PRE-PODAS;12SUR;21;Se ha realizado el mantenimiento preventivo sobre la farola: 1642827;18/02/2026;19/02/2026;1;cuad62-podas;FINALIZADA;2,91440604;-75,27531396
Febrero;1972383;1642851;030435;na;na;PRE-PODAS;5;15;Se ha realizado el mantenimiento preventivo sobre la farola: 1642851;18/02/2026;18/02/2026;0;cuad62-podas;FINALIZADA;2,916362;-75,281088
Febrero;1958436;1642875;064639;na;na;PRE-PODAS;20;35;Se ha realizado el mantenimiento preventivo sobre la farola: 1642875;04/02/2026;04/02/2026;0;cuad62-podas;FINALIZADA;2,906075;-75,275277
Febrero;1959469;1642880;011901;na;na;PRE-PODAS;18;36;Se ha realizado el mantenimiento preventivo sobre la farola: 1642880;04/02/2026;05/02/2026;1;cuad62-podas;FINALIZADA;2,910703084;-75,26644401
Febrero;1958444;1642884;016457;na;na;PRE-PODAS;18;38;Se ha realizado el mantenimiento preventivo sobre la farola: 1642884;04/02/2026;05/02/2026;1;cuad62-podas;FINALIZADA;2,910683071;-75,26461099
Febrero;1971062;1645249;027603;na;na;PRE-PODAS;2;5;Se ha realizado el mantenimiento preventivo sobre la farola: 1645249;17/02/2026;18/02/2026;1;cuad62-podas;FINALIZADA;2,91930674;-75,28601274
Febrero;1972380;1645250;027881;na;na;PRE-PODAS;2;5;Se ha realizado el mantenimiento preventivo sobre la farola: 1645250;18/02/2026;18/02/2026;0;cuad62-podas;FINALIZADA;2,91930674;-75,28601274
Febrero;1971066;1645261;037225;na;na;PRE-PODAS;2;5A;Se ha realizado el mantenimiento preventivo sobre la farola: 1645261;17/02/2026;18/02/2026;1;cuad62-podas;FINALIZADA;2,919957037;-75,284536
Febrero;1972381;1645262;037203;na;na;PRE-PODAS;2;5A;Se ha realizado el mantenimiento preventivo sobre la farola: 1645262;18/02/2026;18/02/2026;0;cuad62-podas;FINALIZADA;2,919957037;-75,284536
Febrero;1971065;1645269;029488;na;na;PRE-PODAS;2;5A;Se ha realizado el mantenimiento preventivo sobre la farola: 1645269;17/02/2026;18/02/2026;1;cuad62-podas;FINALIZADA;2,91988704;-75,28478604
Febrero;1971064;1645270;037228;na;na;PRE-PODAS;2;5A;Se ha realizado el mantenimiento preventivo sobre la farola: 1645270;17/02/2026;18/02/2026;1;cuad62-podas;FINALIZADA;2,91988704;-75,28478604
Febrero;1961588;1645333;069205;na;na;PRE-PODAS;11;5;Se ha realizado el mantenimiento preventivo sobre la farola: 1645333;06/02/2026;06/02/2026;0;cuad62-podas;FINALIZADA;2,91300093;-75,28570373
Febrero;1957701;1645593;069318;na;na;PRE-PODAS;23;30;Se ha realizado el mantenimiento preventivo sobre la farola: 1645593;03/02/2026;03/02/2026;0;cuad62-podas;FINALIZADA;2,901836911;-75,26634418
Febrero;1955842;1645594;028103;na;na;PRE-PODAS;23;30;Se ha realizado el mantenimiento preventivo sobre la farola: 1645594;02/02/2026;03/02/2026;1;cuad62-podas;FINALIZADA;2,901836911;-75,26634418
Febrero;1959468;1645641;012797;na;na;PRE-PODAS;18;36;Se ha realizado el mantenimiento preventivo sobre la farola: 1645641;04/02/2026;05/02/2026;1;cuad62-podas;FINALIZADA;2,911282052;-75,26584496
Febrero;1961585;1651142;031898;na;na;PRE-PODAS;4;10;Se ha realizado el mantenimiento preventivo sobre la farola: 1651142;06/02/2026;06/02/2026;0;cuad62-podas;FINALIZADA;2,91451839;-75,2823111
Febrero;1960549;1653973;036972;na;na;PRE-PODAS;20;6A;Se ha realizado el mantenimiento preventivo sobre la farola: 1653973;05/02/2026;06/02/2026;1;cuad62-podas;FINALIZADA;2,908342039;-75,282221
Febrero;1972422;1653997;022452;na;na;PRE-PODAS;12;14;Se ha realizado el mantenimiento preventivo sobre la farola: 1653997;18/02/2026;19/02/2026;1;cuad62-podas;FINALIZADA;2,91397821;-75,27846807
Febrero;1972384;1654142;024167;na;na;PRE-PODAS;6SUR;28;Se ha realizado el mantenimiento preventivo sobre la farola: 1654142;18/02/2026;18/02/2026;0;cuad62-podas;FINALIZADA;2,916826108;-75,2716
Febrero;1959473;1654250;004316;na;na;PRE-PODAS;18;30;Se ha realizado el mantenimiento preventivo sobre la farola: 1654250;04/02/2026;05/02/2026;1;cuad62-podas;FINALIZADA;2,91055905;-75,26950003
Febrero;1956981;1654401;009744;na;na;PRE-PODAS;23;34A;Se ha realizado el mantenimiento preventivo sobre la farola: 1654401;02/02/2026;03/02/2026;1;cuad62-podas;FINALIZADA;2,905022063;-75,26592798
Febrero;1955839;1654567;068795;na;na;PRE-PODAS;28;30;Se ha realizado el mantenimiento preventivo sobre la farola: 1654567;02/02/2026;02/02/2026;0;cuad62-podas;FINALIZADA;2,898591;-75,267433
Febrero;1956978;1654587;033726;na;na;PRE-PODAS;28B;32;Se ha realizado el mantenimiento preventivo sobre la farola: 1654587;02/02/2026;03/02/2026;1;cuad62-podas;FINALIZADA;2,898633;-75,265665
Febrero;1960542;1654668;054482;na;na;PRE-PODAS;26;5A;Se ha realizado el mantenimiento preventivo sobre la farola: 1654668;05/02/2026;06/02/2026;1;cuad62-podas;FINALIZADA;2,902845053;-75,28096197
Febrero;1960548;1667770;035383;na;na;PRE-PODAS;21;6;Se ha realizado el mantenimiento preventivo sobre la farola: 1667770;05/02/2026;06/02/2026;1;cuad62-podas;FINALIZADA;2,907890081;-75,28210599
Febrero;1971067;1667927;024520;na;na;PRE-PODAS;4;13;Se ha realizado el mantenimiento preventivo sobre la farola: 1667927;17/02/2026;18/02/2026;1;cuad62-podas;FINALIZADA;2,916210057;-75,28094396
Febrero;1971071;1667975;016913;na;na;PRE-PODAS;5A SUR;17;Se ha realizado el mantenimiento preventivo sobre la farola: 1667975;17/02/2026;18/02/2026;1;cuad62-podas;FINALIZADA;2,916486051;-75,27888802
Febrero;1971070;1667985;003423;na;na;PRE-PODAS;2A SUR;18;Se ha realizado el mantenimiento preventivo sobre la farola: 1667985;17/02/2026;18/02/2026;1;cuad62-podas;FINALIZADA;2,918176106;-75,27964897
Febrero;1971069;1667989;005228;na;na;PRE-PODAS;3 SUR;17A;Se ha realizado el mantenimiento preventivo sobre la farola: 1667989;17/02/2026;18/02/2026;1;cuad62-podas;FINALIZADA;2,917795078;-75,27952902
Febrero;1972433;1668932;004120;na;na;PRE-PODAS;11A SUR;28;Se ha realizado el mantenimiento preventivo sobre la farola: 1668932;18/02/2026;19/02/2026;1;cuad62-podas;FINALIZADA;2,91523111;-75,26930853
Febrero;1972435;1668938;029760;na;na;PRE-PODAS;11SUR;28F;Se ha realizado el mantenimiento preventivo sobre la farola: 1668938;18/02/2026;19/02/2026;1;cuad62-podas;FINALIZADA;2,915342062;-75,26889001
Febrero;1960550;1669081;066215;na;na;PRE-PODAS;79;7;Se ha realizado el mantenimiento preventivo sobre la farola: 1669081;05/02/2026;06/02/2026;1;cuad62-podas;FINALIZADA;2,908151115;-75,28126904
Febrero;1960551;1669082;066272;na;na;PRE-PODAS;79;7;Se ha realizado el mantenimiento preventivo sobre la farola: 1669082;05/02/2026;06/02/2026;1;cuad62-podas;FINALIZADA;2,907820117;-75,28114497
Febrero;1972925;1669280;006746;na;na;PRE-PODAS;25A;34;Se ha realizado el mantenimiento preventivo sobre la farola: 1669280;19/02/2026;19/02/2026;0;cuad62-podas;FINALIZADA;2,903241096;-75,265833
Febrero;1972924;1669281;006632;na;na;PRE-PODAS;25A;34;Se ha realizado el mantenimiento preventivo sobre la farola: 1669281;19/02/2026;19/02/2026;0;cuad62-podas;FINALIZADA;2,9033241;-75,26565198
Febrero;1956979;1669389;040326;na;na;PRE-PODAS;27S;35A;Se ha realizado el mantenimiento preventivo sobre la farola: 1669389;02/02/2026;03/02/2026;1;cuad62-podas;FINALIZADA;2,902014065;-75,26424796
Febrero;1959474;1669439;011717;na;na;PRE-PODAS;13;29;Se ha realizado el mantenimiento preventivo sobre la farola: 1669439;04/02/2026;05/02/2026;1;cuad62-podas;FINALIZADA;2,91038407;-75,26954696
Febrero;1958434;1669651;010968;na;na;PRE-PODAS;20;35;Se ha realizado el mantenimiento preventivo sobre la farola: 1669651;04/02/2026;04/02/2026;0;cuad62-podas;FINALIZADA;2,90859332;-75,26485726
Febrero;1958435;1669652;018397;na;na;PRE-PODAS;20;35;Se ha realizado el mantenimiento preventivo sobre la farola: 1669652;04/02/2026;04/02/2026;0;cuad62-podas;FINALIZADA;2,90859332;-75,26485726
Febrero;1958437;1669679;010977;na;na;PRE-PODAS;20;37;Se ha realizado el mantenimiento preventivo sobre la farola: 1669679;04/02/2026;04/02/2026;0;cuad62-podas;FINALIZADA;2,908808;-75,264546
Febrero;1959467;1669753;012763;na;na;PRE-PODAS;18;36;Se ha realizado el mantenimiento preventivo sobre la farola: 1669753;04/02/2026;05/02/2026;1;cuad62-podas;FINALIZADA;2,911258106;-75,26572303
Febrero;1959186;1669805;018785;na;na;PRE-PODAS;19;38;Se ha realizado el mantenimiento preventivo sobre la farola: 1669805;04/02/2026;04/02/2026;0;cuad62-podas;FINALIZADA;2,912111028;-75,26507302
Febrero;1958442;1669875;010958;na;na;PRE-PODAS;20;37;Se ha realizado el mantenimiento preventivo sobre la farola: 1669875;04/02/2026;04/02/2026;0;cuad62-podas;FINALIZADA;2,91014694;-75,26388414
Febrero;1958443;1669877;010450;na;na;PRE-PODAS;20;37;Se ha realizado el mantenimiento preventivo sobre la farola: 1669877;04/02/2026;04/02/2026;0;cuad62-podas;FINALIZADA;2,90999769;-75,26445357
Febrero;1958441;1670001;024307;na;na;PRE-PODAS;22;37;Se ha realizado el mantenimiento preventivo sobre la farola: 1670001;04/02/2026;04/02/2026;0;cuad62-podas;FINALIZADA;2,90753257;-75,26273634
Febrero;1958433;1670076;039271;na;na;PRE-PODAS;23S;41;Se ha realizado el mantenimiento preventivo sobre la farola: 1670076;04/02/2026;04/02/2026;0;cuad62-podas;FINALIZADA;2,907244029;-75,26001303
Febrero;1955841;1670291;039152;na;na;PRE-PODAS;26A;33;Se ha realizado el mantenimiento preventivo sobre la farola: 1670291;02/02/2026;03/02/2026;1;cuad62-podas;FINALIZADA;2,901124074;-75,26595101
Febrero;1972927;1670308;006633;na;na;PRE-PODAS;25A;33;Se ha realizado el mantenimiento preventivo sobre la farola: 1670308;19/02/2026;19/02/2026;0;cuad62-podas;FINALIZADA;2,903094076;-75,26586401
Febrero;1972929;1670309;006641;na;na;PRE-PODAS;25A;33;Se ha realizado el mantenimiento preventivo sobre la farola: 1670309;19/02/2026;19/02/2026;0;cuad62-podas;FINALIZADA;2,90327608;-75,26595196
Febrero;1956985;1670352;006812;na;na;PRE-PODAS;23;36;Se ha realizado el mantenimiento preventivo sobre la farola: 1670352;02/02/2026;03/02/2026;1;cuad62-podas;FINALIZADA;2,907014;-75,263576
Febrero;1959478;1670461;023639;na;na;PRE-PODAS;20;29;Se ha realizado el mantenimiento preventivo sobre la farola: 1670461;04/02/2026;05/02/2026;1;cuad62-podas;FINALIZADA;2,907765044;-75,270364
Febrero;1956983;1670490;016753;na;na;PRE-PODAS;24;38;Se ha realizado el mantenimiento preventivo sobre la farola: 1670490;02/02/2026;03/02/2026;1;cuad62-podas;FINALIZADA;2,905311;-75,261843
Febrero;1956980;1670536;017222;na;na;PRE-PODAS;22;33;Se ha realizado el mantenimiento preventivo sobre la farola: 1670536;02/02/2026;03/02/2026;1;cuad62-podas;FINALIZADA;2,905143059;-75,26653197
Febrero;1956982;1670556;009885;na;na;PRE-PODAS;23;34A;Se ha realizado el mantenimiento preventivo sobre la farola: 1670556;02/02/2026;03/02/2026;1;cuad62-podas;FINALIZADA;2,904609113;-75,26573704
Febrero;1955846;1670625;041548;na;na;PRE-PODAS;27A;37;Se ha realizado el mantenimiento preventivo sobre la farola: 1670625;02/02/2026;02/02/2026;0;cuad62-podas;FINALIZADA;2,903449;-75,262513
Febrero;1955844;1670870;004945;na;na;PRE-PODAS;28D;26;Se ha realizado el mantenimiento preventivo sobre la farola: 1670870;02/02/2026;02/02/2026;0;cuad62-podas;FINALIZADA;2,902944102;-75,26267504
Febrero;1955845;1670872;033967;na;na;PRE-PODAS;28D;26;Se ha realizado el mantenimiento preventivo sobre la farola: 1670872;02/02/2026;02/02/2026;0;cuad62-podas;FINALIZADA;2,902994;-75,262611
Febrero;1960545;1671237;026498;na;na;PRE-PODAS;23;6;Se ha realizado el mantenimiento preventivo sobre la farola: 1671237;05/02/2026;06/02/2026;1;cuad62-podas;FINALIZADA;2,907015043;-75,28180703
Febrero;1955840;1671298;067402;na;na;PRE-PODAS;24;30A;Se ha realizado el mantenimiento preventivo sobre la farola: 1671298;02/02/2026;03/02/2026;1;cuad62-podas;FINALIZADA;2,900358069;-75,26822996
Febrero;1960541;1672041;006704;na;na;PRE-PODAS;29;24;Se ha realizado el mantenimiento preventivo sobre la farola: 1672041;05/02/2026;06/02/2026;1;cuad62-podas;FINALIZADA;2,903260103;-75,27446598
Febrero;1960539;1672042;006816;na;na;PRE-PODAS;29;24;Se ha realizado el mantenimiento preventivo sobre la farola: 1672042;05/02/2026;06/02/2026;1;cuad62-podas;FINALIZADA;2,903347086;-75,27466603
Febrero;1960544;1672268;035365;na;na;PRE-PODAS;26;6;Se ha realizado el mantenimiento preventivo sobre la farola: 1672268;05/02/2026;06/02/2026;1;cuad62-podas;FINALIZADA;2,903445084;-75,280454
Febrero;1955838;1672756;033735;na;na;PRE-PODAS;30;31A;Se ha realizado el mantenimiento preventivo sobre la farola: 1672756;02/02/2026;02/02/2026;0;cuad62-podas;FINALIZADA;2,897384;-75,264562
Febrero;1955836;1672758;032182;na;na;PRE-PODAS;30;31A;Se ha realizado el mantenimiento preventivo sobre la farola: 1672758;02/02/2026;02/02/2026;0;cuad62-podas;FINALIZADA;2,896877;-75,264193
Febrero;1955835;1672765;041070;na;na;PRE-PODAS;30;32;Se ha realizado el mantenimiento preventivo sobre la farola: 1672765;02/02/2026;02/02/2026;0;cuad62-podas;FINALIZADA;2,897526;-75,263879
Febrero;1955837;1672772;033659;na;na;PRE-PODAS;30;32;Se ha realizado el mantenimiento preventivo sobre la farola: 1672772;02/02/2026;02/02/2026;0;cuad62-podas;FINALIZADA;2,897638;-75,263554
Febrero;1955843;1720528;52297;na;na;PRE-PODAS;33;CUARTO CENTENARIO;Se ha realizado el mantenimiento preventivo sobre la farola: 1720528;02/02/2026;02/02/2026;0;cuad62-podas;FINALIZADA;2,901264132;-75,26229606
Febrero;1971063;1721179;025895;na;na;PRE-PODAS;CENTRO;CENTRO;Se ha realizado el mantenimiento preventivo sobre la farola: 1721179;17/02/2026;18/02/2026;1;cuad62-podas;FINALIZADA;2,918656;-75,284093
Febrero;1957704;1721418;3239-35;na;na;PRE-PODAS;LIMONAR;37;Se ha realizado el mantenimiento preventivo sobre la farola: 1721418;03/02/2026;03/02/2026;0;cuad62-podas;FINALIZADA;2,90617896;-75,26249683
Febrero;1956984;1721419;3240-35;na;na;PRE-PODAS;LIMONAR;37;Se ha realizado el mantenimiento preventivo sobre la farola: 1721419;02/02/2026;03/02/2026;1;cuad62-podas;FINALIZADA;2,90617896;-75,26249683
Febrero;1972382;1721604;062093;na;na;PRE-PODAS;DIEGODEOSPINA;DIEGODEOSPINA;Se ha realizado el mantenimiento preventivo sobre la farola: 1721604;18/02/2026;18/02/2026;0;cuad62-podas;FINALIZADA;2,91790275;-75,2795699
Febrero;1960547;1722603;023529;na;na;PRE-PODAS;ZONAINDUSTRIAL;ZONAINDUSTRIAL;Se ha realizado el mantenimiento preventivo sobre la farola: 1722603;05/02/2026;06/02/2026;1;cuad62-podas;FINALIZADA;2,907753109;-75,28174801
Febrero;1971068;1726073;030422;na;na;PRE-PODAS;TUQUILA;TUQUILA;Se ha realizado el mantenimiento preventivo sobre la farola: 1726073;17/02/2026;18/02/2026;1;cuad62-podas;FINALIZADA;2,9163621;-75,28108797
Febrero;1960295;1730322;007215;na;na;PRE-PODAS;BELLAVISTA;BELLAVISTA;Se ha realizado el mantenimiento preventivo sobre la farola: 1730322;05/02/2026;05/02/2026;0;cuad62-podas;FINALIZADA;2,910551039;-75,269706
Febrero;1960294;1731601;021929;na;na;PRE-PODAS;TIMANCO;TIMANCO;Se ha realizado el mantenimiento preventivo sobre la farola: 1731601;05/02/2026;05/02/2026;0;cuad62-podas;FINALIZADA;2,910439111;-75,26939796
Febrero;1973505;1732995;053399;na;na;PRE-PODAS;14A;14;Se ha realizado el mantenimiento preventivo sobre la farola: 1732995;19/02/2026;19/02/2026;0;cuad62-podas;FINALIZADA;2,91397821;-75,27846807
Febrero;1959475;1739433;031839;na;na;PRE-PODAS;PARQUEMIRADORSUR;PARQUEMIRADORSUR;Se ha realizado el mantenimiento preventivo sobre la farola: 1739433;04/02/2026;05/02/2026;1;cuad62-podas;FINALIZADA;2,911589094;-75,27081302
Febrero;1960296;1739434;031832;na;na;PRE-PODAS;PARQUEMIRADORSUR;PARQUEMIRADORSUR;Se ha realizado el mantenimiento preventivo sobre la farola: 1739434;05/02/2026;05/02/2026;0;cuad62-podas;FINALIZADA;2,911589094;-75,27081302
Febrero;1964107;1632291;067115;na;na;PRE-PODAS;CARRERA;CALLE;Se ha realizado el mantenimiento preventivo sobre la farola: 1632291;10/02/2026;11/02/2026;1;cuad59;FINALIZADA;2,907059075;-75,27423501
Febrero;1965140;1632292;039922;na;na;PRE-PODAS;CARRERA;CALLE;Se ha realizado el mantenimiento preventivo sobre la farola: 1632292;11/02/2026;11/02/2026;0;cuad59;FINALIZADA;2,906694036;-75,27421
Febrero;1968635;1636526;018992;na;na;PRE-PODAS;20SUR;17;Se ha realizado el mantenimiento preventivo sobre la farola: 1636526;13/02/2026;13/02/2026;0;cuad59;FINALIZADA;2,911500095;-75,27774898
Febrero;1964052;1643662;062993;na;na;PRE-PODAS;18A;7;Se ha realizado el mantenimiento preventivo sobre la farola: 1643662;10/02/2026;10/02/2026;0;cuad59;FINALIZADA;2,936701076;-75,28906802
Febrero;1964053;1643663;062995;na;na;PRE-PODAS;18A;7;Se ha realizado el mantenimiento preventivo sobre la farola: 1643663;10/02/2026;10/02/2026;0;cuad59;FINALIZADA;2,936701076;-75,28906802
Febrero;1964051;1643664;062961;na;na;PRE-PODAS;18A;7;Se ha realizado el mantenimiento preventivo sobre la farola: 1643664;10/02/2026;10/02/2026;0;cuad59;FINALIZADA;2,936970032;-75,28910903
Febrero;1964049;1643665;062969;na;na;PRE-PODAS;18A;7;Se ha realizado el mantenimiento preventivo sobre la farola: 1643665;10/02/2026;10/02/2026;0;cuad59;FINALIZADA;2,936970032;-75,28910903
Febrero;1964047;1643666;062975;na;na;PRE-PODAS;18A;7;Se ha realizado el mantenimiento preventivo sobre la farola: 1643666;10/02/2026;10/02/2026;0;cuad59;FINALIZADA;2,937244052;-75,289155
Febrero;1964048;1643667;030819;na;na;PRE-PODAS;18A;7;Se ha realizado el mantenimiento preventivo sobre la farola: 1643667;10/02/2026;10/02/2026;0;cuad59;FINALIZADA;2,937244052;-75,289155
Febrero;1964046;1643668;062963;na;na;PRE-PODAS;18A;7;Se ha realizado el mantenimiento preventivo sobre la farola: 1643668;10/02/2026;10/02/2026;0;cuad59;FINALIZADA;2,93752404;-75,289215
Febrero;1964023;1643669;062965;na;na;PRE-PODAS;18A;7;Se ha realizado el mantenimiento preventivo sobre la farola: 1643669;10/02/2026;10/02/2026;0;cuad59;FINALIZADA;2,93752404;-75,289215
Febrero;1964054;1643672;030817;na;na;PRE-PODAS;18;7;Se ha realizado el mantenimiento preventivo sobre la farola: 1643672;10/02/2026;10/02/2026;0;cuad59;FINALIZADA;2,935861096;-75,288952
Febrero;1964055;1643673;030810;na;na;PRE-PODAS;18;7;Se ha realizado el mantenimiento preventivo sobre la farola: 1643673;10/02/2026;10/02/2026;0;cuad59;FINALIZADA;2,935861096;-75,288952
Febrero;1964057;1643674;062940;na;na;PRE-PODAS;18;7;Se ha realizado el mantenimiento preventivo sobre la farola: 1643674;10/02/2026;10/02/2026;0;cuad59;FINALIZADA;2,935583093;-75,28891503
Febrero;1964058;1643675;062918;na;na;PRE-PODAS;18;7;Se ha realizado el mantenimiento preventivo sobre la farola: 1643675;10/02/2026;10/02/2026;0;cuad59;FINALIZADA;2,935583093;-75,28891503
Febrero;1968655;1643676;062913;na;na;PRE-PODAS;18;7;Se ha realizado el mantenimiento preventivo sobre la farola: 1643676;13/02/2026;13/02/2026;0;cuad59;FINALIZADA;2,935255066;-75,28885196
Febrero;1968656;1643677;062927;na;na;PRE-PODAS;18;7;Se ha realizado el mantenimiento preventivo sobre la farola: 1643677;13/02/2026;13/02/2026;0;cuad59;FINALIZADA;2,935255066;-75,28885196
Febrero;1968679;1644456;062932;na;na;PRE-PODAS;15;7;Se ha realizado el mantenimiento preventivo sobre la farola: 1644456;13/02/2026;13/02/2026;0;cuad59;FINALIZADA;2,933279042;-75,288454
Febrero;1968680;1644457;030806;na;na;PRE-PODAS;15;7;Se ha realizado el mantenimiento preventivo sobre la farola: 1644457;13/02/2026;13/02/2026;0;cuad59;FINALIZADA;2,933279042;-75,288454
Febrero;1968682;1644458;062972;na;na;PRE-PODAS;15;7;Se ha realizado el mantenimiento preventivo sobre la farola: 1644458;13/02/2026;13/02/2026;0;cuad59;FINALIZADA;2,933070072;-75,288395
Febrero;1968681;1644459;030820;na;na;PRE-PODAS;15;7;Se ha realizado el mantenimiento preventivo sobre la farola: 1644459;13/02/2026;13/02/2026;0;cuad59;FINALIZADA;2,933070072;-75,288395
Febrero;1968675;1644462;062922;na;na;PRE-PODAS;15;7;Se ha realizado el mantenimiento preventivo sobre la farola: 1644462;13/02/2026;13/02/2026;0;cuad59;FINALIZADA;2,93382707;-75,28859496
Febrero;1968678;1644463;062990;na;na;PRE-PODAS;15;7;Se ha realizado el mantenimiento preventivo sobre la farola: 1644463;13/02/2026;13/02/2026;0;cuad59;FINALIZADA;2,93382707;-75,28859496
Febrero;1968665;1644468;062939;na;na;PRE-PODAS;16;7;Se ha realizado el mantenimiento preventivo sobre la farola: 1644468;13/02/2026;13/02/2026;0;cuad59;FINALIZADA;2,934694087;-75,28876597
Febrero;1968663;1644469;062970;na;na;PRE-PODAS;16;7;Se ha realizado el mantenimiento preventivo sobre la farola: 1644469;13/02/2026;13/02/2026;0;cuad59;FINALIZADA;2,934694087;-75,28876597
Febrero;1968661;1644470;062916;na;na;PRE-PODAS;16;7;Se ha realizado el mantenimiento preventivo sobre la farola: 1644470;13/02/2026;13/02/2026;0;cuad59;FINALIZADA;2,935030077;-75,28881798
Febrero;1968658;1644471;062926;na;na;PRE-PODAS;16;7;Se ha realizado el mantenimiento preventivo sobre la farola: 1644471;13/02/2026;13/02/2026;0;cuad59;FINALIZADA;2,935030077;-75,28881798
Febrero;1965293;1645465;030261;na;na;PRE-PODAS;19;10;Se ha realizado el mantenimiento preventivo sobre la farola: 1645465;11/02/2026;12/02/2026;1;cuad59;FINALIZADA;2,91107151;-75,27916454
Febrero;1967197;1645466;029960;na;na;PRE-PODAS;19;10;Se ha realizado el mantenimiento preventivo sobre la farola: 1645466;12/02/2026;12/02/2026;0;cuad59;FINALIZADA;2,91107151;-75,27916454
Febrero;1965296;1645504;030267;na;na;PRE-PODAS;6;7;Se ha realizado el mantenimiento preventivo sobre la farola: 1645504;11/02/2026;12/02/2026;1;cuad59;FINALIZADA;2,915758079;-75,283064
Febrero;1965295;1645505;038818;na;na;PRE-PODAS;6;7;Se ha realizado el mantenimiento preventivo sobre la farola: 1645505;11/02/2026;12/02/2026;1;cuad59;FINALIZADA;2,915536115;-75,28287004
Febrero;1967198;1651140;030427;na;na;PRE-PODAS;4;10;Se ha realizado el mantenimiento preventivo sobre la farola: 1651140;12/02/2026;12/02/2026;0;cuad59;FINALIZADA;2,91432853;-75,28218169
Febrero;1965294;1651141;038951;na;na;PRE-PODAS;4;10;Se ha realizado el mantenimiento preventivo sobre la farola: 1651141;11/02/2026;12/02/2026;1;cuad59;FINALIZADA;2,91432853;-75,28218169
Febrero;1968633;1667834;024562;na;na;PRE-PODAS;20SUR;17;Se ha realizado el mantenimiento preventivo sobre la farola: 1667834;13/02/2026;13/02/2026;0;cuad59;FINALIZADA;2,91141903;-75,27776497
Febrero;1965275;1667841;023483;na;na;PRE-PODAS;20SUR;17;Se ha realizado el mantenimiento preventivo sobre la farola: 1667841;11/02/2026;13/02/2026;2;cuad59;FINALIZADA;2,911269112;-75,27758067
Febrero;1965278;1667842;024568;na;na;PRE-PODAS;20SUR;15;Se ha realizado el mantenimiento preventivo sobre la farola: 1667842;11/02/2026;13/02/2026;2;cuad59;FINALIZADA;2,911323555;-75,27778343
Febrero;1965279;1667844;009944;na;na;PRE-PODAS;20SUR;15;Se ha realizado el mantenimiento preventivo sobre la farola: 1667844;11/02/2026;13/02/2026;2;cuad59;FINALIZADA;2,911607075;-75,278296
Febrero;1967202;1667851;024556;na;na;PRE-PODAS;20SUR;15;Se ha realizado el mantenimiento preventivo sobre la farola: 1667851;12/02/2026;12/02/2026;0;cuad59;FINALIZADA;2,911989086;-75,27847102
Febrero;1967210;1667852;024521;na;na;PRE-PODAS;20SUR;15;Se ha realizado el mantenimiento preventivo sobre la farola: 1667852;12/02/2026;12/02/2026;0;cuad59;FINALIZADA;2,911919041;-75,27855604
Febrero;1967211;1667853;024564;na;na;PRE-PODAS;20SUR;15;Se ha realizado el mantenimiento preventivo sobre la farola: 1667853;12/02/2026;12/02/2026;0;cuad59;FINALIZADA;2,911834088;-75,27856402
Febrero;1965280;1667854;023456;na;na;PRE-PODAS;16SUR;15;Se ha realizado el mantenimiento preventivo sobre la farola: 1667854;11/02/2026;12/02/2026;1;cuad59;FINALIZADA;2,911750106;-75,27866802
Febrero;1967212;1667855;023418;na;na;PRE-PODAS;16SUR;15;Se ha realizado el mantenimiento preventivo sobre la farola: 1667855;12/02/2026;12/02/2026;0;cuad59;FINALIZADA;2,911750106;-75,27866802
Febrero;1967199;1667856;024567;na;na;PRE-PODAS;16SUR;15;Se ha realizado el mantenimiento preventivo sobre la farola: 1667856;12/02/2026;12/02/2026;0;cuad59;FINALIZADA;2,912078117;-75,27843397
Febrero;1967200;1667857;023428;na;na;PRE-PODAS;16SUR;15;Se ha realizado el mantenimiento preventivo sobre la farola: 1667857;12/02/2026;12/02/2026;0;cuad59;FINALIZADA;2,912220072;-75,27840296
Febrero;1965284;1667858;023488;na;na;PRE-PODAS;16SUR;15;Se ha realizado el mantenimiento preventivo sobre la farola: 1667858;11/02/2026;12/02/2026;1;cuad59;FINALIZADA;2,91224305;-75,27840603
Febrero;1965274;1668547;025181;na;na;PRE-PODAS;20SUR;20;Se ha realizado el mantenimiento preventivo sobre la farola: 1668547;11/02/2026;13/02/2026;2;cuad59;FINALIZADA;2,911155068;-75,27691602
Febrero;1965273;1668549;025366;na;na;PRE-PODAS;20SUR;20;Se ha realizado el mantenimiento preventivo sobre la farola: 1668549;11/02/2026;13/02/2026;2;cuad59;FINALIZADA;2,910869056;-75,27706604
Febrero;1964119;1671088;036366;na;na;PRE-PODAS;24;21;Se ha realizado el mantenimiento preventivo sobre la farola: 1671088;10/02/2026;11/02/2026;1;cuad59;FINALIZADA;2,907288115;-75,27583296
Febrero;1964106;1671112;031509;na;na;PRE-PODAS;23A;23;Se ha realizado el mantenimiento preventivo sobre la farola: 1671112;10/02/2026;11/02/2026;1;cuad59;FINALIZADA;2,906694036;-75,27421
Febrero;1964104;1671114;039709;na;na;PRE-PODAS;23A;23;Se ha realizado el mantenimiento preventivo sobre la farola: 1671114;10/02/2026;11/02/2026;1;cuad59;FINALIZADA;2,906910044;-75,27471602
Febrero;1965124;1671132;036307;na;na;PRE-PODAS;25A;23;Se ha realizado el mantenimiento preventivo sobre la farola: 1671132;11/02/2026;11/02/2026;0;cuad59;FINALIZADA;2,906552064;-75,275053
Febrero;1964114;1671144;035963;na;na;PRE-PODAS;22A;23;Se ha realizado el mantenimiento preventivo sobre la farola: 1671144;10/02/2026;11/02/2026;1;cuad59;FINALIZADA;2,907608071;-75,27449996
Febrero;1964101;1671170;039530;na;na;PRE-PODAS;24A;23A;Se ha realizado el mantenimiento preventivo sobre la farola: 1671170;10/02/2026;11/02/2026;1;cuad59;FINALIZADA;2,906362091;-75,27425401
Febrero;1964118;1671173;039533;na;na;PRE-PODAS;22A;24;Se ha realizado el mantenimiento preventivo sobre la farola: 1671173;10/02/2026;11/02/2026;1;cuad59;FINALIZADA;2,907892035;-75,27347298
Febrero;1964110;1671180;039459;na;na;PRE-PODAS;23;23A;Se ha realizado el mantenimiento preventivo sobre la farola: 1671180;10/02/2026;11/02/2026;1;cuad59;FINALIZADA;2,907276062;-75,27370004
Febrero;1964100;1671441;036383;na;na;PRE-PODAS;24A;25;Se ha realizado el mantenimiento preventivo sobre la farola: 1671441;10/02/2026;11/02/2026;1;cuad59;FINALIZADA;2,90600105;-75,27304097
Febrero;1964099;1671552;006766;na;na;PRE-PODAS;26;22;Se ha realizado el mantenimiento preventivo sobre la farola: 1671552;10/02/2026;11/02/2026;1;cuad59;FINALIZADA;2,905509071;-75,27602401
Febrero;1964116;1671561;039411;na;na;PRE-PODAS;22;22;Se ha realizado el mantenimiento preventivo sobre la farola: 1671561;10/02/2026;11/02/2026;1;cuad59;FINALIZADA;2,908355054;-75,27460803
Febrero;1965277;1721589;023495;na;na;PRE-PODAS;TIMANCO;TIMANCO;Se ha realizado el mantenimiento preventivo sobre la farola: 1721589;11/02/2026;13/02/2026;2;cuad59;FINALIZADA;2,911366031;-75,27770098
Febrero;1967196;1731955;029551;na;na;PRE-PODAS;ANDALUCIA;ANDALUCIA;Se ha realizado el mantenimiento preventivo sobre la farola: 1731955;12/02/2026;12/02/2026;0;cuad59;FINALIZADA;2,915784055;-75,28301803
Febrero;1967194;1731956;038507;na;na;PRE-PODAS;ANDALUCIA;ANDALUCIA;Se ha realizado el mantenimiento preventivo sobre la farola: 1731956;12/02/2026;12/02/2026;0;cuad59;FINALIZADA;2,915548424;-75,2828506
Enero;1949487;1635320;003346;LED;27,8;PRE-PODAS;22;8A;Se ha realizado el mantenimiento preventivo sobre la farola: 1635320;26/01/2026;26/01/2026;0;cuad59;FINALIZADA;2,93953906;-75,28645598
Enero;1938676;1635504;023022;LED;37;PRE-PODAS;20;27;Se ha realizado el mantenimiento preventivo sobre la farola: 1635504;13/01/2026;13/01/2026;0;cuad62-podas;FINALIZADA;2,94050703;-75,27006301
Enero;1948958;1635605;026693;LED;60,2;PRE-PODAS;9;3;Se ha realizado el mantenimiento preventivo sobre la farola: 1635605;26/01/2026;26/01/2026;0;cuad59;FINALIZADA;2,928235;-75,291463
Enero;1940776;1636070;009046;LED;27,8;PRE-PODAS;6;17;Se ha realizado el mantenimiento preventivo sobre la farola: 1636070;15/01/2026;16/01/2026;1;cuad62-podas;FINALIZADA;2,928789;-75,277165
Enero;1949498;1636447;004955;LED;27,8;PRE-PODAS;4;AV;Se ha realizado el mantenimiento preventivo sobre la farola: 1636447;26/01/2026;28/01/2026;2;cuad59;FINALIZADA;2,922361154;-75,29199436
Enero;1949507;1636456;021045;LED;37;PRE-PODAS;16;19;Se ha realizado el mantenimiento preventivo sobre la farola: 1636456;26/01/2026;27/01/2026;1;cuad59;FINALIZADA;2,922118039;-75,27496302
Enero;1953136;1640777;028039;LED;74,1;PRE-PODAS;21;14;Se ha realizado el mantenimiento preventivo sobre la farola: 1640777;29/01/2026;30/01/2026;1;cuad59;FINALIZADA;2,940102099;-75,28309801
Enero;1953644;1640778;028092;LED;74,1;PRE-PODAS;21;14;Se ha realizado el mantenimiento preventivo sobre la farola: 1640778;30/01/2026;30/01/2026;0;cuad59;FINALIZADA;2,940102099;-75,28309801
Enero;1938821;1641578;025876;LED;60,2;PRE-PODAS;CARRERA;36;Se ha realizado el mantenimiento preventivo sobre la farola: 1641578;13/01/2026;13/01/2026;0;cuad62-podas;FINALIZADA;2,941382036;-75,26335202
Enero;1940779;1641908;015866;LED;27,8;PRE-PODAS;6;20;Se ha realizado el mantenimiento preventivo sobre la farola: 1641908;15/01/2026;16/01/2026;1;cuad62-podas;FINALIZADA;2,929622081;-75,27520303
Enero;1946836;1641950;008014;LED;27,8;PRE-PODAS;8;11;Se ha realizado el mantenimiento preventivo sobre la farola: 1641950;22/01/2026;23/01/2026;1;cuad62-podas;FINALIZADA;2,929391034;-75,28310206
Enero;1940758;1641978;025302;LED;60,2;PRE-PODAS;7;17;Se ha realizado el mantenimiento preventivo sobre la farola: 1641978;15/01/2026;15/01/2026;0;cuad62-podas;FINALIZADA;2,93016503;-75,278321
Enero;1939839;1641979;025309;LED;60,2;PRE-PODAS;7;17;Se ha realizado el mantenimiento preventivo sobre la farola: 1641979;14/01/2026;15/01/2026;1;cuad62-podas;FINALIZADA;2,93016503;-75,278321
Enero;1939840;1641980;025304;LED;60,2;PRE-PODAS;7;17;Se ha realizado el mantenimiento preventivo sobre la farola: 1641980;14/01/2026;15/01/2026;1;cuad62-podas;FINALIZADA;2,930057055;-75,27850202
Enero;1940755;1641981;025305;LED;60,2;PRE-PODAS;7;17;Se ha realizado el mantenimiento preventivo sobre la farola: 1641981;15/01/2026;15/01/2026;0;cuad62-podas;FINALIZADA;2,930057055;-75,27850202
Enero;1940754;1641982;025311;LED;60,2;PRE-PODAS;7;17;Se ha realizado el mantenimiento preventivo sobre la farola: 1641982;15/01/2026;15/01/2026;0;cuad62-podas;FINALIZADA;2,929950077;-75,27866999
Enero;1939841;1641983;025315;LED;60,2;PRE-PODAS;7;17;Se ha realizado el mantenimiento preventivo sobre la farola: 1641983;14/01/2026;15/01/2026;1;cuad62-podas;FINALIZADA;2,929950077;-75,27866999
Enero;1939837;1641986;025313;LED;60,2;PRE-PODAS;7;17;Se ha realizado el mantenimiento preventivo sobre la farola: 1641986;14/01/2026;15/01/2026;1;cuad62-podas;FINALIZADA;2,930190046;-75,278136
Enero;1940760;1641987;025310;LED;60,2;PRE-PODAS;7;17;Se ha realizado el mantenimiento preventivo sobre la farola: 1641987;15/01/2026;15/01/2026;0;cuad62-podas;FINALIZADA;2,930190046;-75,278136
Enero;1939836;1641988;025317;LED;60,2;PRE-PODAS;7;17;Se ha realizado el mantenimiento preventivo sobre la farola: 1641988;14/01/2026;15/01/2026;1;cuad62-podas;FINALIZADA;2,930313055;-75,27789298
Enero;1940761;1641989;025314;LED;60,2;PRE-PODAS;7;17;Se ha realizado el mantenimiento preventivo sobre la farola: 1641989;15/01/2026;15/01/2026;0;cuad62-podas;FINALIZADA;2,930313055;-75,27789298
Enero;1939833;1641990;025301;LED;60,2;PRE-PODAS;7;17;Se ha realizado el mantenimiento preventivo sobre la farola: 1641990;14/01/2026;15/01/2026;1;cuad62-podas;FINALIZADA;2,930380046;-75,27771996
Enero;1940762;1641991;025306;LED;60,2;PRE-PODAS;7;17;Se ha realizado el mantenimiento preventivo sobre la farola: 1641991;15/01/2026;15/01/2026;0;cuad62-podas;FINALIZADA;2,930380046;-75,27771996
Enero;1941797;1642128;029589;LED;92,6;PRE-PODAS;8;21;Se ha realizado el mantenimiento preventivo sobre la farola: 1642128;16/01/2026;16/01/2026;0;cuad62-podas;FINALIZADA;2,93183171;-75,27601266
Enero;1953111;1642168;028366;LED;74,1;PRE-PODAS;16;12;Se ha realizado el mantenimiento preventivo sobre la farola: 1642168;29/01/2026;29/01/2026;0;cuad59;FINALIZADA;2,935023073;-75,28368801
Enero;1953109;1642169;028399;LED;74,1;PRE-PODAS;16;12;Se ha realizado el mantenimiento preventivo sobre la farola: 1642169;29/01/2026;29/01/2026;0;cuad59;FINALIZADA;2,935023073;-75,28368801
Enero;1953108;1642172;028367;LED;74,1;PRE-PODAS;17;12;Se ha realizado el mantenimiento preventivo sobre la farola: 1642172;29/01/2026;29/01/2026;0;cuad59;FINALIZADA;2,935579055;-75,28386299
Enero;1953107;1642173;028385;LED;74,1;PRE-PODAS;17;12;Se ha realizado el mantenimiento preventivo sobre la farola: 1642173;29/01/2026;29/01/2026;0;cuad59;FINALIZADA;2,935579055;-75,28386299
Enero;1951636;1642197;028303;LED;74,1;PRE-PODAS;18;12;Se ha realizado el mantenimiento preventivo sobre la farola: 1642197;28/01/2026;28/01/2026;0;cuad59;FINALIZADA;2,937313052;-75,28435204
Enero;1951635;1642198;028394;LED;74,1;PRE-PODAS;18;12;Se ha realizado el mantenimiento preventivo sobre la farola: 1642198;28/01/2026;28/01/2026;0;cuad59;FINALIZADA;2,937313052;-75,28435204
Enero;1940772;1642221;037155;LED;74,1;PRE-PODAS;6;17;Se ha realizado el mantenimiento preventivo sobre la farola: 1642221;15/01/2026;16/01/2026;1;cuad62-podas;FINALIZADA;2,928893;-75,277094
Enero;1940777;1642222;037264;LED;74,1;PRE-PODAS;6;17;Se ha realizado el mantenimiento preventivo sobre la farola: 1642222;15/01/2026;16/01/2026;1;cuad62-podas;FINALIZADA;2,928919;-75,277095
Enero;1940774;1642223;037168;LED;74,1;PRE-PODAS;6;17;Se ha realizado el mantenimiento preventivo sobre la farola: 1642223;15/01/2026;16/01/2026;1;cuad62-podas;FINALIZADA;2,928832;-75,277291
Enero;1941796;1642224;037185;LED;74,1;PRE-PODAS;6;17;Se ha realizado el mantenimiento preventivo sobre la farola: 1642224;16/01/2026;16/01/2026;0;cuad62-podas;FINALIZADA;2,928827;-75,277312
Enero;1948058;1642263;037146;LED;74,1;PRE-PODAS;6;12;Se ha realizado el mantenimiento preventivo sobre la farola: 1642263;23/01/2026;23/01/2026;0;cuad62-podas;FINALIZADA;2,92814615;-75,27958111
Enero;1948063;1642264;037151;LED;74,1;PRE-PODAS;6;12;Se ha realizado el mantenimiento preventivo sobre la farola: 1642264;23/01/2026;23/01/2026;0;cuad62-podas;FINALIZADA;2,92739821;-75,2822615
Enero;1946250;1642297;024124;LED;46,3;PRE-PODAS;3A;15;Se ha realizado el mantenimiento preventivo sobre la farola: 1642297;21/01/2026;22/01/2026;1;cuad62-podas;FINALIZADA;2,924571109;-75,27867901
Enero;1953138;1643583;040093;LED;106,5;PRE-PODAS;25;16;Se ha realizado el mantenimiento preventivo sobre la farola: 1643583;29/01/2026;30/01/2026;1;cuad59;FINALIZADA;2,942668099;-75,28235098
Enero;1953141;1643584;040086;LED;106,5;PRE-PODAS;25;16;Se ha realizado el mantenimiento preventivo sobre la farola: 1643584;29/01/2026;30/01/2026;1;cuad59;FINALIZADA;2,942668099;-75,28235098
Enero;1937784;1643964;069471;LED;74,1;PRE-PODAS;19;40;Se ha realizado el mantenimiento preventivo sobre la farola: 1643964;09/01/2026;10/01/2026;1;cuad62-podas;FINALIZADA;2,940335091;-75,25924201
Enero;1936139;1643965;069878;LED;74,1;PRE-PODAS;19;40;Se ha realizado el mantenimiento preventivo sobre la farola: 1643965;07/01/2026;10/01/2026;3;cuad62-podas;FINALIZADA;2,940335091;-75,25924201
Enero;1938372;1644005;068303;LED;92,6;PRE-PODAS;19;32;Se ha realizado el mantenimiento preventivo sobre la farola: 1644005;12/01/2026;13/01/2026;1;cuad62-podas;FINALIZADA;2,94075273;-75,26710114
Enero;1938823;1644006;068390;LED;92,6;PRE-PODAS;19;32;Se ha realizado el mantenimiento preventivo sobre la farola: 1644006;13/01/2026;13/01/2026;0;cuad62-podas;FINALIZADA;2,94075273;-75,26710114
Enero;1938373;1644007;068387;LED;92,6;PRE-PODAS;19;31;Se ha realizado el mantenimiento preventivo sobre la farola: 1644007;12/01/2026;13/01/2026;1;cuad62-podas;FINALIZADA;2,9407412;-75,26740527
Enero;1938859;1644008;068364;LED;92,6;PRE-PODAS;19;31;Se ha realizado el mantenimiento preventivo sobre la farola: 1644008;13/01/2026;13/01/2026;0;cuad62-podas;FINALIZADA;2,9407412;-75,26740527
Enero;1939803;1644037;037360;LED;74,1;PRE-PODAS;20;25;Se ha realizado el mantenimiento preventivo sobre la farola: 1644037;14/01/2026;14/01/2026;0;cuad62-podas;FINALIZADA;2,94079115;-75,27158881
Enero;1939036;1644038;037284;LED;74,1;PRE-PODAS;20;25;Se ha realizado el mantenimiento preventivo sobre la farola: 1644038;13/01/2026;14/01/2026;1;cuad62-podas;FINALIZADA;2,94079115;-75,27158881
Enero;1939037;1644043;037560;LED;74,1;PRE-PODAS;20;25;Se ha realizado el mantenimiento preventivo sobre la farola: 1644043;13/01/2026;14/01/2026;1;cuad62-podas;FINALIZADA;2,94082305;-75,27229681
Enero;1939039;1644044;037563;LED;74,1;PRE-PODAS;20;25;Se ha realizado el mantenimiento preventivo sobre la farola: 1644044;13/01/2026;14/01/2026;1;cuad62-podas;FINALIZADA;2,94082305;-75,27229681
Enero;1939799;1644045;037535;LED;74,1;PRE-PODAS;20;24;Se ha realizado el mantenimiento preventivo sobre la farola: 1644045;14/01/2026;14/01/2026;0;cuad62-podas;FINALIZADA;2,94083087;-75,27248894
Enero;1939040;1644046;037411;LED;74,1;PRE-PODAS;20;24;Se ha realizado el mantenimiento preventivo sobre la farola: 1644046;13/01/2026;14/01/2026;1;cuad62-podas;FINALIZADA;2,94083087;-75,27248894
Enero;1949500;1644314;027214;LED;60,2;PRE-PODAS;8;5;Se ha realizado el mantenimiento preventivo sobre la farola: 1644314;26/01/2026;28/01/2026;2;cuad59;FINALIZADA;2,927113071;-75,28850803
Enero;1939048;1644706;054039;LED;46,3;PRE-PODAS;16;17;Se ha realizado el mantenimiento preventivo sobre la farola: 1644706;13/01/2026;14/01/2026;1;cuad62-podas;FINALIZADA;2,93533564;-75,2794811
Enero;1939796;1644726;063021;LED;60,2;PRE-PODAS;18;19;Se ha realizado el mantenimiento preventivo sobre la farola: 1644726;14/01/2026;14/01/2026;0;cuad62-podas;FINALIZADA;2,93779907;-75,27924299
Enero;1939046;1644727;063022;LED;60,2;PRE-PODAS;18;19;Se ha realizado el mantenimiento preventivo sobre la farola: 1644727;13/01/2026;14/01/2026;1;cuad62-podas;FINALIZADA;2,93779907;-75,27924299
Enero;1940767;1644871;041048;LED;37;PRE-PODAS;6;16;Se ha realizado el mantenimiento preventivo sobre la farola: 1644871;15/01/2026;16/01/2026;1;cuad62-podas;FINALIZADA;2,928859094;-75,27870598
Enero;1951633;1644955;038560;LED;92,6;PRE-PODAS;13;9;Se ha realizado el mantenimiento preventivo sobre la farola: 1644955;28/01/2026;28/01/2026;0;cuad59;FINALIZADA;2,932915077;-75,28496102
Enero;1949511;1644956;001290;LED;92,6;PRE-PODAS;13;9;Se ha realizado el mantenimiento preventivo sobre la farola: 1644956;26/01/2026;28/01/2026;2;cuad59;FINALIZADA;2,932915077;-75,28496102
Enero;1951634;1644963;063424;LED;92,6;PRE-PODAS;12;9;Se ha realizado el mantenimiento preventivo sobre la farola: 1644963;28/01/2026;28/01/2026;0;cuad59;FINALIZADA;2,931802099;-75,28504298
Enero;1949512;1644964;038585;LED;92,6;PRE-PODAS;12;9;Se ha realizado el mantenimiento preventivo sobre la farola: 1644964;26/01/2026;28/01/2026;2;cuad59;FINALIZADA;2,931802099;-75,28504298
Enero;1941798;1645038;040187;LED;106,5;PRE-PODAS;3;15;Se ha realizado el mantenimiento preventivo sobre la farola: 1645038;16/01/2026;16/01/2026;0;cuad62-podas;FINALIZADA;2,925436057;-75,27917098
Enero;1941494;1645039;062936;LED;106,5;PRE-PODAS;3;15;Se ha realizado el mantenimiento preventivo sobre la farola: 1645039;16/01/2026;16/01/2026;0;cuad62-podas;FINALIZADA;2,925436057;-75,27917098
Enero;1948956;1646277;021066;LED;37;PRE-PODAS;12;1G;Se ha realizado el mantenimiento preventivo sobre la farola: 1646277;26/01/2026;28/01/2026;2;cuad59;FINALIZADA;2,928289105;-75,29432096
Enero;1939797;1646293;024560;LED;46,3;PRE-PODAS;18;19;Se ha realizado el mantenimiento preventivo sobre la farola: 1646293;14/01/2026;14/01/2026;0;cuad62-podas;FINALIZADA;2,937676096;-75,27867802
Enero;1937144;1647620;020968;LED;37;PRE-PODAS;CARRERA;CALLE;Se ha realizado el mantenimiento preventivo sobre la farola: 1647620;09/01/2026;10/01/2026;1;cuad62-podas;FINALIZADA;2,936669071;-75,26002601
Enero;1949499;1648349;026819;LED;60,2;PRE-PODAS;CARRERA;CALLE;Se ha realizado el mantenimiento preventivo sobre la farola: 1648349;26/01/2026;28/01/2026;2;cuad59;FINALIZADA;2,927229092;-75,28835896
Enero;1948950;1652714;006464;LED;27,8;PRE-PODAS;22;8B;Se ha realizado el mantenimiento preventivo sobre la farola: 1652714;26/01/2026;26/01/2026;0;cuad59;FINALIZADA;2,939335063;-75,28641102
Enero;1936142;1653182;010225;LED;27,8;PRE-PODAS;15A;38;Se ha realizado el mantenimiento preventivo sobre la farola: 1653182;07/01/2026;09/01/2026;2;cuad62-podas;FINALIZADA;2,937976116;-75,26107003
Enero;1953115;1653642;015759;LED;27,8;PRE-PODAS;16;12;Se ha realizado el mantenimiento preventivo sobre la farola: 1653642;29/01/2026;29/01/2026;0;cuad59;FINALIZADA;2,935000107;-75,28363896
Enero;1938677;1653652;053009;LED;37;PRE-PODAS;19;27;Se ha realizado el mantenimiento preventivo sobre la farola: 1653652;13/01/2026;13/01/2026;0;cuad62-podas;FINALIZADA;2,939664097;-75,27091496
Enero;1941495;1653741;026115;LED;60,2;PRE-PODAS;3;15;Se ha realizado el mantenimiento preventivo sobre la farola: 1653741;16/01/2026;16/01/2026;0;cuad62-podas;FINALIZADA;2,925055038;-75,27937496
Enero;1948951;1660752;025687;LED;60,2;PRE-PODAS;19;7A;Se ha realizado el mantenimiento preventivo sobre la farola: 1660752;26/01/2026;26/01/2026;0;cuad59;FINALIZADA;2,937201103;-75,28766701
Enero;1948952;1660759;019879;LED;37;PRE-PODAS;19;8;Se ha realizado el mantenimiento preventivo sobre la farola: 1660759;26/01/2026;26/01/2026;0;cuad59;FINALIZADA;2,936877057;-75,287254
Enero;1948953;1660810;066226;LED;60,2;PRE-PODAS;17;7;Se ha realizado el mantenimiento preventivo sobre la farola: 1660810;26/01/2026;26/01/2026;0;cuad59;FINALIZADA;2,935220054;-75,28815503
Enero;1936137;1663250;010354;LED;27,8;PRE-PODAS;17;47;Se ha realizado el mantenimiento preventivo sobre la farola: 1663250;07/01/2026;09/01/2026;2;cuad62-podas;FINALIZADA;2,937948117;-75,25264401
Enero;1936133;1663287;019683;LED;37;PRE-PODAS;17A;48;Se ha realizado el mantenimiento preventivo sobre la farola: 1663287;07/01/2026;09/01/2026;2;cuad62-podas;FINALIZADA;2,938326091;-75,25108503
Enero;1936475;1663353;012003;LED;27,8;PRE-PODAS;18B;42;Se ha realizado el mantenimiento preventivo sobre la farola: 1663353;08/01/2026;09/01/2026;1;cuad62-podas;FINALIZADA;2,938851046;-75,25798504
Enero;1936138;1663380;035019;LED;37;PRE-PODAS;18A;42;Se ha realizado el mantenimiento preventivo sobre la farola: 1663380;07/01/2026;09/01/2026;2;cuad62-podas;FINALIZADA;2,938287073;-75,25791499
Enero;1936134;1663381;035040;LED;37;PRE-PODAS;18A;42;Se ha realizado el mantenimiento preventivo sobre la farola: 1663381;07/01/2026;09/01/2026;2;cuad62-podas;FINALIZADA;2,938489099;-75,25788598
Enero;1936135;1663413;007929;LED;27,8;PRE-PODAS;18;41;Se ha realizado el mantenimiento preventivo sobre la farola: 1663413;07/01/2026;09/01/2026;2;cuad62-podas;FINALIZADA;2,937573115;-75,25934
Enero;1937146;1663441;018984;LED;27,8;PRE-PODAS;15A;39;Se ha realizado el mantenimiento preventivo sobre la farola: 1663441;09/01/2026;10/01/2026;1;cuad62-podas;FINALIZADA;2,936355055;-75,26000803
Enero;1936141;1663450;007924;LED;27,8;PRE-PODAS;18A;39;Se ha realizado el mantenimiento preventivo sobre la farola: 1663450;07/01/2026;09/01/2026;2;cuad62-podas;FINALIZADA;2,938471072;-75,26147004
Enero;1938367;1663503;018847;LED;27,8;PRE-PODAS;12;38;Se ha realizado el mantenimiento preventivo sobre la farola: 1663503;12/01/2026;13/01/2026;1;cuad62-podas;FINALIZADA;2,934811056;-75,26326202
Enero;1937994;1663521;022940;LED;37;PRE-PODAS;12;38;Se ha realizado el mantenimiento preventivo sobre la farola: 1663521;10/01/2026;10/01/2026;0;cuad62-podas;FINALIZADA;2,935573117;-75,262734
Enero;1938368;1663561;018822;LED;27,8;PRE-PODAS;11;39;Se ha realizado el mantenimiento preventivo sobre la farola: 1663561;12/01/2026;13/01/2026;1;cuad62-podas;FINALIZADA;2,934236109;-75,26177401
Enero;1937137;1663954;023849;LED;46,3;PRE-PODAS;20A;42;Se ha realizado el mantenimiento preventivo sobre la farola: 1663954;09/01/2026;10/01/2026;1;cuad62-podas;FINALIZADA;2,941574034;-75,257865
Enero;1936140;1664099;008235;LED;27,8;PRE-PODAS;18;40;Se ha realizado el mantenimiento preventivo sobre la farola: 1664099;07/01/2026;09/01/2026;2;cuad62-podas;FINALIZADA;2,93775106;-75,25976899
Enero;1938365;1664528;023463;LED;46,3;PRE-PODAS;9;31A;Se ha realizado el mantenimiento preventivo sobre la farola: 1664528;12/01/2026;13/01/2026;1;cuad62-podas;FINALIZADA;2,931990043;-75,26471901
Enero;1938830;1664560;024864;LED;46,3;PRE-PODAS;12;34;Se ha realizado el mantenimiento preventivo sobre la farola: 1664560;13/01/2026;13/01/2026;0;cuad62-podas;FINALIZADA;2,934119028;-75,26412597
Enero;1948957;1664943;008608;LED;27,8;PRE-PODAS;11;1G;Se ha realizado el mantenimiento preventivo sobre la farola: 1664943;26/01/2026;26/01/2026;0;cuad59;FINALIZADA;2,928112075;-75,29493496
Enero;1948954;1665045;025878;LED;60,2;PRE-PODAS;11;4;Se ha realizado el mantenimiento preventivo sobre la farola: 1665045;26/01/2026;26/01/2026;0;cuad59;FINALIZADA;2,930063075;-75,291059
Enero;1939804;1665251;025216;LED;60,2;PRE-PODAS;6B;24;Se ha realizado el mantenimiento preventivo sobre la farola: 1665251;14/01/2026;14/01/2026;0;cuad62-podas;FINALIZADA;2,930469036;-75,27271898
Enero;1939044;1665491;054197;LED;46,3;PRE-PODAS;17A;23;Se ha realizado el mantenimiento preventivo sobre la farola: 1665491;13/01/2026;14/01/2026;1;cuad62-podas;FINALIZADA;2,937809049;-75,27446303
Enero;1939042;1665501;007892;LED;27,8;PRE-PODAS;16;24A;Se ha realizado el mantenimiento preventivo sobre la farola: 1665501;13/01/2026;14/01/2026;1;cuad62-podas;FINALIZADA;2,937916114;-75,27283497
Enero;1940770;1665796;053366;LED;37;PRE-PODAS;6;16;Se ha realizado el mantenimiento preventivo sobre la farola: 1665796;15/01/2026;16/01/2026;1;cuad62-podas;FINALIZADA;2,9288641;-75,27858604
Enero;1940771;1665797;053376;LED;37;PRE-PODAS;6;16;Se ha realizado el mantenimiento preventivo sobre la farola: 1665797;15/01/2026;16/01/2026;1;cuad62-podas;FINALIZADA;2,928770099;-75,27859798
Enero;1941795;1665798;053370;LED;37;PRE-PODAS;6;16;Se ha realizado el mantenimiento preventivo sobre la farola: 1665798;16/01/2026;16/01/2026;0;cuad62-podas;FINALIZADA;2,928770099;-75,27859798
Enero;1946838;1665974;022961;LED;37;PRE-PODAS;8;15;Se ha realizado el mantenimiento preventivo sobre la farola: 1665974;22/01/2026;23/01/2026;1;cuad62-podas;FINALIZADA;2,930534;-75,280251
Enero;1939049;1666021;022820;LED;37;PRE-PODAS;14;16;Se ha realizado el mantenimiento preventivo sobre la farola: 1666021;13/01/2026;14/01/2026;1;cuad62-podas;FINALIZADA;2,934113049;-75,28043596
Enero;1939826;1666074;026275;LED;60,2;PRE-PODAS;11;19;Se ha realizado el mantenimiento preventivo sobre la farola: 1666074;14/01/2026;15/01/2026;1;cuad62-podas;FINALIZADA;2,933772086;-75,27784201
Enero;1949489;1666245;012276;LED;27,8;PRE-PODAS;12;8B;Se ha realizado el mantenimiento preventivo sobre la farola: 1666245;26/01/2026;26/01/2026;0;cuad59;FINALIZADA;2,932206029;-75,28545997
Enero;1940768;1666267;036766;LED;74,1;PRE-PODAS;6B;18;Se ha realizado el mantenimiento preventivo sobre la farola: 1666267;15/01/2026;16/01/2026;1;cuad62-podas;FINALIZADA;2,929692;-75,277248
Enero;1940766;1666273;054310;LED;46,3;PRE-PODAS;6;18;Se ha realizado el mantenimiento preventivo sobre la farola: 1666273;15/01/2026;16/01/2026;1;cuad62-podas;FINALIZADA;2,930161;-75,277138
Enero;1946258;1666551;024117;LED;46,3;PRE-PODAS;6A;14;Se ha realizado el mantenimiento preventivo sobre la farola: 1666551;21/01/2026;23/01/2026;2;cuad62-podas;FINALIZADA;2,928289036;-75,28126604
Enero;1946246;1666628;027060;LED;60,2;PRE-PODAS;3A;15;Se ha realizado el mantenimiento preventivo sobre la farola: 1666628;21/01/2026;23/01/2026;2;cuad62-podas;FINALIZADA;2,924696066;-75,278241
Enero;1946252;1666634;034400;LED;46,3;PRE-PODAS;3A;15;Se ha realizado el mantenimiento preventivo sobre la farola: 1666634;21/01/2026;22/01/2026;1;cuad62-podas;FINALIZADA;2,92462604;-75,27897803
Enero;1946261;1666731;030374;LED;60,2;PRE-PODAS;4;11;Se ha realizado el mantenimiento preventivo sobre la farola: 1666731;21/01/2026;23/01/2026;2;cuad62-podas;FINALIZADA;2,925447809;-75,28244447
Enero;1946837;1667460;025476;LED;60,2;PRE-PODAS;8;13;Se ha realizado el mantenimiento preventivo sobre la farola: 1667460;22/01/2026;23/01/2026;1;cuad62-podas;FINALIZADA;2,929807523;-75,28180479
Enero;1948059;1667461;025461;LED;60,2;PRE-PODAS;8;13;Se ha realizado el mantenimiento preventivo sobre la farola: 1667461;23/01/2026;23/01/2026;0;cuad62-podas;FINALIZADA;2,929807523;-75,28180479
Enero;1949506;1667720;022620;LED;37;PRE-PODAS;1C;15A;Se ha realizado el mantenimiento preventivo sobre la farola: 1667720;26/01/2026;27/01/2026;1;cuad59;FINALIZADA;2,921067107;-75,27766701
Enero;1946810;1723818;3115-35;LED;35;PRE-PODAS;CANDIDO;1A;Se ha realizado el mantenimiento preventivo sobre la farola: 1723818;22/01/2026;22/01/2026;0;cuad62-podas;FINALIZADA;2,94749565;-75,29687041
Enero;1946812;1723819;3114-35;LED;35;PRE-PODAS;CANDIDO;1A;Se ha realizado el mantenimiento preventivo sobre la farola: 1723819;22/01/2026;22/01/2026;0;cuad62-podas;FINALIZADA;2,94754754;-75,29713154
Enero;1938371;1724132;025402;LED;60,2;PRE-PODAS;ELTESORO;ELTESORO;Se ha realizado el mantenimiento preventivo sobre la farola: 1724132;12/01/2026;13/01/2026;1;cuad62-podas;FINALIZADA;2,941396056;-75,26336597
Enero;1939822;1729138;3209-35;LED;35;PRE-PODAS;PRIMERODEMAYO;CALLE;Se ha realizado el mantenimiento preventivo sobre la farola: 1729138;14/01/2026;15/01/2026;1;cuad62-podas;FINALIZADA;2,93391543;-75,27798241
Enero;1939829;1729149;31497;LED;40;PRE-PODAS;LOMADELACRUZ;CALLE;Se ha realizado el mantenimiento preventivo sobre la farola: 1729149;14/01/2026;15/01/2026;1;cuad62-podas;FINALIZADA;2,93361702;-75,27786201
Enero;1939824;1729150;31484;LED;40;PRE-PODAS;LOMADELACRUZ;CALLE;Se ha realizado el mantenimiento preventivo sobre la farola: 1729150;14/01/2026;15/01/2026;1;cuad62-podas;FINALIZADA;2,93381343;-75,2779401
Enero;1946833;1731953;037109;LED;74,1;PRE-PODAS;ALTICO;12;Se ha realizado el mantenimiento preventivo sobre la farola: 1731953;22/01/2026;23/01/2026;1;cuad62-podas;FINALIZADA;2,92739821;-75,2822615
Enero;1939047;1731965;023351;LED;46,3;PRE-PODAS;LALIBERTAD;LALIBERTAD;Se ha realizado el mantenimiento preventivo sobre la farola: 1731965;13/01/2026;14/01/2026;1;cuad62-podas;FINALIZADA;2,937663072;-75,27866398
Enero;1936132;1737248;038947;LED;92,6;PRE-PODAS;VILLACAFE;VILLACAFE;Se ha realizado el mantenimiento preventivo sobre la farola: 1737248;07/01/2026;09/01/2026;2;cuad62-podas;FINALIZADA;2,94004314;-75,25099564
Enero;1940764;1737504;029621;LED;92,6;PRE-PODAS;AVLATOMA;AV LA TOMA;Se ha realizado el mantenimiento preventivo sobre la farola: 1737504;15/01/2026;15/01/2026;0;cuad62-podas;FINALIZADA;2,932909568;-75,28274743
Enero;1953643;1739974;027311;LED;60,2;PRE-PODAS;TENERIFE;TENERIFE;Se ha realizado el mantenimiento preventivo sobre la farola: 1739974;30/01/2026;30/01/2026;0;cuad59;FINALIZADA;2,940146082;-75,28304196
Junio;2088290;1632315;064800;;;PRE;CARRERA;CALLE;Se ha realizado el mantenimiento preventivo sobre la farola: 1632315;19/06/2026;19/06/2026;0;cuad62-podas;FINALIZADA;2,904445107;-75,27172903
Junio;2082432;1636808;065112;;;PRE;4;1;Se ha realizado el mantenimiento preventivo sobre la farola: 1636808;16/06/2026;16/06/2026;0;cuad62-podas;FINALIZADA;2,866242102;-75,23751504
Junio;2082436;1636813;026525;;;PRE;4;8;Se ha realizado el mantenimiento preventivo sobre la farola: 1636813;16/06/2026;16/06/2026;0;cuad62-podas;FINALIZADA;2,864756012;-75,23058513
Junio;2080957;1643031;067631;;;PRE;CARRERA;callle;Se ha realizado el mantenimiento preventivo sobre la farola: 1643031;12/06/2026;12/06/2026;0;cuad62-podas;FINALIZADA;2,86797031;-75,23941521
Junio;2080956;1643033;067647;;;PRE;CARRERA;callle;Se ha realizado el mantenimiento preventivo sobre la farola: 1643033;12/06/2026;12/06/2026;0;cuad62-podas;FINALIZADA;2,86856736;-75,23998484
Junio;2080955;1643037;067657;;;PRE;CARRERA;callle;Se ha realizado el mantenimiento preventivo sobre la farola: 1643037;12/06/2026;12/06/2026;0;cuad62-podas;FINALIZADA;2,86937336;-75,24070065
Junio;2080954;1643039;067655;;;PRE;CARRERA;callle;Se ha realizado el mantenimiento preventivo sobre la farola: 1643039;12/06/2026;12/06/2026;0;cuad62-podas;FINALIZADA;2,86973701;-75,24104096
Junio;2080952;1643044;067771;;;PRE;CARRERA;callle;Se ha realizado el mantenimiento preventivo sobre la farola: 1643044;12/06/2026;12/06/2026;0;cuad62-podas;FINALIZADA;2,87075129;-75,2419623
Junio;2080951;1643047;067908;;;PRE;CARRERA;callle;Se ha realizado el mantenimiento preventivo sobre la farola: 1643047;12/06/2026;12/06/2026;0;cuad62-podas;FINALIZADA;2,87139153;-75,2424632
Junio;2080950;1643048;067773;;;PRE;CARRERA;callle;Se ha realizado el mantenimiento preventivo sobre la farola: 1643048;12/06/2026;12/06/2026;0;cuad62-podas;FINALIZADA;2,87160249;-75,24264827
Junio;2080949;1643049;067769;;;PRE;CARRERA;callle;Se ha realizado el mantenimiento preventivo sobre la farola: 1643049;12/06/2026;12/06/2026;0;cuad62-podas;FINALIZADA;2,87177528;-75,24285112
Junio;2078688;1643051;037405;;;PRE;CARRERA;callle;Se ha realizado el mantenimiento preventivo sobre la farola: 1643051;11/06/2026;11/06/2026;0;cuad62-podas;FINALIZADA;2,87216404;-75,243234
Junio;2078685;1643052;067939;;;PRE;CARRERA;callle;Se ha realizado el mantenimiento preventivo sobre la farola: 1643052;11/06/2026;11/06/2026;0;cuad62-podas;FINALIZADA;2,87235625;-75,24339058
Junio;2082448;1643054;067641;;;PRE;CARRERA;callle;Se ha realizado el mantenimiento preventivo sobre la farola: 1643054;16/06/2026;16/06/2026;0;cuad62-podas;FINALIZADA;2,87274267;-75,24380397
Junio;2078682;1643056;067998;;;PRE;CARRERA;callle;Se ha realizado el mantenimiento preventivo sobre la farola: 1643056;11/06/2026;11/06/2026;0;cuad62-podas;FINALIZADA;2,87312776;-75,24419457
Junio;2078681;1643057;028757;;;PRE;CARRERA;callle;Se ha realizado el mantenimiento preventivo sobre la farola: 1643057;11/06/2026;11/06/2026;0;cuad62-podas;FINALIZADA;2,873334142;-75,24434276
Junio;2078679;1643062;067999;;;PRE;CARRERA;callle;Se ha realizado el mantenimiento preventivo sobre la farola: 1643062;11/06/2026;11/06/2026;0;cuad62-podas;FINALIZADA;2,87439183;-75,24520308
Junio;2078677;1643068;069392;;;PRE;CARRERA;callle;Se ha realizado el mantenimiento preventivo sobre la farola: 1643068;11/06/2026;11/06/2026;0;cuad62-podas;FINALIZADA;2,87585347;-75,24598192
Junio;2082423;1645801;067646;;;PRE;4;1;Se ha realizado el mantenimiento preventivo sobre la farola: 1645801;16/06/2026;16/06/2026;0;cuad62-podas;FINALIZADA;2,866613;-75,238024
Junio;2082421;1645802;067654;;;PRE;4;1;Se ha realizado el mantenimiento preventivo sobre la farola: 1645802;16/06/2026;16/06/2026;0;cuad62-podas;FINALIZADA;2,866817;-75,238238
Junio;2082420;1645804;067682;;;PRE;4;1;Se ha realizado el mantenimiento preventivo sobre la farola: 1645804;16/06/2026;16/06/2026;0;cuad62-podas;FINALIZADA;2,867205;-75,238628
Junio;2090432;1645831;030088;;;PRE;CARRERA;CALLE;Se ha realizado el mantenimiento preventivo sobre la farola: 1645831;22/06/2026;22/06/2026;0;cuad62-podas;FINALIZADA;2,895809094;-75,284005
Junio;2090437;1645832;030024;;;PRE;CARRERA;CALLE;Se ha realizado el mantenimiento preventivo sobre la farola: 1645832;22/06/2026;22/06/2026;0;cuad62-podas;FINALIZADA;2,89561104;-75,28406596
Junio;2090472;1645848;068349;;;PRE;CARRERA;CALLE;Se ha realizado el mantenimiento preventivo sobre la farola: 1645848;22/06/2026;22/06/2026;0;cuad62-podas;FINALIZADA;2,894344056;-75,27954296
Junio;2090473;1645849;038697;;;PRE;CARRERA;CALLE;Se ha realizado el mantenimiento preventivo sobre la farola: 1645849;22/06/2026;22/06/2026;0;cuad62-podas;FINALIZADA;2,894318;-75,27954
Junio;2077143;1645866;068114;;;PRE;41;33;Se ha realizado el mantenimiento preventivo sobre la farola: 1645866;10/06/2026;10/06/2026;0;cuad62-podas;FINALIZADA;2,88767652;-75,25654591
Junio;2077140;1645867;068360;;;PRE;41;33;Se ha realizado el mantenimiento preventivo sobre la farola: 1645867;10/06/2026;10/06/2026;0;cuad62-podas;FINALIZADA;2,88795003;-75,25676507
Junio;2086742;1646370;064401;;;PRE;CARRERA;CALLE;Se ha realizado el mantenimiento preventivo sobre la farola: 1646370;18/06/2026;18/06/2026;0;cuad62-podas;FINALIZADA;2,865579;-75,220957
Junio;2086739;1646371;066517;;;PRE;CARRERA;CALLE;Se ha realizado el mantenimiento preventivo sobre la farola: 1646371;18/06/2026;18/06/2026;0;cuad62-podas;FINALIZADA;2,865733;-75,222283
Junio;2088306;1651515;065029;;;PRE;CARRERA;CALLE;Se ha realizado el mantenimiento preventivo sobre la farola: 1651515;19/06/2026;19/06/2026;0;cuad62-podas;FINALIZADA;2,869754;-75,210838
Junio;2077148;1654658;069494;;;PRE;47;34;Se ha realizado el mantenimiento preventivo sobre la farola: 1654658;10/06/2026;10/06/2026;0;cuad62-podas;FINALIZADA;2,88927;-75,255772
Junio;2077145;1654659;069436;;;PRE;47;34;Se ha realizado el mantenimiento preventivo sobre la farola: 1654659;10/06/2026;10/06/2026;0;cuad62-podas;FINALIZADA;2,88927;-75,255772
Junio;2082441;1654662;064596;;;PRE;CARRERA;CALLE;Se ha realizado el mantenimiento preventivo sobre la farola: 1654662;16/06/2026;16/06/2026;0;cuad62-podas;FINALIZADA;2,865421;-75,228038
Junio;2078673;1654745;032224;;;PRE;CARRERA;CALLE;Se ha realizado el mantenimiento preventivo sobre la farola: 1654745;11/06/2026;11/06/2026;0;cuad62-podas;FINALIZADA;2,879051053;-75,24965501
Junio;2086754;1671698;065740;;;PRE;CARRERA;CALLE;Se ha realizado el mantenimiento preventivo sobre la farola: 1671698;18/06/2026;18/06/2026;0;cuad62-podas;FINALIZADA;2,865606;-75,208525
Junio;2086752;1671741;065738;;;PRE;CARRERA;CALLE;Se ha realizado el mantenimiento preventivo sobre la farola: 1671741;18/06/2026;18/06/2026;0;cuad62-podas;FINALIZADA;2,865541;-75,207876
Junio;2090427;1671770;065621;;;PRE;2;4;Se ha realizado el mantenimiento preventivo sobre la farola: 1671770;22/06/2026;22/06/2026;0;cuad62-podas;FINALIZADA;2,861685;-75,23375
Junio;2090422;1671783;067445;;;PRE;3;3;Se ha realizado el mantenimiento preventivo sobre la farola: 1671783;22/06/2026;22/06/2026;0;cuad62-podas;FINALIZADA;2,86302061;-75,23450614
Junio;2086769;1672377;065463;;;PRE;CARRERA;CALLE;Se ha realizado el mantenimiento preventivo sobre la farola: 1672377;18/06/2026;18/06/2026;0;cuad62-podas;FINALIZADA;2,865666;-75,215113
Junio;2086775;1672378;065465;;;PRE;CARRERA;CALLE;Se ha realizado el mantenimiento preventivo sobre la farola: 1672378;18/06/2026;18/06/2026;0;cuad62-podas;FINALIZADA;2,865723;-75,21549
Junio;2086746;1672389;065476;;;PRE;CARRERA;CALLE;Se ha realizado el mantenimiento preventivo sobre la farola: 1672389;18/06/2026;18/06/2026;0;cuad62-podas;FINALIZADA;2,8655;-75,217559
Junio;2086744;1672396;007534;;;PRE;CARRERA;CALLE;Se ha realizado el mantenimiento preventivo sobre la farola: 1672396;18/06/2026;18/06/2026;0;cuad62-podas;FINALIZADA;2,865442044;-75,21915098
Junio;2082445;1672412;065422;;;PRE;CARRERA;CALLE;Se ha realizado el mantenimiento preventivo sobre la farola: 1672412;16/06/2026;16/06/2026;0;cuad62-podas;FINALIZADA;2,865218;-75,221552
Junio;2086779;1672427;066510;;;PRE;CARRERA;CALLE;Se ha realizado el mantenimiento preventivo sobre la farola: 1672427;18/06/2026;18/06/2026;0;cuad62-podas;FINALIZADA;2,86584;-75,222774
Junio;2088311;1672454;065022;;;PRE;CARRERA;CALLE;Se ha realizado el mantenimiento preventivo sobre la farola: 1672454;19/06/2026;19/06/2026;0;cuad62-podas;FINALIZADA;2,869376;-75,21066
Junio;2088312;1672466;065039;;;PRE;CARRERA;CALLE;Se ha realizado el mantenimiento preventivo sobre la farola: 1672466;19/06/2026;19/06/2026;0;cuad62-podas;FINALIZADA;2,867;-75,211723
Junio;2088314;1672471;011524;;;PRE;CARRERA;CALLE;Se ha realizado el mantenimiento preventivo sobre la farola: 1672471;19/06/2026;19/06/2026;0;cuad62-podas;FINALIZADA;2,865684041;-75,21203201
Junio;2086763;1672486;065469;;;PRE;CARRERA;CALLE;Se ha realizado el mantenimiento preventivo sobre la farola: 1672486;18/06/2026;18/06/2026;0;cuad62-podas;FINALIZADA;2,865558;-75,214769
Junio;2078671;1672603;032230;;;PRE;CARRERA;CALLE;Se ha realizado el mantenimiento preventivo sobre la farola: 1672603;11/06/2026;11/06/2026;0;cuad62-podas;FINALIZADA;2,878989029;-75,24989201
Junio;2086735;1672623;036442;;;PRE;CARRERA;CALLE;Se ha realizado el mantenimiento preventivo sobre la farola: 1672623;18/06/2026;18/06/2026;0;cuad62-podas;FINALIZADA;2,866064042;-75,22510804
Junio;2088296;1718623;064960;;;PRE;CARRERA;CALLE;Se ha realizado el mantenimiento preventivo sobre la farola: 1718623;19/06/2026;19/06/2026;0;cuad62-podas;FINALIZADA;2,864842228;-75,19472096
Junio;2088293;1718646;064241;;;PRE;CARRERA;CALLE;Se ha realizado el mantenimiento preventivo sobre la farola: 1718646;19/06/2026;19/06/2026;0;cuad62-podas;FINALIZADA;2,86321;-75,194214
Junio;2088295;1718651;064932;;;PRE;CARRERA;CALLE;Se ha realizado el mantenimiento preventivo sobre la farola: 1718651;19/06/2026;19/06/2026;0;cuad62-podas;FINALIZADA;2,864373255;-75,19457196
Junio;2088298;1718654;064242;;;PRE;CARRERA;CALLE;Se ha realizado el mantenimiento preventivo sobre la farola: 1718654;19/06/2026;19/06/2026;0;cuad62-podas;FINALIZADA;2,864977199;-75,19478198
Junio;2088300;1718655;064985;;;PRE;CARRERA;CALLE;Se ha realizado el mantenimiento preventivo sobre la farola: 1718655;19/06/2026;19/06/2026;0;cuad62-podas;FINALIZADA;2,86511724;-75,19482304
Junio;2088304;1718664;064185;;;PRE;CARRERA;CALLE;Se ha realizado el mantenimiento preventivo sobre la farola: 1718664;19/06/2026;19/06/2026;0;cuad62-podas;FINALIZADA;2,866715198;-75,19599303
Junio;2078676;1741884;3790-200;;;PRE;CAGUAN;CAGUAN;Se ha realizado el mantenimiento preventivo sobre la farola: 1741884;11/06/2026;11/06/2026;0;cuad62-podas;FINALIZADA;2,876881442;-75,24682872
Junio;2090477;1750680;SC;;;PRE;PARQUE EL CAGUAN;PARQUE EL CAGUAN;Se ha realizado el mantenimiento preventivo sobre la farola: 1750680;22/06/2026;22/06/2026;0;cuad62-podas;FINALIZADA;2,861709;-75,23434
Junio;2090430;1750681;3356;;;PRE;PARQUE EL CAGUAN;PARQUE EL CAGUAN;Se ha realizado el mantenimiento preventivo sobre la farola: 1750681;22/06/2026;22/06/2026;0;cuad62-podas;FINALIZADA;2,861709;-75,23434
Junio;2086731;1672619;066485;;;PRE;CARRERA;CALLE;Se ha realizado el mantenimiento preventivo sobre la farola: 1672619;18/06/2026;18/06/2026;0;cuad62-podas;FINALIZADA;2,866093;-75,224567
Junio;2080953;1643042;067637;;;PRE;CARRERA;CALLE;Se ha realizado el mantenimiento preventivo sobre la farola: 1643042;12/06/2026;12/06/2026;0;cuad62-podas;FINALIZADA;2,870351199;-75,2416361
Julio;2130389;1631557;031993;LED;92,6;PRE-PODAS;CARRERA;CALLE;Se ha realizado el mantenimiento preventivo sobre la farola: 1631557;28/07/2026;28/07/2026;0;cuad59;FINALIZADA;2,93024724;-75,29360369
Julio;2132880;1635308;003696;LED;27,8;PRE-PODAS;25;12;Se ha realizado el mantenimiento preventivo sobre la farola: 1635308;29/07/2026;29/07/2026;0;cuad59;FINALIZADA;2,941972066;-75,28396503
Julio;2130393;1635674;007798;LED;27,8;PRE-PODAS;14;2;Se ha realizado el mantenimiento preventivo sobre la farola: 1635674;28/07/2026;28/07/2026;0;cuad59;FINALIZADA;2,931857043;-75,29363802
Julio;2132883;1636315;027478;LED;60,2;PRE-PODAS;1;AV;Se ha realizado el mantenimiento preventivo sobre la farola: 1636315;29/07/2026;29/07/2026;0;cuad59;FINALIZADA;2,920403;-75,287481
Julio;2129147;1641152;028717;LED;74,1;PRE-PODAS;21;2;Se ha realizado el mantenimiento preventivo sobre la farola: 1641152;27/07/2026;27/07/2026;0;cuad59;FINALIZADA;2,93487178;-75,29568433
Julio;2129148;1641166;026994;LED;60,2;PRE-PODAS;22;1F;Se ha realizado el mantenimiento preventivo sobre la farola: 1641166;27/07/2026;27/07/2026;0;cuad59;FINALIZADA;2,93475843;-75,29630922
Julio;2130394;1641694;031995;LED;92,6;PRE-PODAS;13;1G;Se ha realizado el mantenimiento preventivo sobre la farola: 1641694;28/07/2026;28/07/2026;0;cuad59;FINALIZADA;2,930175687;-75,29356106
Julio;2130387;1641695;031991;LED;92,6;PRE-PODAS;13;1G;Se ha realizado el mantenimiento preventivo sobre la farola: 1641695;28/07/2026;28/07/2026;0;cuad59;FINALIZADA;2,930175687;-75,29356106
Julio;2132879;1641874;069998;LED;27,8;PRE-PODAS;7;5;Se ha realizado el mantenimiento preventivo sobre la farola: 1641874;29/07/2026;29/07/2026;0;cuad59;FINALIZADA;2,92630663;-75,28806327
Julio;2132885;1642379;037206;LED;74,1;PRE-PODAS;1A;AV;Se ha realizado el mantenimiento preventivo sobre la farola: 1642379;29/07/2026;29/07/2026;0;cuad59;FINALIZADA;2,920090054;-75,28831601
Julio;2132884;1642380;028953;LED;74,1;PRE-PODAS;1A;AV;Se ha realizado el mantenimiento preventivo sobre la farola: 1642380;29/07/2026;29/07/2026;0;cuad59;FINALIZADA;2,920090054;-75,28831601
Julio;2129182;1642852;030447;LED;92,6;PRE-PODAS;6;15;Se ha realizado el mantenimiento preventivo sobre la farola: 1642852;27/07/2026;27/07/2026;0;cuad59;FINALIZADA;2,916039;-75,281264
Julio;2135637;1643601;040096;LED;106,5;PRE-PODAS;25;16;Se ha realizado el mantenimiento preventivo sobre la farola: 1643601;31/07/2026;31/07/2026;0;cuad59;FINALIZADA;2,942150077;-75,28232196
Julio;2135639;1643602;040079;LED;106,5;PRE-PODAS;25;16;Se ha realizado el mantenimiento preventivo sobre la farola: 1643602;31/07/2026;31/07/2026;0;cuad59;FINALIZADA;2,942150077;-75,28232196
Julio;2135635;1643607;040094;LED;106,5;PRE-PODAS;25;16;Se ha realizado el mantenimiento preventivo sobre la farola: 1643607;31/07/2026;31/07/2026;0;cuad59;FINALIZADA;2,94078004;-75,28218304
Julio;2135636;1643608;040091;LED;106,5;PRE-PODAS;25;16;Se ha realizado el mantenimiento preventivo sobre la farola: 1643608;31/07/2026;31/07/2026;0;cuad59;FINALIZADA;2,94078004;-75,28218304
Julio;2129134;1643771;028708;LED;74,1;PRE-PODAS;21;2;Se ha realizado el mantenimiento preventivo sobre la farola: 1643771;27/07/2026;27/07/2026;0;cuad59;FINALIZADA;2,9350082;-75,29539686
Julio;2129137;1643772;028707;LED;74,1;PRE-PODAS;21;2;Se ha realizado el mantenimiento preventivo sobre la farola: 1643772;27/07/2026;27/07/2026;0;cuad59;FINALIZADA;2,9350082;-75,29539686
Julio;2129139;1643773;028721;LED;74,1;PRE-PODAS;21;2;Se ha realizado el mantenimiento preventivo sobre la farola: 1643773;27/07/2026;27/07/2026;0;cuad59;FINALIZADA;2,93487178;-75,29568433
Julio;2129131;1643776; 028940;LED;74,1;PRE-PODAS;21;2;Se ha realizado el mantenimiento preventivo sobre la farola: 1643776;27/07/2026;27/07/2026;0;cuad59;FINALIZADA;2,9346094;-75,29624272
Julio;2129127;1643777;028932;LED;74,1;PRE-PODAS;21;2;Se ha realizado el mantenimiento preventivo sobre la farola: 1643777;27/07/2026;27/07/2026;0;cuad59;FINALIZADA;2,9346094;-75,29624272
Julio;2134021;1645046;043547;LED;92,6;PRE-PODAS;2;15;Se ha realizado el mantenimiento preventivo sobre la farola: 1645046;30/07/2026;30/07/2026;0;cuad59;FINALIZADA;2,923156994;-75,27933472
Julio;2134022;1645047;038785;LED;92,6;PRE-PODAS;2;15;Se ha realizado el mantenimiento preventivo sobre la farola: 1645047;30/07/2026;30/07/2026;0;cuad59;FINALIZADA;2,923156994;-75,27933472
Julio;2134024;1645048;038794;LED;92,6;PRE-PODAS;2;15;Se ha realizado el mantenimiento preventivo sobre la farola: 1645048;30/07/2026;30/07/2026;0;cuad59;FINALIZADA;2,923669514;-75,27930075
Julio;2134023;1645049;038798;LED;92,6;PRE-PODAS;2;15;Se ha realizado el mantenimiento preventivo sobre la farola: 1645049;30/07/2026;30/07/2026;0;cuad59;FINALIZADA;2,923669514;-75,27930075
Julio;2132878;1650448;015775;LED;27,8;PRE-PODAS;7;6;Se ha realizado el mantenimiento preventivo sobre la farola: 1650448;29/07/2026;29/07/2026;0;cuad59;FINALIZADA;2,92619189;-75,28834449
Julio;2129175;1652737;011869;LED;27,8;PRE-PODAS;25A;5B;Se ha realizado el mantenimiento preventivo sobre la farola: 1652737;27/07/2026;27/07/2026;0;cuad59;FINALIZADA;2,939401039;-75,29188404
Julio;2132881;1660607;003683;LED;27,8;PRE-PODAS;23;13;Se ha realizado el mantenimiento preventivo sobre la farola: 1660607;29/07/2026;29/07/2026;0;cuad59;FINALIZADA;2,941914111;-75,28382302
Julio;2134020;1663957;025981;LED;27,8;PRE-PODAS;20A;42;Se ha realizado el mantenimiento preventivo sobre la farola: 1663957;30/07/2026;30/07/2026;0;cuad59;FINALIZADA;2,941266065;-75,25791001
Julio;2132882;1664996;064627;LED;27,8;PRE-PODAS;12;4;Se ha realizado el mantenimiento preventivo sobre la farola: 1664996;29/07/2026;29/07/2026;0;cuad59;FINALIZADA;2,930471042;-75,29125103
Julio;2132877;1667397;027418;LED;60,2;PRE-PODAS;2A;30E;Se ha realizado el mantenimiento preventivo sobre la farola: 1667397;29/07/2026;29/07/2026;0;cuad59;FINALIZADA;2,925642094;-75,29037398
Julio;2129186;1739266;030483;LED;92,6;PRE-PODAS;CARACOLI;CARACOLI;Se ha realizado el mantenimiento preventivo sobre la farola: 1739266;27/07/2026;27/07/2026;0;cuad59;FINALIZADA;2,932078726;-75,30063833
Julio;2130388;1740070;031989;LED;92,6;PRE-PODAS;MARTIRES;MARTIRES;Se ha realizado el mantenimiento preventivo sobre la farola: 1740070;28/07/2026;28/07/2026;0;cuad59;FINALIZADA;2,93024724;-75,29360369
Julio;2130391;1740071;031990;LED;92,6;PRE-PODAS;MARTIRES;MARTIRES;Se ha realizado el mantenimiento preventivo sobre la farola: 1740071;28/07/2026;28/07/2026;0;cuad59;FINALIZADA;2,930280657;-75,29351718
Julio;2130390;1740072;038928;LED;92,6;PRE-PODAS;MARTIRES;MARTIRES;Se ha realizado el mantenimiento preventivo sobre la farola: 1740072;28/07/2026;28/07/2026;0;cuad59;FINALIZADA;2,930280657;-75,29351718
Julio;2126210;1631829;034418;LED;46,3;PRE-PODAS;CARRERA;CALLE;Se ha realizado el mantenimiento preventivo sobre la farola: 1631829;24/07/2026;24/07/2026;0;cuad59;FINALIZADA;2,923066048;-75,27060997
Julio;2126208;1631830;034416;LED;46,3;PRE-PODAS;CARRERA;CALLE;Se ha realizado el mantenimiento preventivo sobre la farola: 1631830;24/07/2026;24/07/2026;0;cuad59;FINALIZADA;2,923066048;-75,27060997
Julio;2126222;1631963;048512;LED;100;PRE-PODAS;CARRERA;CALLE;Se ha realizado el mantenimiento preventivo sobre la farola: 1631963;24/07/2026;24/07/2026;0;cuad59;FINALIZADA;2,919379;-75,27128
Julio;2126219;1631964;048511;LED;100;PRE-PODAS;CARRERA;CALLE;Se ha realizado el mantenimiento preventivo sobre la farola: 1631964;24/07/2026;24/07/2026;0;cuad59;FINALIZADA;2,919379;-75,27128
Julio;2126221;1632015;061202;LED;70;PRE-PODAS;CARRERA;CALLE;Se ha realizado el mantenimiento preventivo sobre la farola: 1632015;24/07/2026;24/07/2026;0;cuad59;FINALIZADA;2,919379;-75,27128
Julio;2124234;1633803;003685;LED;27,8;PRE-PODAS;4;32;Se ha realizado el mantenimiento preventivo sobre la farola: 1633803;23/07/2026;23/07/2026;0;cuad59;FINALIZADA;2,928769085;-75,26607898
Julio;2124220;1641521;022049;LED;37;PRE-PODAS;8;34;Se ha realizado el mantenimiento preventivo sobre la farola: 1641521;23/07/2026;23/07/2026;0;cuad59;FINALIZADA;2,929628083;-75,264992
Julio;2124222;1641523;022023;LED;37;PRE-PODAS;8;34;Se ha realizado el mantenimiento preventivo sobre la farola: 1641523;23/07/2026;23/07/2026;0;cuad59;FINALIZADA;2,929323048;-75,26525
Julio;2124231;1641524;022011;LED;37;PRE-PODAS;8;34;Se ha realizado el mantenimiento preventivo sobre la farola: 1641524;23/07/2026;23/07/2026;0;cuad59;FINALIZADA;2,929121106;-75,26530502
Julio;2126218;1642712;022561;LED;37;PRE-PODAS;2;29;Se ha realizado el mantenimiento preventivo sobre la farola: 1642712;24/07/2026;24/07/2026;0;cuad59;FINALIZADA;2,923332056;-75,26711502
Julio;2126191;1642713;022597;LED;37;PRE-PODAS;2;29;Se ha realizado el mantenimiento preventivo sobre la farola: 1642713;24/07/2026;24/07/2026;0;cuad59;FINALIZADA;2,923216112;-75,26733401
Julio;2124238;1650745;017264;LED;27,8;PRE-PODAS;3B;33;Se ha realizado el mantenimiento preventivo sobre la farola: 1650745;23/07/2026;23/07/2026;0;cuad59;FINALIZADA;2,926301115;-75,26283001
Julio;2126212;1652716;026638;LED;60,2;PRE-PODAS;22;8;Se ha realizado el mantenimiento preventivo sobre la farola: 1652716;24/07/2026;24/07/2026;0;cuad59;FINALIZADA;2,94001108;-75,28735297
Julio;2124237;1653787;015743;LED;27,8;PRE-PODAS;2;32;Se ha realizado el mantenimiento preventivo sobre la farola: 1653787;23/07/2026;23/07/2026;0;cuad59;FINALIZADA;2,923992112;-75,26602296
Julio;2124236;1666936;022075;LED;37;PRE-PODAS;2D;30;Se ha realizado el mantenimiento preventivo sobre la farola: 1666936;23/07/2026;23/07/2026;0;cuad59;FINALIZADA;2,924289102;-75,26687697
Julio;2126217;1668361;018398;LED;27,8;PRE-PODAS;1D;30;Se ha realizado el mantenimiento preventivo sobre la farola: 1668361;24/07/2026;24/07/2026;0;cuad59;FINALIZADA;2,91717504;-75,26522798
Julio;2126214;1669044;019627;LED;37;PRE-PODAS;2A;34A;Se ha realizado el mantenimiento preventivo sobre la farola: 1669044;24/07/2026;24/07/2026;0;cuad59;FINALIZADA;2,922346058;-75,26316301
Julio;2124232;1731501;022098;LED;37;PRE-PODAS;BAJOPEDREGAL;BAJOPEDREGAL;Se ha realizado el mantenimiento preventivo sobre la farola: 1731501;23/07/2026;23/07/2026;0;cuad59;FINALIZADA;2,928768099;-75,26566199
