Mes;Incidencia;Farola;Sticker;Tecnologia;Potencia;Tipo;Crucero;Via;Descripción;Fecha Asignación;Fecha Finalización;Tiempo (Días);Operario;Estado;Latitud;Longitud
Mayo;2067261;1630431;068457;LED;74,1;PRE;CARRERA;CALLE;Se ha realizado el mantenimiento preventivo sobre la farola: 1630431;30/05/2026;30/05/2026;0;cuad59;FINALIZADA;3,030436;-75,250731
Mayo;2058280;1630453;053100;LED;37;PRE;46;7;Se ha realizado el mantenimiento preventivo sobre la farola: 1630453;21/05/2026;21/05/2026;0;cuad59;FINALIZADA;2,953910049;-75,290339
Mayo;2062658;1631564;031992;LED;92,6;PRE;CARRERA;CALLE;Se ha realizado el mantenimiento preventivo sobre la farola: 1631564;26/05/2026;28/05/2026;2;cuad63;FINALIZADA;2,930211201;-75,29339327
Mayo;2046331;1633482;007705;LED;27,8;PRE;9;2;Se ha realizado el mantenimiento preventivo sobre la farola: 1633482;12/05/2026;12/05/2026;0;cuad56;FINALIZADA;2,927295109;-75,29193696
Mayo;2046328;1633484;007704;LED;27,8;PRE;9;2;Se ha realizado el mantenimiento preventivo sobre la farola: 1633484;12/05/2026;12/05/2026;0;cuad56;FINALIZADA;2,927810082;-75,29220399
Mayo;2048025;1633485;008389;LED;27,8;PRE;9;2;Se ha realizado el mantenimiento preventivo sobre la farola: 1633485;13/05/2026;13/05/2026;0;cuad54;FINALIZADA;2,927177084;-75,29214002
Mayo;2054331;1634750;032911;LED;27,8;PRE;78;7;Se ha realizado el mantenimiento preventivo sobre la farola: 1634750;19/05/2026;19/05/2026;0;cuad59;FINALIZADA;2,971802073;-75,28568497
Mayo;2065116;1634782;069639;LED;60,2;PRE;77A;7;Se ha realizado el mantenimiento preventivo sobre la farola: 1634782;27/05/2026;28/05/2026;1;cuad63;FINALIZADA;2,971309;-75,285794
Mayo;2067187;1634877;068427;LED;74,1;PRE;2;2;Se ha realizado el mantenimiento preventivo sobre la farola: 1634877;30/05/2026;30/05/2026;0;cuad59;FINALIZADA;3,035212;-75,249428
Mayo;2066765;1634878;068432;LED;74,1;PRE;2;2;Se ha realizado el mantenimiento preventivo sobre la farola: 1634878;29/05/2026;29/05/2026;0;cuad59;FINALIZADA;3,035745;-75,249744
Mayo;2066764;1634904;067981;LED;74,1;PRE;100;7;Se ha realizado el mantenimiento preventivo sobre la farola: 1634904;29/05/2026;29/05/2026;0;cuad59;FINALIZADA;2,985832;-75,275704
Mayo;2058613;1634925;034530;LED;46,3;PRE;70;1;Se ha realizado el mantenimiento preventivo sobre la farola: 1634925;21/05/2026;23/05/2026;2;cuad63;FINALIZADA;2,96670405;-75,29552301
Mayo;2067168;1634997;036763;LED;74,1;PRE;76;3;Se ha realizado el mantenimiento preventivo sobre la farola: 1634997;30/05/2026;30/05/2026;0;cuad59;FINALIZADA;2,97101107;-75,28856199
Mayo;2066325;1635047;027451;LED;60,2;PRE;76A;7;Se ha realizado el mantenimiento preventivo sobre la farola: 1635047;28/05/2026;28/05/2026;0;cuad63;FINALIZADA;2,970355097;-75,28605804
Mayo;2067158;1635063;028351;LED;74,1;PRE;CARRERA;CALLE;Se ha realizado el mantenimiento preventivo sobre la farola: 1635063;30/05/2026;30/05/2026;0;cuad59;FINALIZADA;3,011084092;-75,26105204
Mayo;2067162;1635064;028352;LED;74,1;PRE;CARRERA;CALLE;Se ha realizado el mantenimiento preventivo sobre la farola: 1635064;30/05/2026;30/05/2026;0;cuad59;FINALIZADA;3,011281084;-75,26088804
Mayo;2066379;1635068;028313;LED;74,1;PRE;CARRERA;CALLE;Se ha realizado el mantenimiento preventivo sobre la farola: 1635068;28/05/2026;29/05/2026;1;cuad55;FINALIZADA;3,01209104;-75,26021303
Mayo;2066372;1635069;028316;LED;74,1;PRE;CARRERA;CALLE;Se ha realizado el mantenimiento preventivo sobre la farola: 1635069;28/05/2026;29/05/2026;1;cuad55;FINALIZADA;3,012294094;-75,26004498
Mayo;2067151;1635070;028302;LED;74,1;PRE;CARRERA;CALLE;Se ha realizado el mantenimiento preventivo sobre la farola: 1635070;30/05/2026;30/05/2026;0;cuad59;FINALIZADA;3,012486109;-75,25988799
Mayo;2067167;1635071;028400;LED;74,1;PRE;CARRERA;CALLE;Se ha realizado el mantenimiento preventivo sobre la farola: 1635071;30/05/2026;30/05/2026;0;cuad59;FINALIZADA;3,012681109;-75,25973002
Mayo;2067154;1635072;028306;LED;74,1;PRE;CARRERA;CALLE;Se ha realizado el mantenimiento preventivo sobre la farola: 1635072;30/05/2026;30/05/2026;0;cuad59;FINALIZADA;3,012894117;-75,25955198
Mayo;2066683;1635073;028315;LED;74,1;PRE;CARRERA;CALLE;Se ha realizado el mantenimiento preventivo sobre la farola: 1635073;29/05/2026;29/05/2026;0;cuad55;FINALIZADA;3,013339042;-75,25919401
Mayo;2066381;1635074;028481;LED;74,1;PRE;CARRERA;CALLE;Se ha realizado el mantenimiento preventivo sobre la farola: 1635074;28/05/2026;29/05/2026;1;cuad55;FINALIZADA;3,013529065;-75,25903999
Mayo;2066380;1635075;028396;LED;74,1;PRE;CARRERA;CALLE;Se ha realizado el mantenimiento preventivo sobre la farola: 1635075;28/05/2026;29/05/2026;1;cuad55;FINALIZADA;3,013698099;-75,25888903
Mayo;2066678;1635076;028500;LED;74,1;PRE;CARRERA;CALLE;Se ha realizado el mantenimiento preventivo sobre la farola: 1635076;29/05/2026;29/05/2026;0;cuad55;FINALIZADA;3,013952096;-75,25868499
Mayo;2066667;1635077;028472;LED;74,1;PRE;CARRERA;CALLE;Se ha realizado el mantenimiento preventivo sobre la farola: 1635077;29/05/2026;29/05/2026;0;cuad55;FINALIZADA;3,014100048;-75,25853996
Mayo;2066700;1635078;028456;LED;74,1;PRE;CARRERA;CALLE;Se ha realizado el mantenimiento preventivo sobre la farola: 1635078;29/05/2026;29/05/2026;0;cuad55;FINALIZADA;3,014331056;-75,25837804
Mayo;2066386;1635079;028326;LED;74,1;PRE;CARRERA;CALLE;Se ha realizado el mantenimiento preventivo sobre la farola: 1635079;28/05/2026;29/05/2026;1;cuad55;FINALIZADA;3,014580081;-75,25815897
Mayo;2066688;1635080;028499;LED;74,1;PRE;CARRERA;CALLE;Se ha realizado el mantenimiento preventivo sobre la farola: 1635080;29/05/2026;29/05/2026;0;cuad55;FINALIZADA;3,014820054;-75,25796096
Mayo;2067165;1635081;028354;LED;74,1;PRE;CARRERA;CALLE;Se ha realizado el mantenimiento preventivo sobre la farola: 1635081;30/05/2026;30/05/2026;0;cuad59;FINALIZADA;3,013111103;-75,259386
Mayo;2049504;1635263;019803;LED;37;PRE;25;16;Se ha realizado el mantenimiento preventivo sobre la farola: 1635263;14/05/2026;14/05/2026;0;cuad56;FINALIZADA;2,942375053;-75,28240696
Mayo;2048978;1635267;003396;LED;27,8;PRE;21;14;Se ha realizado el mantenimiento preventivo sobre la farola: 1635267;13/05/2026;14/05/2026;1;cuad63;FINALIZADA;2,940111045;-75,28314003
Mayo;2048006;1635268;011779;LED;27,8;PRE;21;14;Se ha realizado el mantenimiento preventivo sobre la farola: 1635268;13/05/2026;13/05/2026;0;cuad54;FINALIZADA;2,940241111;-75,28289801
Mayo;2048022;1635269;025538;LED;27,8;PRE;21;14;Se ha realizado el mantenimiento preventivo sobre la farola: 1635269;13/05/2026;13/05/2026;0;cuad54;FINALIZADA;2,940273094;-75,28271499
Mayo;2048975;1635270;003353;LED;27,8;PRE;21;CALLE 21;Se ha realizado el mantenimiento preventivo sobre la farola: 1635270;13/05/2026;14/05/2026;1;cuad63;FINALIZADA;2,9404041;-75,28240856
Mayo;2048996;1635273;007152;LED;27,8;PRE;21;14;Se ha realizado el mantenimiento preventivo sobre la farola: 1635273;13/05/2026;14/05/2026;1;cuad63;FINALIZADA;2,939760052;-75,28408901
Mayo;2048973;1635278;003341;LED;27,8;PRE;21;14;Se ha realizado el mantenimiento preventivo sobre la farola: 1635278;13/05/2026;19/05/2026;6;cuad63;FINALIZADA;2,93996407;-75,28405504
Mayo;2047850;1635283;004852;LED;27,8;PRE;20;9;Se ha realizado el mantenimiento preventivo sobre la farola: 1635283;13/05/2026;13/05/2026;0;cuad54;FINALIZADA;2,939436113;-75,28501999
Mayo;2047984;1635284;007064;LED;27,8;PRE;20;9;Se ha realizado el mantenimiento preventivo sobre la farola: 1635284;13/05/2026;13/05/2026;0;cuad54;FINALIZADA;2,939461116;-75,28489204
Mayo;2047844;1635285;004545;LED;27,8;PRE;20;9;Se ha realizado el mantenimiento preventivo sobre la farola: 1635285;13/05/2026;13/05/2026;0;cuad54;FINALIZADA;2,939521056;-75,28469697
Mayo;2050386;1635286;026474;LED;60,2;PRE;20;9;Se ha realizado el mantenimiento preventivo sobre la farola: 1635286;14/05/2026;15/05/2026;1;cuad59;FINALIZADA;2,939827103;-75,28509603
Mayo;2048977;1635343;018872;LED;27,8;PRE;25C;7;Se ha realizado el mantenimiento preventivo sobre la farola: 1635343;13/05/2026;14/05/2026;1;cuad63;FINALIZADA;2,94207309;-75,29003197
Mayo;2048974;1635344;018887;LED;27,8;PRE;25C;7;Se ha realizado el mantenimiento preventivo sobre la farola: 1635344;13/05/2026;14/05/2026;1;cuad63;FINALIZADA;2,94225909;-75,29005298
Mayo;2048976;1635345;018879;LED;27,8;PRE;25C;7;Se ha realizado el mantenimiento preventivo sobre la farola: 1635345;13/05/2026;14/05/2026;1;cuad63;FINALIZADA;2,94255809;-75,29006296
Mayo;2046226;1635597;018756;LED;27,8;PRE;10;6;Se ha realizado el mantenimiento preventivo sobre la farola: 1635597;12/05/2026;12/05/2026;0;cuad56;FINALIZADA;2,929191067;-75,28816203
Mayo;2046179;1635602;009514;LED;27,8;PRE;10;5;Se ha realizado el mantenimiento preventivo sobre la farola: 1635602;12/05/2026;12/05/2026;0;cuad56;FINALIZADA;2,9290121;-75,28912356
Mayo;2050364;1635604;026636;LED;60,2;PRE;9;3;Se ha realizado el mantenimiento preventivo sobre la farola: 1635604;14/05/2026;15/05/2026;1;cuad59;FINALIZADA;2,928007;-75,291375
Mayo;2050363;1635605;026693;LED;60,2;PRE;9;3;Se ha realizado el mantenimiento preventivo sobre la farola: 1635605;14/05/2026;15/05/2026;1;cuad59;FINALIZADA;2,928235;-75,291463
Mayo;2046274;1635606;007775;LED;27,8;PRE;10;3;Se ha realizado el mantenimiento preventivo sobre la farola: 1635606;12/05/2026;12/05/2026;0;cuad56;FINALIZADA;2,928414109;-75,29131502
Mayo;2046262;1635607;007778;LED;27,8;PRE;10;3;Se ha realizado el mantenimiento preventivo sobre la farola: 1635607;12/05/2026;12/05/2026;0;cuad56;FINALIZADA;2,928491084;-75,29102503
Mayo;2046193;1635619;018755;LED;27,8;PRE;9;7;Se ha realizado el mantenimiento preventivo sobre la farola: 1635619;12/05/2026;12/05/2026;0;cuad56;FINALIZADA;2,929476065;-75,28738996
Mayo;2046192;1635620;018788;LED;27,8;PRE;10;6;Se ha realizado el mantenimiento preventivo sobre la farola: 1635620;12/05/2026;12/05/2026;0;cuad56;FINALIZADA;2,929331037;-75,28740702
Mayo;2046181;1635623;018710;LED;27,8;PRE;10;6;Se ha realizado el mantenimiento preventivo sobre la farola: 1635623;12/05/2026;12/05/2026;0;cuad56;FINALIZADA;2,929224054;-75,28794302
Mayo;2046186;1635624;018762;LED;27,8;PRE;10;7;Se ha realizado el mantenimiento preventivo sobre la farola: 1635624;12/05/2026;12/05/2026;0;cuad56;FINALIZADA;2,928789093;-75,28717896
Mayo;2046230;1635627;018758;LED;27,8;PRE;8;7;Se ha realizado el mantenimiento preventivo sobre la farola: 1635627;12/05/2026;12/05/2026;0;cuad56;FINALIZADA;2,928383115;-75,28698602
Mayo;2047933;1635628;018162;LED;27,8;PRE;9;7;Se ha realizado el mantenimiento preventivo sobre la farola: 1635628;13/05/2026;13/05/2026;0;cuad54;FINALIZADA;2,928768075;-75,28693996
Mayo;2046194;1635629;018739;LED;27,8;PRE;11;7;Se ha realizado el mantenimiento preventivo sobre la farola: 1635629;12/05/2026;12/05/2026;0;cuad56;FINALIZADA;2,930523081;-75,28769599
Mayo;2047927;1635636;007264;LED;27,8;PRE;10;7;Se ha realizado el mantenimiento preventivo sobre la farola: 1635636;13/05/2026;13/05/2026;0;cuad54;FINALIZADA;2,930032096;-75,28737004
Mayo;2047940;1635637;007144;LED;27,8;PRE;10;7;Se ha realizado el mantenimiento preventivo sobre la farola: 1635637;13/05/2026;13/05/2026;0;cuad54;FINALIZADA;2,929804047;-75,28727199
Mayo;2047959;1635638;018493;LED;27,8;PRE;10;7;Se ha realizado el mantenimiento preventivo sobre la farola: 1635638;13/05/2026;13/05/2026;0;cuad54;FINALIZADA;2,929568036;-75,28717897
Mayo;2048992;1635646;038701;LED;27,8;PRE;9;1;Se ha realizado el mantenimiento preventivo sobre la farola: 1635646;13/05/2026;14/05/2026;1;cuad63;FINALIZADA;2,927157046;-75,29437304
Mayo;2048994;1635647;038703;LED;27,8;PRE;9;1;Se ha realizado el mantenimiento preventivo sobre la farola: 1635647;13/05/2026;14/05/2026;1;cuad63;FINALIZADA;2,926944037;-75,29419301
Mayo;2048993;1635648;038718;LED;27,8;PRE;9;1;Se ha realizado el mantenimiento preventivo sobre la farola: 1635648;13/05/2026;14/05/2026;1;cuad63;FINALIZADA;2,926704061;-75,29404502
Mayo;2048995;1635649;038715;LED;27,8;PRE;9;1;Se ha realizado el mantenimiento preventivo sobre la farola: 1635649;13/05/2026;14/05/2026;1;cuad63;FINALIZADA;2,926484071;-75,29392097
Mayo;2048991;1635651;038720;LED;27,8;PRE;11;1;Se ha realizado el mantenimiento preventivo sobre la farola: 1635651;13/05/2026;14/05/2026;1;cuad63;FINALIZADA;2,928002058;-75,29495698
Mayo;2048990;1635652;069974;LED;27,8;PRE;11;1;Se ha realizado el mantenimiento preventivo sobre la farola: 1635652;13/05/2026;14/05/2026;1;cuad63;FINALIZADA;2,927918036;-75,29486598
Mayo;2048987;1635655;016291;LED;27,8;PRE;11;1;Se ha realizado el mantenimiento preventivo sobre la farola: 1635655;13/05/2026;19/05/2026;6;cuad63;FINALIZADA;2,928704043;-75,29552
Mayo;2048970;1635656;010732;LED;27,8;PRE;11;1;Se ha realizado el mantenimiento preventivo sobre la farola: 1635656;13/05/2026;14/05/2026;1;cuad63;FINALIZADA;2,928416036;-75,29533897
Mayo;2048986;1635657;016229;LED;27,8;PRE;11;1;Se ha realizado el mantenimiento preventivo sobre la farola: 1635657;13/05/2026;14/05/2026;1;cuad63;FINALIZADA;2,928186102;-75,295189
Mayo;2046301;1635658;007726;LED;27,8;PRE;14;2;Se ha realizado el mantenimiento preventivo sobre la farola: 1635658;12/05/2026;12/05/2026;0;cuad56;FINALIZADA;2,931862046;-75,293879
Mayo;2049495;1635659;021287;LED;37;PRE;14;2;Se ha realizado el mantenimiento preventivo sobre la farola: 1635659;14/05/2026;21/05/2026;7;cuad56;FINALIZADA;2,931532044;-75,29376301
Mayo;2046334;1635661;007414;LED;27,8;PRE;14;2;Se ha realizado el mantenimiento preventivo sobre la farola: 1635661;12/05/2026;12/05/2026;0;cuad56;FINALIZADA;2,932354108;-75,29388596
Mayo;2046306;1635662;007420;LED;27,8;PRE;14;2;Se ha realizado el mantenimiento preventivo sobre la farola: 1635662;12/05/2026;12/05/2026;0;cuad56;FINALIZADA;2,93261509;-75,29397197
Mayo;2046333;1635665;008674;LED;27,8;PRE;13;2;Se ha realizado el mantenimiento preventivo sobre la farola: 1635665;12/05/2026;12/05/2026;0;cuad56;FINALIZADA;2,930715081;-75,293505
Mayo;2046287;1635666;007799;LED;27,8;PRE;13;2;Se ha realizado el mantenimiento preventivo sobre la farola: 1635666;12/05/2026;12/05/2026;0;cuad56;FINALIZADA;2,93044505;-75,29342601
Mayo;2050346;1635668;023549;LED;46,3;PRE;11;2;Se ha realizado el mantenimiento preventivo sobre la farola: 1635668;14/05/2026;15/05/2026;1;cuad59;FINALIZADA;2,928901042;-75,292601
Mayo;2046316;1635669;007792;LED;27,8;PRE;10;2;Se ha realizado el mantenimiento preventivo sobre la farola: 1635669;12/05/2026;12/05/2026;0;cuad56;FINALIZADA;2,928706108;-75,29249198
Mayo;2048971;1635670;007427;LED;27,8;PRE;11;2;Se ha realizado el mantenimiento preventivo sobre la farola: 1635670;13/05/2026;19/05/2026;6;cuad63;FINALIZADA;2,92937003;-75,292967
Mayo;2047870;1635672;008429;LED;27,8;PRE;14;2;Se ha realizado el mantenimiento preventivo sobre la farola: 1635672;13/05/2026;13/05/2026;0;cuad54;FINALIZADA;2,931536068;-75,29359699
Mayo;2047896;1635673;008442;LED;27,8;PRE;14;2;Se ha realizado el mantenimiento preventivo sobre la farola: 1635673;13/05/2026;13/05/2026;0;cuad54;FINALIZADA;2,931862109;-75,29363901
Mayo;2047999;1635676;007727;LED;27,8;PRE;14;2;Se ha realizado el mantenimiento preventivo sobre la farola: 1635676;13/05/2026;13/05/2026;0;cuad54;FINALIZADA;2,931027046;-75,29340799
Mayo;2047954;1635680;011898;LED;27,8;PRE;12;5;Se ha realizado el mantenimiento preventivo sobre la farola: 1635680;13/05/2026;13/05/2026;0;cuad54;FINALIZADA;2,930425;-75,290124
Mayo;2047888;1635681;007249;LED;27,8;PRE;12;5;Se ha realizado el mantenimiento preventivo sobre la farola: 1635681;13/05/2026;13/05/2026;0;cuad54;FINALIZADA;2,930293;-75,290082
Mayo;2046189;1635685;018750;LED;27,8;PRE;13;5;Se ha realizado el mantenimiento preventivo sobre la farola: 1635685;12/05/2026;12/05/2026;0;cuad56;FINALIZADA;2,929677075;-75,28988597
Mayo;2048984;1635703;007719;LED;27,8;PRE;10;2;Se ha realizado el mantenimiento preventivo sobre la farola: 1635703;13/05/2026;19/05/2026;6;cuad63;FINALIZADA;2,928508037;-75,292618
Mayo;2049560;1635719;065257;LED;46,3;PRE;12;3;Se ha realizado el mantenimiento preventivo sobre la farola: 1635719;14/05/2026;21/05/2026;7;cuad56;FINALIZADA;2,930648069;-75,292372
Mayo;2047969;1635720;007125;LED;27,8;PRE;11;2;Se ha realizado el mantenimiento preventivo sobre la farola: 1635720;13/05/2026;13/05/2026;0;cuad54;FINALIZADA;2,929455029;-75,29278597
Mayo;2047939;1635721;008412;LED;27,8;PRE;11;2;Se ha realizado el mantenimiento preventivo sobre la farola: 1635721;13/05/2026;13/05/2026;0;cuad54;FINALIZADA;2,929187075;-75,29271896
Mayo;2047898;1635722;007675;LED;27,8;PRE;11;2;Se ha realizado el mantenimiento preventivo sobre la farola: 1635722;13/05/2026;13/05/2026;0;cuad54;FINALIZADA;2,929667058;-75,29290499
Mayo;2047950;1635723;008636;LED;27,8;PRE;12;2;Se ha realizado el mantenimiento preventivo sobre la farola: 1635723;13/05/2026;13/05/2026;0;cuad54;FINALIZADA;2,929886064;-75,29298702
Mayo;2047936;1635744;008303;LED;27,8;PRE;16;2;Se ha realizado el mantenimiento preventivo sobre la farola: 1635744;13/05/2026;13/05/2026;0;cuad54;FINALIZADA;2,932779077;-75,293761
Mayo;2047978;1635745;008430;LED;27,8;PRE;15;2;Se ha realizado el mantenimiento preventivo sobre la farola: 1635745;13/05/2026;13/05/2026;0;cuad54;FINALIZADA;2,932544047;-75,29372404
Mayo;2047949;1635746;008312;LED;27,8;PRE;15;2;Se ha realizado el mantenimiento preventivo sobre la farola: 1635746;13/05/2026;13/05/2026;0;cuad54;FINALIZADA;2,932467059;-75,29371799
Mayo;2048988;1635757;007424;LED;27,8;PRE;9;2;Se ha realizado el mantenimiento preventivo sobre la farola: 1635757;13/05/2026;19/05/2026;6;cuad63;FINALIZADA;2,927092051;-75,292105
Mayo;2048989;1635758;007439;LED;27,8;PRE;9;2;Se ha realizado el mantenimiento preventivo sobre la farola: 1635758;13/05/2026;19/05/2026;6;cuad63;FINALIZADA;2,927412102;-75,29222404
Mayo;2048949;1635759;007713;LED;27,8;PRE;9;2;Se ha realizado el mantenimiento preventivo sobre la farola: 1635759;13/05/2026;19/05/2026;6;cuad63;FINALIZADA;2,927714051;-75,29236998
Mayo;2048962;1635760;007438;LED;27,8;PRE;9;2;Se ha realizado el mantenimiento preventivo sobre la farola: 1635760;13/05/2026;19/05/2026;6;cuad63;FINALIZADA;2,92798707;-75,29243997
Mayo;2046247;1635779;007749;LED;27,8;PRE;10;3;Se ha realizado el mantenimiento preventivo sobre la farola: 1635779;12/05/2026;12/05/2026;0;cuad56;FINALIZADA;2,928564068;-75,29077201
Mayo;2046253;1635782;008644;LED;27,8;PRE;10;4;Se ha realizado el mantenimiento preventivo sobre la farola: 1635782;12/05/2026;12/05/2026;0;cuad56;FINALIZADA;2,928795053;-75,29001504
Mayo;2046321;1635783;007751;LED;27,8;PRE;10;4;Se ha realizado el mantenimiento preventivo sobre la farola: 1635783;12/05/2026;12/05/2026;0;cuad56;FINALIZADA;2,928839089;-75,28975698
Mayo;2047944;1635967;005104;LED;27,8;PRE;9;8;Se ha realizado el mantenimiento preventivo sobre la farola: 1635967;13/05/2026;13/05/2026;0;cuad54;FINALIZADA;2,929483116;-75,28670897
Mayo;2047946;1635969;010280;LED;27,8;PRE;9;8;Se ha realizado el mantenimiento preventivo sobre la farola: 1635969;13/05/2026;13/05/2026;0;cuad54;FINALIZADA;2,929620041;-75,28618296
Mayo;2047952;1635972;017808;LED;27,8;PRE;10;8;Se ha realizado el mantenimiento preventivo sobre la farola: 1635972;13/05/2026;13/05/2026;0;cuad54;FINALIZADA;2,929701092;-75,28586903
Mayo;2046183;1636205;018789;LED;27,8;PRE;2;15;Se ha realizado el mantenimiento preventivo sobre la farola: 1636205;12/05/2026;12/05/2026;0;cuad56;FINALIZADA;2,930196536;-75,28785059
Mayo;2066860;1640136;068478;LED;74,1;PRE;CARRERA;callle;Se ha realizado el mantenimiento preventivo sobre la farola: 1640136;29/05/2026;29/05/2026;0;cuad59;FINALIZADA;3,022616;-75,25394
Mayo;2066862;1640138;068486;LED;74,1;PRE;CARRERA;callle;Se ha realizado el mantenimiento preventivo sobre la farola: 1640138;29/05/2026;29/05/2026;0;cuad59;FINALIZADA;3,021807;-75,254255
Mayo;2066759;1640154;068437;LED;74,1;PRE;4;2;Se ha realizado el mantenimiento preventivo sobre la farola: 1640154;29/05/2026;29/05/2026;0;cuad59;FINALIZADA;3,035921;-75,249844
Mayo;2066737;1640155;068430;LED;74,1;PRE;2;2;Se ha realizado el mantenimiento preventivo sobre la farola: 1640155;29/05/2026;29/05/2026;0;cuad55;FINALIZADA;3,034889;-75,249422
Mayo;2066728;1640156;068405;LED;74,1;PRE;2;1;Se ha realizado el mantenimiento preventivo sobre la farola: 1640156;29/05/2026;29/05/2026;0;cuad55;FINALIZADA;3,034325;-75,249295
Mayo;2067182;1640157;068403;LED;74,1;PRE;2;1;Se ha realizado el mantenimiento preventivo sobre la farola: 1640157;30/05/2026;30/05/2026;0;cuad59;FINALIZADA;3,034094;-75,249467
Mayo;2066719;1640158;068450;LED;74,1;PRE;2;1;Se ha realizado el mantenimiento preventivo sobre la farola: 1640158;29/05/2026;29/05/2026;0;cuad55;FINALIZADA;3,034472;-75,24916
Mayo;2067278;1640171;037097;LED;74,1;PRE;69A;2;Se ha realizado el mantenimiento preventivo sobre la farola: 1640171;30/05/2026;30/05/2026;0;cuad59;FINALIZADA;2,965601115;-75,29152797
Mayo;2067362;1640177;037082;LED;74,1;PRE;70;2;Se ha realizado el mantenimiento preventivo sobre la farola: 1640177;30/05/2026;30/05/2026;0;cuad59;FINALIZADA;2,966631039;-75,29111403
Mayo;2067274;1640178;037007;LED;74,1;PRE;70;2;Se ha realizado el mantenimiento preventivo sobre la farola: 1640178;30/05/2026;30/05/2026;0;cuad59;FINALIZADA;2,966836078;-75,29098001
Mayo;2067267;1640179;037068;LED;74,1;PRE;71;2;Se ha realizado el mantenimiento preventivo sobre la farola: 1640179;30/05/2026;30/05/2026;0;cuad59;FINALIZADA;2,966961057;-75,29082796
Mayo;2067270;1640180;037095;LED;74,1;PRE;71;2;Se ha realizado el mantenimiento preventivo sobre la farola: 1640180;30/05/2026;30/05/2026;0;cuad59;FINALIZADA;2,96707404;-75,29087901
Mayo;2066770;1640182;067810;LED;74,1;PRE;71A;2;Se ha realizado el mantenimiento preventivo sobre la farola: 1640182;29/05/2026;29/05/2026;0;cuad59;FINALIZADA;2,967559;-75,290671
Mayo;2066792;1640190;067858;LED;74,1;PRE;74;2;Se ha realizado el mantenimiento preventivo sobre la farola: 1640190;29/05/2026;29/05/2026;0;cuad59;FINALIZADA;2,968678;-75,289833
Mayo;2066769;1640193;067894;LED;74,1;PRE;72;2;Se ha realizado el mantenimiento preventivo sobre la farola: 1640193;29/05/2026;29/05/2026;0;cuad59;FINALIZADA;2,967976;-75,290219
Mayo;2066772;1640194;067857;LED;74,1;PRE;72;2;Se ha realizado el mantenimiento preventivo sobre la farola: 1640194;29/05/2026;29/05/2026;0;cuad59;FINALIZADA;2,967706;-75,290339
Mayo;2066868;1640253;067605;LED;74,1;PRE;80A;3;Se ha realizado el mantenimiento preventivo sobre la farola: 1640253;29/05/2026;29/05/2026;0;cuad59;FINALIZADA;2,974013;-75,287092
Mayo;2066797;1640254;068422;LED;74,1;PRE;80;3;Se ha realizado el mantenimiento preventivo sobre la farola: 1640254;29/05/2026;29/05/2026;0;cuad59;FINALIZADA;2,973722;-75,287146
Mayo;2067265;1640255;067616;LED;74,1;PRE;79A;3;Se ha realizado el mantenimiento preventivo sobre la farola: 1640255;30/05/2026;30/05/2026;0;cuad59;FINALIZADA;2,973478;-75,287298
Mayo;2058310;1640677;020402;LED;37;PRE;46;7;Se ha realizado el mantenimiento preventivo sobre la farola: 1640677;21/05/2026;21/05/2026;0;cuad59;FINALIZADA;2,954658105;-75,29013196
Mayo;2048972;1640774;003339;LED;27,8;PRE;25;CALLE 21;Se ha realizado el mantenimiento preventivo sobre la farola: 1640774;13/05/2026;14/05/2026;1;cuad63;FINALIZADA;2,94053705;-75,2822472
Mayo;2050817;1640776;028025;LED;74,1;PRE;21;14;Se ha realizado el mantenimiento preventivo sobre la farola: 1640776;15/05/2026;15/05/2026;0;cuad54;FINALIZADA;2,940097085;-75,28324999
Mayo;2050387;1640780;036722;LED;74,1;PRE;21;14;Se ha realizado el mantenimiento preventivo sobre la farola: 1640780;14/05/2026;15/05/2026;1;cuad59;FINALIZADA;2,940174095;-75,28281503
Mayo;2050842;1640781;028001;LED;74,1;PRE;21;14;Se ha realizado el mantenimiento preventivo sobre la farola: 1640781;15/05/2026;15/05/2026;0;cuad54;FINALIZADA;2,940259029;-75,28252602
Mayo;2050859;1640782;029217;LED;74,1;PRE;21;14;Se ha realizado el mantenimiento preventivo sobre la farola: 1640782;15/05/2026;15/05/2026;0;cuad54;FINALIZADA;2,940259029;-75,28252602
Mayo;2050840;1640783;028043;LED;74,1;PRE;21;14;Se ha realizado el mantenimiento preventivo sobre la farola: 1640783;15/05/2026;15/05/2026;0;cuad54;FINALIZADA;2,939969085;-75,28354403
Mayo;2050811;1640784;029219;LED;74,1;PRE;21;14;Se ha realizado el mantenimiento preventivo sobre la farola: 1640784;15/05/2026;15/05/2026;0;cuad54;FINALIZADA;2,939969085;-75,28354403
Mayo;2050814;1640794;028048;LED;74,1;PRE;20;9;Se ha realizado el mantenimiento preventivo sobre la farola: 1640794;15/05/2026;15/05/2026;0;cuad54;FINALIZADA;2,939572117;-75,28490898
Mayo;2050839;1640795;028083;LED;74,1;PRE;20;9;Se ha realizado el mantenimiento preventivo sobre la farola: 1640795;15/05/2026;15/05/2026;0;cuad54;FINALIZADA;2,939572117;-75,28490898
Mayo;2050838;1640796;029225;LED;74,1;PRE;21;12;Se ha realizado el mantenimiento preventivo sobre la farola: 1640796;15/05/2026;15/05/2026;0;cuad54;FINALIZADA;2,939669077;-75,28464904
Mayo;2050820;1640797;028022;LED;74,1;PRE;21;12;Se ha realizado el mantenimiento preventivo sobre la farola: 1640797;15/05/2026;15/05/2026;0;cuad54;FINALIZADA;2,939669077;-75,28464904
Mayo;2054062;1640881;019782;LED;37;PRE;21;5;Se ha realizado el mantenimiento preventivo sobre la farola: 1640881;19/05/2026;19/05/2026;0;cuad56;FINALIZADA;2,93693986;-75,29275153
Mayo;2054069;1640882;020886;LED;37;PRE;21;5;Se ha realizado el mantenimiento preventivo sobre la farola: 1640882;19/05/2026;19/05/2026;0;cuad56;FINALIZADA;2,9367244;-75,29267653
Mayo;2054066;1640883;020815;LED;37;PRE;21;5;Se ha realizado el mantenimiento preventivo sobre la farola: 1640883;19/05/2026;19/05/2026;0;cuad56;FINALIZADA;2,9371262;-75,29281244
Mayo;2051494;1640884;019784;LED;37;PRE;21;5;Se ha realizado el mantenimiento preventivo sobre la farola: 1640884;15/05/2026;21/05/2026;6;cuad57;FINALIZADA;2,93735666;-75,29290046
Mayo;2054072;1640890;020764;LED;37;PRE;21;5;Se ha realizado el mantenimiento preventivo sobre la farola: 1640890;19/05/2026;19/05/2026;0;cuad56;FINALIZADA;2,93851918;-75,29333061
Mayo;2054071;1641050;019980;LED;37;PRE;21;5;Se ha realizado el mantenimiento preventivo sobre la farola: 1641050;19/05/2026;19/05/2026;0;cuad56;FINALIZADA;2,936441;-75,29257381
Mayo;2030582;1641108;028722;LED;74,1;PRE;21;3;Se ha realizado el mantenimiento preventivo sobre la farola: 1641108;24/04/2026;21/05/2026;27;cuad59;FINALIZADA;2,935551056;-75,29413497
Mayo;2054110;1641124;008590;LED;27,8;PRE;21;5;Se ha realizado el mantenimiento preventivo sobre la farola: 1641124;19/05/2026;19/05/2026;0;cuad56;FINALIZADA;2,935311;-75,292048
Mayo;2054108;1641128;008589;LED;27,8;PRE;21;5;Se ha realizado el mantenimiento preventivo sobre la farola: 1641128;19/05/2026;19/05/2026;0;cuad56;FINALIZADA;2,93499648;-75,2919308
Mayo;2054107;1641132;008521;LED;27,8;PRE;21;5;Se ha realizado el mantenimiento preventivo sobre la farola: 1641132;19/05/2026;19/05/2026;0;cuad56;FINALIZADA;2,93468473;-75,29182245
Mayo;2050887;1641636;038879;LED;92,6;PRE;CARRERA;CIRCUMVALAR;Se ha realizado el mantenimiento preventivo sobre la farola: 1641636;15/05/2026;15/05/2026;0;cuad54;FINALIZADA;2,929948063;-75,29664602
Mayo;2050885;1641638;038855;LED;92,6;PRE;CARRERA;CIRCUMVALAR;Se ha realizado el mantenimiento preventivo sobre la farola: 1641638;15/05/2026;15/05/2026;0;cuad54;FINALIZADA;2,929636092;-75,29642602
Mayo;2051416;1641639;038864;LED;92,6;PRE;CARRERA;CIRCUMVALAR;Se ha realizado el mantenimiento preventivo sobre la farola: 1641639;15/05/2026;19/05/2026;4;cuad63;FINALIZADA;2,929636092;-75,29642602
Mayo;2051446;1641654;069501;LED;106,5;PRE;10;5;Se ha realizado el mantenimiento preventivo sobre la farola: 1641654;15/05/2026;19/05/2026;4;cuad63;FINALIZADA;2,929158112;-75,28860402
Mayo;2048980;1641663;007732;LED;27,8;PRE;10;1G;Se ha realizado el mantenimiento preventivo sobre la farola: 1641663;13/05/2026;14/05/2026;1;cuad63;FINALIZADA;2,927845043;-75,29308799
Mayo;2046238;1641667;007791;LED;27,8;PRE;10;2;Se ha realizado el mantenimiento preventivo sobre la farola: 1641667;12/05/2026;12/05/2026;0;cuad56;FINALIZADA;2,928193102;-75,29196896
Mayo;2051466;1641671;030813;LED;106,5;PRE;10;6;Se ha realizado el mantenimiento preventivo sobre la farola: 1641671;15/05/2026;21/05/2026;6;cuad57;FINALIZADA;2,929305049;-75,28784901
Mayo;2062659;1641672;030811;LED;106,5;PRE;10;6;Se ha realizado el mantenimiento preventivo sobre la farola: 1641672;26/05/2026;28/05/2026;2;cuad63;FINALIZADA;2,929305049;-75,28784901
Mayo;2048981;1641681;007450;LED;27,8;PRE;11;1;Se ha realizado el mantenimiento preventivo sobre la farola: 1641681;13/05/2026;14/05/2026;1;cuad63;FINALIZADA;2,927452115;-75,29419
Mayo;2048985;1641682;008390;LED;27,8;PRE;11;1;Se ha realizado el mantenimiento preventivo sobre la farola: 1641682;13/05/2026;14/05/2026;1;cuad63;FINALIZADA;2,927396061;-75,29439397
Mayo;2048982;1641683;008377;LED;27,8;PRE;10;1G;Se ha realizado el mantenimiento preventivo sobre la farola: 1641683;13/05/2026;14/05/2026;1;cuad63;FINALIZADA;2,927625028;-75,29375003
Mayo;2048028;1641684;007431;LED;27,8;PRE;10;1G;Se ha realizado el mantenimiento preventivo sobre la farola: 1641684;13/05/2026;13/05/2026;0;cuad54;FINALIZADA;2,927723062;-75,29354003
Mayo;2046250;1641759;007774;LED;27,8;PRE;10;2;Se ha realizado el mantenimiento preventivo sobre la farola: 1641759;12/05/2026;12/05/2026;0;cuad56;FINALIZADA;2,928140113;-75,29221496
Mayo;2051448;1641890;069249;LED;106,5;PRE;10;3;Se ha realizado el mantenimiento preventivo sobre la farola: 1641890;15/05/2026;19/05/2026;4;cuad63;FINALIZADA;2,92866193;-75,29074146
Mayo;2051471;1641891;069538;LED;106,5;PRE;10;3;Se ha realizado el mantenimiento preventivo sobre la farola: 1641891;15/05/2026;21/05/2026;6;cuad57;FINALIZADA;2,92866193;-75,29074146
Mayo;2051470;1641892;069275;LED;106,5;PRE;10;3;Se ha realizado el mantenimiento preventivo sobre la farola: 1641892;15/05/2026;21/05/2026;6;cuad57;FINALIZADA;2,92859974;-75,29095132
Mayo;2051468;1641895;069287;LED;106,5;PRE;10;3;Se ha realizado el mantenimiento preventivo sobre la farola: 1641895;15/05/2026;21/05/2026;6;cuad57;FINALIZADA;2,9285419;-75,29113296
Mayo;2051463;1642057;069533;LED;106,5;PRE;9;8;Se ha realizado el mantenimiento preventivo sobre la farola: 1642057;15/05/2026;21/05/2026;6;cuad57;FINALIZADA;2,929506062;-75,28683801
Mayo;2051464;1642059;062944;LED;106,5;PRE;9;8;Se ha realizado el mantenimiento preventivo sobre la farola: 1642059;15/05/2026;21/05/2026;6;cuad57;FINALIZADA;2,929684101;-75,28615203
Mayo;2062660;1642060;062954;LED;106,5;PRE;9;8;Se ha realizado el mantenimiento preventivo sobre la farola: 1642060;26/05/2026;28/05/2026;2;cuad63;FINALIZADA;2,929684101;-75,28615203
Mayo;2050874;1642163;028457;LED;74,1;PRE;15;12;Se ha realizado el mantenimiento preventivo sobre la farola: 1642163;15/05/2026;21/05/2026;6;cuad54;FINALIZADA;2,93428308;-75,28349697
Mayo;2050864;1642164;028317;LED;74,1;PRE;15;12;Se ha realizado el mantenimiento preventivo sobre la farola: 1642164;15/05/2026;15/05/2026;0;cuad54;FINALIZADA;2,93428308;-75,28349697
Mayo;2050866;1642174;028389;LED;74,1;PRE;18;12;Se ha realizado el mantenimiento preventivo sobre la farola: 1642174;15/05/2026;21/05/2026;6;cuad54;FINALIZADA;2,935841042;-75,28391498
Mayo;2050883;1642176;037056;LED;74,1;PRE;18;12;Se ha realizado el mantenimiento preventivo sobre la farola: 1642176;15/05/2026;21/05/2026;6;cuad54;FINALIZADA;2,936116049;-75,28399603
Mayo;2050875;1642177;037046;LED;74,1;PRE;18;12;Se ha realizado el mantenimiento preventivo sobre la farola: 1642177;15/05/2026;21/05/2026;6;cuad54;FINALIZADA;2,936116049;-75,28399603
Mayo;2050876;1642178;037053;LED;74,1;PRE;18;12;Se ha realizado el mantenimiento preventivo sobre la farola: 1642178;15/05/2026;21/05/2026;6;cuad54;FINALIZADA;2,936348089;-75,28405296
Mayo;2050882;1642179;037055;LED;74,1;PRE;18;12;Se ha realizado el mantenimiento preventivo sobre la farola: 1642179;15/05/2026;21/05/2026;6;cuad54;FINALIZADA;2,936348089;-75,28405296
Mayo;2050863;1642193;028398;LED;74,1;PRE;19;12;Se ha realizado el mantenimiento preventivo sobre la farola: 1642193;15/05/2026;21/05/2026;6;cuad54;FINALIZADA;2,937964031;-75,28451202
Mayo;2050862;1642194;028387;LED;74,1;PRE;19;12;Se ha realizado el mantenimiento preventivo sobre la farola: 1642194;15/05/2026;21/05/2026;6;cuad54;FINALIZADA;2,937964031;-75,28451202
Mayo;2050865;1642197;028303;LED;74,1;PRE;18;12;Se ha realizado el mantenimiento preventivo sobre la farola: 1642197;15/05/2026;15/05/2026;0;cuad54;FINALIZADA;2,937313052;-75,28435204
Mayo;2050861;1642198;028394;LED;74,1;PRE;18;12;Se ha realizado el mantenimiento preventivo sobre la farola: 1642198;15/05/2026;15/05/2026;0;cuad54;FINALIZADA;2,937313052;-75,28435204
Mayo;2050860;1642199;028384;LED;74,1;PRE;18;12;Se ha realizado el mantenimiento preventivo sobre la farola: 1642199;15/05/2026;21/05/2026;6;cuad54;FINALIZADA;2,937003036;-75,28426198
Mayo;2050867;1642200;028383;LED;74,1;PRE;18;12;Se ha realizado el mantenimiento preventivo sobre la farola: 1642200;15/05/2026;21/05/2026;6;cuad54;FINALIZADA;2,937003036;-75,28426198
Mayo;2050868;1642202;028370;LED;74,1;PRE;17;12;Se ha realizado el mantenimiento preventivo sobre la farola: 1642202;15/05/2026;21/05/2026;6;cuad54;FINALIZADA;2,9367141;-75,28416796
Mayo;2050367;1642207;036051;LED;60,2;PRE;13;12;Se ha realizado el mantenimiento preventivo sobre la farola: 1642207;14/05/2026;15/05/2026;1;cuad59;FINALIZADA;2,933571038;-75,28332204
Mayo;2067300;1643073;067622;LED;74,1;PRE;CARRERA;CALLE;Se ha realizado el mantenimiento preventivo sobre la farola: 1643073;30/05/2026;30/05/2026;0;cuad59;FINALIZADA;2,980578;-75,283449
Mayo;2067346;1643074;067640;LED;74,1;PRE;CARRERA;CALLE;Se ha realizado el mantenimiento preventivo sobre la farola: 1643074;30/05/2026;30/05/2026;0;cuad59;FINALIZADA;2,980825;-75,283399
Mayo;2066763;1643102;067623;LED;74,1;PRE;CARRERA;CALLE;Se ha realizado el mantenimiento preventivo sobre la farola: 1643102;29/05/2026;29/05/2026;0;cuad59;FINALIZADA;2,983863111;-75,28009301
Mayo;2067178;1643113;067967;LED;74,1;PRE;CARRERA;CALLE;Se ha realizado el mantenimiento preventivo sobre la farola: 1643113;30/05/2026;30/05/2026;0;cuad59;FINALIZADA;2,985186;-75,277424
Mayo;2066767;1643115;067973;LED;74,1;PRE;CARRERA;CALLE;Se ha realizado el mantenimiento preventivo sobre la farola: 1643115;29/05/2026;29/05/2026;0;cuad59;FINALIZADA;2,985412;-75,276775
Mayo;2066762;1643116;067991;LED;74,1;PRE;CARRERA;CALLE;Se ha realizado el mantenimiento preventivo sobre la farola: 1643116;29/05/2026;29/05/2026;0;cuad59;FINALIZADA;2,985511;-75,2765
Mayo;2065119;1643323;067583;LED;60,2;PRE;CARRERA;7;Se ha realizado el mantenimiento preventivo sobre la farola: 1643323;27/05/2026;28/05/2026;1;cuad63;FINALIZADA;2,96033;-75,288328
Mayo;2065118;1643324;067600;LED;60,2;PRE;CARRERA;7;Se ha realizado el mantenimiento preventivo sobre la farola: 1643324;27/05/2026;28/05/2026;1;cuad63;FINALIZADA;2,96055;-75,288262
Mayo;2065120;1643326;067570;LED;60,2;PRE;CARRERA;7;Se ha realizado el mantenimiento preventivo sobre la farola: 1643326;27/05/2026;28/05/2026;1;cuad63;FINALIZADA;2,960782;-75,288197
Mayo;2065117;1643327;067582;LED;60,2;PRE;CARRERA;7;Se ha realizado el mantenimiento preventivo sobre la farola: 1643327;27/05/2026;28/05/2026;1;cuad63;FINALIZADA;2,960782;-75,288197
Mayo;2051489;1643603;040078;LED;106,5;PRE;25;16;Se ha realizado el mantenimiento preventivo sobre la farola: 1643603;15/05/2026;21/05/2026;6;cuad57;FINALIZADA;2,941726055;-75,28228397
Mayo;2051484;1643604;040089;LED;106,5;PRE;25;16;Se ha realizado el mantenimiento preventivo sobre la farola: 1643604;15/05/2026;21/05/2026;6;cuad57;FINALIZADA;2,941726055;-75,28228397
Mayo;2051490;1643610;068543;LED;106,5;PRE;21;CALLE 21;Se ha realizado el mantenimiento preventivo sobre la farola: 1643610;15/05/2026;21/05/2026;6;cuad57;FINALIZADA;2,94025778;-75,28213818
Mayo;2062661;1644321;030841;LED;106,5;PRE;11;7;Se ha realizado el mantenimiento preventivo sobre la farola: 1644321;26/05/2026;28/05/2026;2;cuad63;FINALIZADA;2,930591042;-75,28762699
Mayo;2051478;1644322;030825;LED;106,5;PRE;11;7;Se ha realizado el mantenimiento preventivo sobre la farola: 1644322;15/05/2026;21/05/2026;6;cuad57;FINALIZADA;2,930873095;-75,28774701
Mayo;2051480;1644326;030845;LED;106,5;PRE;11;7;Se ha realizado el mantenimiento preventivo sobre la farola: 1644326;15/05/2026;21/05/2026;6;cuad57;FINALIZADA;2,931408098;-75,28787798
Mayo;2051479;1644327;030839;LED;106,5;PRE;11;7;Se ha realizado el mantenimiento preventivo sobre la farola: 1644327;15/05/2026;21/05/2026;6;cuad57;FINALIZADA;2,931408098;-75,28787798
Mayo;2051481;1644330;068568;LED;106,5;PRE;10;7;Se ha realizado el mantenimiento preventivo sobre la farola: 1644330;15/05/2026;21/05/2026;6;cuad57;FINALIZADA;2,930260039;-75,28752802
Mayo;2051482;1644331;062937;LED;106,5;PRE;10;7;Se ha realizado el mantenimiento preventivo sobre la farola: 1644331;15/05/2026;21/05/2026;6;cuad57;FINALIZADA;2,930260039;-75,28752802
Mayo;2051473;1644332;030843;LED;106,5;PRE;10;7;Se ha realizado el mantenimiento preventivo sobre la farola: 1644332;15/05/2026;21/05/2026;6;cuad57;FINALIZADA;2,930140089;-75,28747597
Mayo;2051472;1644333;030835;LED;106,5;PRE;10;7;Se ha realizado el mantenimiento preventivo sobre la farola: 1644333;15/05/2026;21/05/2026;6;cuad57;FINALIZADA;2,930140089;-75,28747597
Mayo;2051477;1644334;062938;LED;106,5;PRE;10;7;Se ha realizado el mantenimiento preventivo sobre la farola: 1644334;15/05/2026;28/05/2026;13;cuad57;FINALIZADA;2,929937097;-75,28739098
Mayo;2051474;1644335;062924;LED;106,5;PRE;10;7;Se ha realizado el mantenimiento preventivo sobre la farola: 1644335;15/05/2026;28/05/2026;13;cuad57;FINALIZADA;2,929937097;-75,28739098
Mayo;2051492;1644336;040135;LED;106,5;PRE;10;7;Se ha realizado el mantenimiento preventivo sobre la farola: 1644336;15/05/2026;28/05/2026;13;cuad57;FINALIZADA;2,929746037;-75,28734504
Mayo;2051475;1644337;030837;LED;106,5;PRE;10;7;Se ha realizado el mantenimiento preventivo sobre la farola: 1644337;15/05/2026;28/05/2026;13;cuad57;FINALIZADA;2,929746037;-75,28734504
Mayo;2050886;1644389;038875;LED;92,6;PRE;11;1;Se ha realizado el mantenimiento preventivo sobre la farola: 1644389;15/05/2026;15/05/2026;0;cuad54;FINALIZADA;2,928253101;-75,29533704
Mayo;2050888;1644390;038872;LED;92,6;PRE;11;1;Se ha realizado el mantenimiento preventivo sobre la farola: 1644390;15/05/2026;15/05/2026;0;cuad54;FINALIZADA;2,928253101;-75,29533704
Mayo;2050365;1644411;036260;LED;60,2;PRE;15;5;Se ha realizado el mantenimiento preventivo sobre la farola: 1644411;14/05/2026;15/05/2026;1;cuad59;FINALIZADA;2,932974;-75,291143
Mayo;2050366;1644412;036265;LED;60,2;PRE;15;5;Se ha realizado el mantenimiento preventivo sobre la farola: 1644412;14/05/2026;15/05/2026;1;cuad59;FINALIZADA;2,932974;-75,291143
Mayo;2051488;1644614;068541;LED;106,5;PRE;18;16;Se ha realizado el mantenimiento preventivo sobre la farola: 1644614;15/05/2026;28/05/2026;13;cuad57;FINALIZADA;2,93738709;-75,28173101
Mayo;2051483;1644615;068542;LED;106,5;PRE;18;16;Se ha realizado el mantenimiento preventivo sobre la farola: 1644615;15/05/2026;28/05/2026;13;cuad57;FINALIZADA;2,93738709;-75,28173101
Mayo;2051485;1644620;040088;LED;106,5;PRE;19;16;Se ha realizado el mantenimiento preventivo sobre la farola: 1644620;15/05/2026;28/05/2026;13;cuad57;FINALIZADA;2,93849743;-75,2818819
Mayo;2051491;1644623;040080;LED;106,5;PRE;19;16;Se ha realizado el mantenimiento preventivo sobre la farola: 1644623;15/05/2026;28/05/2026;13;cuad57;FINALIZADA;2,93893919;-75,28195102
Mayo;2051486;1644624;040092;LED;106,5;PRE;19;16;Se ha realizado el mantenimiento preventivo sobre la farola: 1644624;15/05/2026;28/05/2026;13;cuad57;FINALIZADA;2,93938033;-75,28201134
Mayo;2051487;1644626;040085;LED;106,5;PRE;20;16;Se ha realizado el mantenimiento preventivo sobre la farola: 1644626;15/05/2026;28/05/2026;13;cuad57;FINALIZADA;2,93983069;-75,28207769
Mayo;2066859;1646032;068474;LED;74,1;PRE;CARRERA;CALLE;Se ha realizado el mantenimiento preventivo sobre la farola: 1646032;29/05/2026;29/05/2026;0;cuad59;FINALIZADA;3,022062;-75,254051
Mayo;2066863;1646034;068452;LED;74,1;PRE;CARRERA;CALLE;Se ha realizado el mantenimiento preventivo sobre la farola: 1646034;29/05/2026;29/05/2026;0;cuad59;FINALIZADA;3,022613;-75,253817
Mayo;2067371;1646044;068470;LED;74,1;PRE;CARRERA;0;Se ha realizado el mantenimiento preventivo sobre la farola: 1646044;30/05/2026;30/05/2026;0;cuad59;FINALIZADA;3,025133;-75,25281
Mayo;2066876;1646048;068477;LED;74,1;PRE;CARRERA;0;Se ha realizado el mantenimiento preventivo sobre la farola: 1646048;29/05/2026;29/05/2026;0;cuad59;FINALIZADA;3,026131;-75,2524
Mayo;2066880;1646050;068473;LED;74,1;PRE;CARRERA;0;Se ha realizado el mantenimiento preventivo sobre la farola: 1646050;29/05/2026;29/05/2026;0;cuad59;FINALIZADA;3,026596;-75,252206
Mayo;2066869;1646051;068468;LED;74,1;PRE;CARRERA;0;Se ha realizado el mantenimiento preventivo sobre la farola: 1646051;29/05/2026;29/05/2026;0;cuad59;FINALIZADA;3,026797;-75,252103
Mayo;2066865;1646052;068442;LED;74,1;PRE;CARRERA;0;Se ha realizado el mantenimiento preventivo sobre la farola: 1646052;29/05/2026;29/05/2026;0;cuad59;FINALIZADA;3,02704;-75,252018
Mayo;2067175;1646062;067911;LED;74,1;PRE;CARRERA;CALLE;Se ha realizado el mantenimiento preventivo sobre la farola: 1646062;30/05/2026;30/05/2026;0;cuad59;FINALIZADA;3,017690061;-75,25590103
Mayo;2066875;1646064;068424;LED;74,1;PRE;CARRERA;CALLE;Se ha realizado el mantenimiento preventivo sobre la farola: 1646064;29/05/2026;29/05/2026;0;cuad59;FINALIZADA;3,018233;-75,255675
Mayo;2066873;1646066;068431;LED;74,1;PRE;CARRERA;CALLE;Se ha realizado el mantenimiento preventivo sobre la farola: 1646066;29/05/2026;29/05/2026;0;cuad59;FINALIZADA;3,018769;-75,255445
Mayo;2066866;1646068;068487;LED;74,1;PRE;CARRERA;CALLE;Se ha realizado el mantenimiento preventivo sobre la farola: 1646068;29/05/2026;29/05/2026;0;cuad59;FINALIZADA;3,019315;-75,255216
Mayo;2066723;1646069;067697;LED;74,1;PRE;CARRERA;CALLE;Se ha realizado el mantenimiento preventivo sobre la farola: 1646069;29/05/2026;29/05/2026;0;cuad55;FINALIZADA;3,015018;-75,257813
Mayo;2050368;1646131;030368;LED;60,2;PRE;26;8B;Se ha realizado el mantenimiento preventivo sobre la farola: 1646131;14/05/2026;15/05/2026;1;cuad59;FINALIZADA;2,943033065;-75,28759103
Mayo;2066760;1646525;068404;LED;74,1;PRE;2;1;Se ha realizado el mantenimiento preventivo sobre la farola: 1646525;29/05/2026;29/05/2026;0;cuad59;FINALIZADA;3,034281;-75,249223
Mayo;2062662;1647266;020836;LED;37;PRE;CARRERA;5;Se ha realizado el mantenimiento preventivo sobre la farola: 1647266;26/05/2026;28/05/2026;2;cuad63;FINALIZADA;2,93642165;-75,29250325
Mayo;2047956;1647808;011888;LED;27,8;PRE;CARRERA;CALLE;Se ha realizado el mantenimiento preventivo sobre la farola: 1647808;13/05/2026;13/05/2026;0;cuad54;FINALIZADA;2,933126;-75,291123
Mayo;2062683;1649334;054495;LED;46,3;PRE;64;CALLE;Se ha realizado el mantenimiento preventivo sobre la farola: 1649334;26/05/2026;28/05/2026;2;cuad63;FINALIZADA;2,96235843;-75,292386
Mayo;2049503;1649740;019776;LED;37;PRE;25;16;Se ha realizado el mantenimiento preventivo sobre la farola: 1649740;14/05/2026;14/05/2026;0;cuad56;FINALIZADA;2,94275411;-75,28244998
Mayo;2049507;1649741;019773;LED;37;PRE;25;16;Se ha realizado el mantenimiento preventivo sobre la farola: 1649741;14/05/2026;14/05/2026;0;cuad56;FINALIZADA;2,94275411;-75,28244998
Mayo;2049497;1649742;019777;LED;37;PRE;25;16;Se ha realizado el mantenimiento preventivo sobre la farola: 1649742;14/05/2026;14/05/2026;0;cuad56;FINALIZADA;2,942936043;-75,28245696
Mayo;2049500;1649743;019771;LED;37;PRE;25;16;Se ha realizado el mantenimiento preventivo sobre la farola: 1649743;14/05/2026;14/05/2026;0;cuad56;FINALIZADA;2,942936043;-75,28245696
Mayo;2049505;1649744;019778;LED;37;PRE;25;16;Se ha realizado el mantenimiento preventivo sobre la farola: 1649744;14/05/2026;14/05/2026;0;cuad56;FINALIZADA;2,943151082;-75,282484
Mayo;2049501;1649745;019774;LED;37;PRE;25;16;Se ha realizado el mantenimiento preventivo sobre la farola: 1649745;14/05/2026;14/05/2026;0;cuad56;FINALIZADA;2,943151082;-75,282484
Mayo;2049509;1649746;019780;LED;37;PRE;25;16;Se ha realizado el mantenimiento preventivo sobre la farola: 1649746;14/05/2026;14/05/2026;0;cuad56;FINALIZADA;2,942114053;-75,28238899
Mayo;2049511;1649747;019772;LED;37;PRE;25;16;Se ha realizado el mantenimiento preventivo sobre la farola: 1649747;14/05/2026;14/05/2026;0;cuad56;FINALIZADA;2,942114053;-75,28238899
Mayo;2051465;1650447;069250;LED;106,5;PRE;10;5;Se ha realizado el mantenimiento preventivo sobre la farola: 1650447;15/05/2026;28/05/2026;13;cuad57;FINALIZADA;2,929158112;-75,28860402
Mayo;2067308;1652048;068410;LED;74,1;PRE;5;1;Se ha realizado el mantenimiento preventivo sobre la farola: 1652048;30/05/2026;30/05/2026;0;cuad59;FINALIZADA;3,037267;-75,250145
Mayo;2067367;1652049;068429;LED;74,1;PRE;5;1;Se ha realizado el mantenimiento preventivo sobre la farola: 1652049;30/05/2026;30/05/2026;0;cuad59;FINALIZADA;3,036594;-75,250117
Mayo;2067375;1652051;068428;LED;74,1;PRE;5;2;Se ha realizado el mantenimiento preventivo sobre la farola: 1652051;30/05/2026;30/05/2026;0;cuad59;FINALIZADA;3,037696;-75,250238
Mayo;2067311;1652052;068411;LED;74,1;PRE;5;2;Se ha realizado el mantenimiento preventivo sobre la farola: 1652052;30/05/2026;30/05/2026;0;cuad59;FINALIZADA;3,038415;-75,250375
Mayo;2067169;1652060;051037;LED;74,1;PRE;4;2;Se ha realizado el mantenimiento preventivo sobre la farola: 1652060;30/05/2026;30/05/2026;0;cuad59;FINALIZADA;3,036330105;-75,25000399
Mayo;2058593;1652484;067391;LED;46,3;PRE;50;24;Se ha realizado el mantenimiento preventivo sobre la farola: 1652484;21/05/2026;23/05/2026;2;cuad63;FINALIZADA;2,958395;-75,277692
Mayo;2054388;1652561;035453;LED;27,8;PRE;61;6;Se ha realizado el mantenimiento preventivo sobre la farola: 1652561;19/05/2026;19/05/2026;0;cuad59;FINALIZADA;2,960022082;-75,28895697
Mayo;2050369;1652635;030366;LED;60,2;PRE;26;8;Se ha realizado el mantenimiento preventivo sobre la farola: 1652635;14/05/2026;15/05/2026;1;cuad59;FINALIZADA;2,942647062;-75,288867
Mayo;2049563;1653374;065254;LED;46,3;PRE;12;2;Se ha realizado el mantenimiento preventivo sobre la farola: 1653374;14/05/2026;14/05/2026;0;cuad56;FINALIZADA;2,929756045;-75,29200302
Mayo;2050350;1653380;024316;LED;46,3;PRE;10;3;Se ha realizado el mantenimiento preventivo sobre la farola: 1653380;14/05/2026;15/05/2026;1;cuad59;FINALIZADA;2,927316;-75,291655
Mayo;2049554;1653407;065229;LED;46,3;PRE;13;3;Se ha realizado el mantenimiento preventivo sobre la farola: 1653407;14/05/2026;21/05/2026;7;cuad56;FINALIZADA;2,931073061;-75,29250196
Mayo;2049549;1653408;065217;LED;46,3;PRE;13;3;Se ha realizado el mantenimiento preventivo sobre la farola: 1653408;14/05/2026;21/05/2026;7;cuad56;FINALIZADA;2,930945066;-75,29242796
Mayo;2050352;1653409;036988;LED;46,3;PRE;14;4;Se ha realizado el mantenimiento preventivo sobre la farola: 1653409;14/05/2026;15/05/2026;1;cuad59;FINALIZADA;2,931754044;-75,29174196
Mayo;2049545;1653410;065218;LED;46,3;PRE;14;4;Se ha realizado el mantenimiento preventivo sobre la farola: 1653410;14/05/2026;21/05/2026;7;cuad56;FINALIZADA;2,932236107;-75,29193302
Mayo;2050347;1653438;023534;LED;46,3;PRE;11;3;Se ha realizado el mantenimiento preventivo sobre la farola: 1653438;14/05/2026;15/05/2026;1;cuad59;FINALIZADA;2,929230099;-75,29183803
Mayo;2062691;1654810;034275;LED;46,3;PRE;70;1F;Se ha realizado el mantenimiento preventivo sobre la farola: 1654810;26/05/2026;27/05/2026;1;cuad63;FINALIZADA;2,965853097;-75,29177901
Mayo;2065115;1654811;034255;LED;46,3;PRE;70;2;Se ha realizado el mantenimiento preventivo sobre la farola: 1654811;27/05/2026;28/05/2026;1;cuad63;FINALIZADA;2,965823089;-75,29167101
Mayo;2062689;1654818;034221;LED;46,3;PRE;70;10;Se ha realizado el mantenimiento preventivo sobre la farola: 1654818;26/05/2026;27/05/2026;1;cuad63;FINALIZADA;2,965895108;-75,29199498
Mayo;2062692;1654819;034276;LED;46,3;PRE;70;10;Se ha realizado el mantenimiento preventivo sobre la farola: 1654819;26/05/2026;27/05/2026;1;cuad63;FINALIZADA;2,965944105;-75,292136
Mayo;2062685;1654820;034287;LED;46,3;PRE;70;10;Se ha realizado el mantenimiento preventivo sobre la farola: 1654820;26/05/2026;27/05/2026;1;cuad63;FINALIZADA;2,96601705;-75,29237503
Mayo;2062669;1654821;034042;LED;46,3;PRE;70;10;Se ha realizado el mantenimiento preventivo sobre la farola: 1654821;26/05/2026;27/05/2026;1;cuad63;FINALIZADA;2,966059057;-75,29260504
Mayo;2058609;1654822;034516;LED;46,3;PRE;70;1F;Se ha realizado el mantenimiento preventivo sobre la farola: 1654822;21/05/2026;23/05/2026;2;cuad63;FINALIZADA;2,966141045;-75,29285999
Mayo;2062670;1655061;036933;LED;46,3;PRE;70;1;Se ha realizado el mantenimiento preventivo sobre la farola: 1655061;26/05/2026;27/05/2026;1;cuad63;FINALIZADA;2,966598078;-75,29462798
Mayo;2062667;1655062;036937;LED;46,3;PRE;70;1;Se ha realizado el mantenimiento preventivo sobre la farola: 1655062;26/05/2026;27/05/2026;1;cuad63;FINALIZADA;2,966667041;-75,29487096
Mayo;2062671;1655063;036928;LED;46,3;PRE;70;1;Se ha realizado el mantenimiento preventivo sobre la farola: 1655063;26/05/2026;27/05/2026;1;cuad63;FINALIZADA;2,966732107;-75,29514004
Mayo;2062668;1655064;036932;LED;46,3;PRE;70;1;Se ha realizado el mantenimiento preventivo sobre la farola: 1655064;26/05/2026;27/05/2026;1;cuad63;FINALIZADA;2,966796099;-75,29536502
Mayo;2058607;1655065;036942;LED;46,3;PRE;70;1A;Se ha realizado el mantenimiento preventivo sobre la farola: 1655065;21/05/2026;23/05/2026;2;cuad63;FINALIZADA;2,966535067;-75,29445501
Mayo;2058612;1655066;036931;LED;46,3;PRE;70;1A;Se ha realizado el mantenimiento preventivo sobre la farola: 1655066;21/05/2026;23/05/2026;2;cuad63;FINALIZADA;2,96648907;-75,29426
Mayo;2058606;1655067;036925;LED;46,3;PRE;70;1A;Se ha realizado el mantenimiento preventivo sobre la farola: 1655067;21/05/2026;23/05/2026;2;cuad63;FINALIZADA;2,966442081;-75,294055
Mayo;2062672;1655068;034529;LED;46,3;PRE;70;1C ;Se ha realizado el mantenimiento preventivo sobre la farola: 1655068;26/05/2026;27/05/2026;1;cuad63;FINALIZADA;2,96637908;-75,29384504
Mayo;2062666;1655069;036922;LED;46,3;PRE;70;1C ;Se ha realizado el mantenimiento preventivo sobre la farola: 1655069;26/05/2026;27/05/2026;1;cuad63;FINALIZADA;2,966327116;-75,29363599
Mayo;2062674;1655070;036908;LED;46,3;PRE;70;1C ;Se ha realizado el mantenimiento preventivo sobre la farola: 1655070;26/05/2026;27/05/2026;1;cuad63;FINALIZADA;2,966273068;-75,29343504
Mayo;2058597;1655071;036926;LED;46,3;PRE;70;1C ;Se ha realizado el mantenimiento preventivo sobre la farola: 1655071;21/05/2026;23/05/2026;2;cuad63;FINALIZADA;2,966211076;-75,29317496
Mayo;2058601;1655075;036921;LED;46,3;PRE;70;1A;Se ha realizado el mantenimiento preventivo sobre la farola: 1655075;21/05/2026;23/05/2026;2;cuad63;FINALIZADA;2,966411102;-75,29453596
Mayo;2058594;1655076;036930;LED;46,3;PRE;70;1A;Se ha realizado el mantenimiento preventivo sobre la farola: 1655076;21/05/2026;23/05/2026;2;cuad63;FINALIZADA;2,966387064;-75,29443598
Mayo;2062673;1655078;036948;LED;46,3;PRE;70;1A;Se ha realizado el mantenimiento preventivo sobre la farola: 1655078;26/05/2026;27/05/2026;1;cuad63;FINALIZADA;2,966282049;-75,29402301
Mayo;2058596;1655086;036943;LED;46,3;PRE;69A;1C;Se ha realizado el mantenimiento preventivo sobre la farola: 1655086;21/05/2026;23/05/2026;2;cuad63;FINALIZADA;2,966215074;-75,29378597
Mayo;2058602;1655087;036949;LED;46,3;PRE;69A;1C;Se ha realizado el mantenimiento preventivo sobre la farola: 1655087;21/05/2026;23/05/2026;2;cuad63;FINALIZADA;2,966177102;-75,29369102
Mayo;2058603;1655093;036947;LED;46,3;PRE;70;1D;Se ha realizado el mantenimiento preventivo sobre la farola: 1655093;21/05/2026;23/05/2026;2;cuad63;FINALIZADA;2,966038101;-75,29316403
Mayo;2058608;1655094;036945;LED;46,3;PRE;70;1D;Se ha realizado el mantenimiento preventivo sobre la farola: 1655094;21/05/2026;23/05/2026;2;cuad63;FINALIZADA;2,966013081;-75,29301204
Mayo;2058605;1655095;036938;LED;46,3;PRE;70;1D;Se ha realizado el mantenimiento preventivo sobre la farola: 1655095;21/05/2026;23/05/2026;2;cuad63;FINALIZADA;2,965955049;-75,29282602
Mayo;2062687;1655120;034284;LED;46,3;PRE;70;1B;Se ha realizado el mantenimiento preventivo sobre la farola: 1655120;26/05/2026;27/05/2026;1;cuad63;FINALIZADA;2,96582309;-75,29234897
Mayo;2066794;1655740;068435;LED;74,1;PRE;CARRERA;CALLE;Se ha realizado el mantenimiento preventivo sobre la farola: 1655740;29/05/2026;29/05/2026;0;cuad59;FINALIZADA;3,027792;-75,251821
Mayo;2067355;1655819;068409;LED;74,1;PRE;5;1;Se ha realizado el mantenimiento preventivo sobre la farola: 1655819;30/05/2026;30/05/2026;0;cuad59;FINALIZADA;3,03708;-75,250253
Mayo;2067317;1655821;068418;LED;74,1;PRE;5;2;Se ha realizado el mantenimiento preventivo sobre la farola: 1655821;30/05/2026;30/05/2026;0;cuad59;FINALIZADA;3,037511;-75,250192
Mayo;2067347;1655822;068420;LED;74,1;PRE;5;2;Se ha realizado el mantenimiento preventivo sobre la farola: 1655822;30/05/2026;30/05/2026;0;cuad59;FINALIZADA;3,038031;-75,250326
Mayo;2066867;1655915;068446;LED;74,1;PRE;CARRERA;CALLE;Se ha realizado el mantenimiento preventivo sobre la farola: 1655915;29/05/2026;29/05/2026;0;cuad59;FINALIZADA;3,033124;-75,249821
Mayo;2067191;1655916;068434;LED;74,1;PRE;CARRERA;CALLE;Se ha realizado el mantenimiento preventivo sobre la farola: 1655916;30/05/2026;30/05/2026;0;cuad59;FINALIZADA;3,033436;-75,249708
Mayo;2066757;1655919;068436;LED;74,1;PRE;2;2;Se ha realizado el mantenimiento preventivo sobre la farola: 1655919;29/05/2026;29/05/2026;0;cuad59;FINALIZADA;3,035494;-75,24953
Mayo;2058614;1656087;036935;LED;46,3;PRE;70;1;Se ha realizado el mantenimiento preventivo sobre la farola: 1656087;21/05/2026;23/05/2026;2;cuad63;FINALIZADA;2,966448068;-75,29467203
Mayo;2058600;1656088;034534;LED;46,3;PRE;70;1;Se ha realizado el mantenimiento preventivo sobre la farola: 1656088;21/05/2026;23/05/2026;2;cuad63;FINALIZADA;2,966510064;-75,29491798
Mayo;2058610;1656089;036923;LED;46,3;PRE;70;1;Se ha realizado el mantenimiento preventivo sobre la farola: 1656089;21/05/2026;23/05/2026;2;cuad63;FINALIZADA;2,966578034;-75,29515304
Mayo;2058615;1656090;036944;LED;46,3;PRE;70;1;Se ha realizado el mantenimiento preventivo sobre la farola: 1656090;21/05/2026;23/05/2026;2;cuad63;FINALIZADA;2,966620062;-75,29530603
Mayo;2054353;1656308;004577;LED;27,8;PRE;76A;1A BIS;Se ha realizado el mantenimiento preventivo sobre la farola: 1656308;19/05/2026;19/05/2026;0;cuad59;FINALIZADA;2,970922056;-75,293657
Mayo;2066768;1656394;029404;LED;74,1;PRE;74C;2;Se ha realizado el mantenimiento preventivo sobre la farola: 1656394;29/05/2026;29/05/2026;0;cuad59;FINALIZADA;2,969792;-75,289602
Mayo;2058278;1656846;032668;LED;27,8;PRE;74;16;Se ha realizado el mantenimiento preventivo sobre la farola: 1656846;21/05/2026;21/05/2026;0;cuad55;FINALIZADA;2,968771;-75,290143
Mayo;2054344;1656907;007975;LED;27,8;PRE;67;1;Se ha realizado el mantenimiento preventivo sobre la farola: 1656907;19/05/2026;19/05/2026;0;cuad59;FINALIZADA;2,965122072;-75,29596298
Mayo;2054400;1656909;007477;LED;27,8;PRE;65A;1;Se ha realizado el mantenimiento preventivo sobre la farola: 1656909;19/05/2026;19/05/2026;0;cuad59;FINALIZADA;2,964257091;-75,29597103
Mayo;2058344;1657005;020536;LED;37;PRE;64;1;Se ha realizado el mantenimiento preventivo sobre la farola: 1657005;21/05/2026;21/05/2026;0;cuad59;FINALIZADA;2,963256086;-75,295824
Mayo;2062682;1657006;054489;LED;46,3;PRE;64;1;Se ha realizado el mantenimiento preventivo sobre la farola: 1657006;26/05/2026;28/05/2026;2;cuad63;FINALIZADA;2,963236053;-75,29563196
Mayo;2062694;1657657;034024;LED;46,3;PRE;70;3;Se ha realizado el mantenimiento preventivo sobre la farola: 1657657;26/05/2026;27/05/2026;1;cuad63;FINALIZADA;2,965545;-75,290628
Mayo;2065113;1657658;034025;LED;46,3;PRE;70;3;Se ha realizado el mantenimiento preventivo sobre la farola: 1657658;27/05/2026;28/05/2026;1;cuad63;FINALIZADA;2,965591;-75,290837
Mayo;2062693;1657659;034023;LED;46,3;PRE;70;3;Se ha realizado el mantenimiento preventivo sobre la farola: 1657659;26/05/2026;27/05/2026;1;cuad63;FINALIZADA;2,965633;-75,291039
Mayo;2062675;1657984;034325;LED;46,3;PRE;64B;3;Se ha realizado el mantenimiento preventivo sobre la farola: 1657984;26/05/2026;27/05/2026;1;cuad63;FINALIZADA;2,965534065;-75,29123298
Mayo;2062677;1657985;034316;LED;46,3;PRE;64B;3;Se ha realizado el mantenimiento preventivo sobre la farola: 1657985;26/05/2026;27/05/2026;1;cuad63;FINALIZADA;2,96545706;-75,29094599
Mayo;2062676;1657986;034315;LED;46,3;PRE;64A;3;Se ha realizado el mantenimiento preventivo sobre la farola: 1657986;26/05/2026;27/05/2026;1;cuad63;FINALIZADA;2,965428054;-75,29081604
Mayo;2058340;1658464;021394;LED;37;PRE;64;1E;Se ha realizado el mantenimiento preventivo sobre la farola: 1658464;21/05/2026;21/05/2026;0;cuad59;FINALIZADA;2,9625805;-75,29328455
Mayo;2058336;1658467;021333;LED;37;PRE;64;1E;Se ha realizado el mantenimiento preventivo sobre la farola: 1658467;21/05/2026;21/05/2026;0;cuad59;FINALIZADA;2,962448108;-75,29275302
Mayo;2058334;1658468;020697;LED;37;PRE;64;1D;Se ha realizado el mantenimiento preventivo sobre la farola: 1658468;21/05/2026;21/05/2026;0;cuad59;FINALIZADA;2,962381045;-75,29250599
Mayo;2058333;1658483;020816;LED;37;PRE;66;2;Se ha realizado el mantenimiento preventivo sobre la farola: 1658483;21/05/2026;21/05/2026;0;cuad59;FINALIZADA;2,963722074;-75,292168
Mayo;2058328;1658484;020818;LED;37;PRE;66A;2;Se ha realizado el mantenimiento preventivo sobre la farola: 1658484;21/05/2026;21/05/2026;0;cuad59;FINALIZADA;2,963860051;-75,29212601
Mayo;2058330;1658485;020817;LED;37;PRE;66A;1C;Se ha realizado el mantenimiento preventivo sobre la farola: 1658485;21/05/2026;21/05/2026;0;cuad59;FINALIZADA;2,964010061;-75,29208204
Mayo;2054398;1658740;035914;LED;27,8;PRE;64;3;Se ha realizado el mantenimiento preventivo sobre la farola: 1658740;19/05/2026;19/05/2026;0;cuad59;FINALIZADA;2,961755064;-75,29019499
Mayo;2054399;1658741;040319;LED;27,8;PRE;64;3;Se ha realizado el mantenimiento preventivo sobre la farola: 1658741;19/05/2026;19/05/2026;0;cuad59;FINALIZADA;2,961838035;-75,29049701
Mayo;2058587;1658748;041492;LED;37;PRE;64B;CALLE;Se ha realizado el mantenimiento preventivo sobre la farola: 1658748;21/05/2026;23/05/2026;2;cuad63;FINALIZADA;2,962113048;-75,290895
Mayo;2058350;1658749;041491;LED;37;PRE;64B;CALLE;Se ha realizado el mantenimiento preventivo sobre la farola: 1658749;21/05/2026;21/05/2026;0;cuad59;FINALIZADA;2,962113048;-75,290895
Mayo;2058308;1659815;053024;LED;37;PRE;64;5;Se ha realizado el mantenimiento preventivo sobre la farola: 1659815;21/05/2026;21/05/2026;0;cuad59;FINALIZADA;2,96163861;-75,2903006
Mayo;2050370;1660021;030372;LED;60,2;PRE;26;8A;Se ha realizado el mantenimiento preventivo sobre la farola: 1660021;14/05/2026;15/05/2026;1;cuad59;FINALIZADA;2,942967051;-75,28782902
Mayo;2050375;1660047;030369;LED;60,2;PRE;26;8;Se ha realizado el mantenimiento preventivo sobre la farola: 1660047;14/05/2026;15/05/2026;1;cuad59;FINALIZADA;2,94265003;-75,288584
Mayo;2050374;1660049;026121;LED;60,2;PRE;26;8;Se ha realizado el mantenimiento preventivo sobre la farola: 1660049;14/05/2026;15/05/2026;1;cuad59;FINALIZADA;2,942836066;-75,28811802
Mayo;2050372;1660053;026104;LED;60,2;PRE;26;7B;Se ha realizado el mantenimiento preventivo sobre la farola: 1660053;14/05/2026;15/05/2026;1;cuad59;FINALIZADA;2,942553101;-75,28907196
Mayo;2050373;1660054;030375;LED;60,2;PRE;26;7B;Se ha realizado el mantenimiento preventivo sobre la farola: 1660054;14/05/2026;15/05/2026;1;cuad59;FINALIZADA;2,942516;-75,289353
Mayo;2050371;1660055;026103;LED;60,2;PRE;26;7;Se ha realizado el mantenimiento preventivo sobre la farola: 1660055;14/05/2026;15/05/2026;1;cuad59;FINALIZADA;2,942424;-75,289617
Mayo;2050359;1664858;025938;LED;60,2;PRE;12;2;Se ha realizado el mantenimiento preventivo sobre la farola: 1664858;14/05/2026;15/05/2026;1;cuad59;FINALIZADA;2,929854089;-75,29209996
Mayo;2050348;1664874;023576;LED;46,3;PRE;10;3;Se ha realizado el mantenimiento preventivo sobre la farola: 1664874;14/05/2026;15/05/2026;1;cuad59;FINALIZADA;2,928536;-75,291582
Mayo;2050349;1664875;024345;LED;46,3;PRE;10;3;Se ha realizado el mantenimiento preventivo sobre la farola: 1664875;14/05/2026;15/05/2026;1;cuad59;FINALIZADA;2,928962056;-75,29176697
Mayo;2049564;1664980;023180;LED;46,3;PRE;11;2;Se ha realizado el mantenimiento preventivo sobre la farola: 1664980;14/05/2026;21/05/2026;7;cuad56;FINALIZADA;2,928966046;-75,29242196
Mayo;2050345;1664981;023531;LED;46,3;PRE;11;2;Se ha realizado el mantenimiento preventivo sobre la farola: 1664981;14/05/2026;15/05/2026;1;cuad59;FINALIZADA;2,929039041;-75,29212899
Mayo;2050351;1664982;024315;LED;46,3;PRE;11;2;Se ha realizado el mantenimiento preventivo sobre la farola: 1664982;14/05/2026;15/05/2026;1;cuad59;FINALIZADA;2,929133109;-75,29186104
Mayo;2049515;1664987;065259;LED;46,3;PRE;14;3;Se ha realizado el mantenimiento preventivo sobre la farola: 1664987;14/05/2026;21/05/2026;7;cuad56;FINALIZADA;2,931977037;-75,29283099
Mayo;2049532;1664988;065255;LED;46,3;PRE;14;3;Se ha realizado el mantenimiento preventivo sobre la farola: 1664988;14/05/2026;14/05/2026;0;cuad56;FINALIZADA;2,932217034;-75,29290502
Mayo;2049561;1664989;065221;LED;46,3;PRE;14;3;Se ha realizado el mantenimiento preventivo sobre la farola: 1664989;14/05/2026;21/05/2026;7;cuad56;FINALIZADA;2,931442056;-75,29261804
Mayo;2050362;1664992;025173;LED;60,2;PRE;13;4;Se ha realizado el mantenimiento preventivo sobre la farola: 1664992;14/05/2026;15/05/2026;1;cuad59;FINALIZADA;2,931489093;-75,29161096
Mayo;2050358;1664993;025372;LED;60,2;PRE;13;4;Se ha realizado el mantenimiento preventivo sobre la farola: 1664993;14/05/2026;15/05/2026;1;cuad59;FINALIZADA;2,931195097;-75,29149697
Mayo;2050360;1664994;025168;LED;60,2;PRE;12;4;Se ha realizado el mantenimiento preventivo sobre la farola: 1664994;14/05/2026;15/05/2026;1;cuad59;FINALIZADA;2,930955101;-75,29141898
Mayo;2050353;1664995;023238;LED;46,3;PRE;12;4;Se ha realizado el mantenimiento preventivo sobre la farola: 1664995;14/05/2026;15/05/2026;1;cuad59;FINALIZADA;2,930711031;-75,29135701
Mayo;2048002;1664996;064627;LED;27,8;PRE;12;4;Se ha realizado el mantenimiento preventivo sobre la farola: 1664996;13/05/2026;13/05/2026;0;cuad54;FINALIZADA;2,930471042;-75,29125103
Mayo;2049520;1665019;067381;LED;46,3;PRE;16;3;Se ha realizado el mantenimiento preventivo sobre la farola: 1665019;14/05/2026;21/05/2026;7;cuad56;FINALIZADA;2,933075066;-75,293176
Mayo;2049513;1665076;065272;LED;46,3;PRE;12;3;Se ha realizado el mantenimiento preventivo sobre la farola: 1665076;14/05/2026;21/05/2026;7;cuad56;FINALIZADA;2,930468052;-75,292306
Mayo;2049565;1665086;023537;LED;46,3;PRE;11;3;Se ha realizado el mantenimiento preventivo sobre la farola: 1665086;14/05/2026;14/05/2026;0;cuad56;FINALIZADA;2,929188092;-75,291602
Mayo;2049566;1665087;023579;LED;46,3;PRE;11;3;Se ha realizado el mantenimiento preventivo sobre la farola: 1665087;14/05/2026;14/05/2026;0;cuad56;FINALIZADA;2,929291114;-75,29134404
Mayo;2049562;1665091;034568;LED;46,3;PRE;11;3;Se ha realizado el mantenimiento preventivo sobre la farola: 1665091;14/05/2026;14/05/2026;0;cuad56;FINALIZADA;2,929481039;-75,29192097
Mayo;2049558;1665114;065252;LED;46,3;PRE;15;4;Se ha realizado el mantenimiento preventivo sobre la farola: 1665114;14/05/2026;21/05/2026;7;cuad56;FINALIZADA;2,932467057;-75,29200498
Mayo;2049542;1665120;065275;LED;46,3;PRE;15;4;Se ha realizado el mantenimiento preventivo sobre la farola: 1665120;14/05/2026;21/05/2026;7;cuad56;FINALIZADA;2,932485076;-75,29297897
Mayo;2049524;1665121;065268;LED;46,3;PRE;15;4;Se ha realizado el mantenimiento preventivo sobre la farola: 1665121;14/05/2026;14/05/2026;0;cuad56;FINALIZADA;2,932699099;-75,29308502
Mayo;2049527;1665122;065276;LED;46,3;PRE;15;4;Se ha realizado el mantenimiento preventivo sobre la farola: 1665122;14/05/2026;21/05/2026;7;cuad56;FINALIZADA;2,932954108;-75,29317903
Mayo;2050841;1665771;029423;LED;74,1;PRE;16;15;Se ha realizado el mantenimiento preventivo sobre la farola: 1665771;15/05/2026;15/05/2026;0;cuad54;FINALIZADA;2,935365056;-75,28187898
Mayo;2065136;1718863;066227;LED;60,2;PRE;7;76B;Se ha realizado el mantenimiento preventivo sobre la farola: 1718863;27/05/2026;28/05/2026;1;cuad63;FINALIZADA;2,97050749;-75,28588015
Mayo;2065138;1718864;066228;LED;60,2;PRE;7;76B;Se ha realizado el mantenimiento preventivo sobre la farola: 1718864;27/05/2026;28/05/2026;1;cuad63;FINALIZADA;2,97050749;-75,28588015
Mayo;2065135;1718865;066074;LED;60,2;PRE;7;76B;Se ha realizado el mantenimiento preventivo sobre la farola: 1718865;27/05/2026;28/05/2026;1;cuad63;FINALIZADA;2,9707482;-75,28582101
Mayo;2065137;1718866;066096;LED;60,2;PRE;7;76B;Se ha realizado el mantenimiento preventivo sobre la farola: 1718866;27/05/2026;28/05/2026;1;cuad63;FINALIZADA;2,9707482;-75,28582101
Mayo;2065121;1718867;066241;LED;60,2;PRE;7;76C;Se ha realizado el mantenimiento preventivo sobre la farola: 1718867;27/05/2026;28/05/2026;1;cuad63;FINALIZADA;2,97099109;-75,28575731
Mayo;2066864;1721262;037086;LED;74,1;PRE;CARLOSPIZARRO;CARLOSPIZARRO;Se ha realizado el mantenimiento preventivo sobre la farola: 1721262;29/05/2026;29/05/2026;0;cuad59;FINALIZADA;2,966015;-75,295837
Mayo;2054379;1722540;007738;LED;27,8;PRE;MIRARIO;MIRARIO;Se ha realizado el mantenimiento preventivo sobre la farola: 1722540;19/05/2026;19/05/2026;0;cuad59;FINALIZADA;2,965984;-75,295651
Mayo;2058338;1722547;020547;LED;37;PRE;MIRARIO;MIRARIO;Se ha realizado el mantenimiento preventivo sobre la farola: 1722547;21/05/2026;21/05/2026;0;cuad59;FINALIZADA;2,963463;-75,29224
Mayo;2058348;1722548;020695;LED;37;PRE;MIRARIO;MIRARIO;Se ha realizado el mantenimiento preventivo sobre la farola: 1722548;21/05/2026;21/05/2026;0;cuad59;FINALIZADA;2,963209;-75,292293
Mayo;2054359;1725992;033195;LED;27,8;PRE;DARIOECHANDIA;DARIOECHANDIA;Se ha realizado el mantenimiento preventivo sobre la farola: 1725992;19/05/2026;19/05/2026;0;cuad59;FINALIZADA;2,9784181;-75,28677398
Mayo;2049493;1729000;003775;LED;27,8;PRE;SEVILLA;SEVILLA;Se ha realizado el mantenimiento preventivo sobre la farola: 1729000;14/05/2026;21/05/2026;7;cuad56;FINALIZADA;2,941755073;-75,28485303
Mayo;2046335;1730495;007347;LED;27,8;PRE;TENERIFE;TENERIFE;Se ha realizado el mantenimiento preventivo sobre la farola: 1730495;12/05/2026;12/05/2026;0;cuad56;FINALIZADA;2,939484111;-75,28234703
Mayo;2046245;1730496;007026;LED;27,8;PRE;LATOMA;LATOMA;Se ha realizado el mantenimiento preventivo sobre la farola: 1730496;12/05/2026;12/05/2026;0;cuad56;FINALIZADA;2,933760045;-75,28326099
Mayo;2046278;1730497;007351;LED;27,8;PRE;LATOMA;LATOMA;Se ha realizado el mantenimiento preventivo sobre la farola: 1730497;12/05/2026;12/05/2026;0;cuad56;FINALIZADA;2,934603078;-75,28204598
Mayo;2047843;1730746;007404;LED;27,8;PRE;CENTRO;CENTRO;Se ha realizado el mantenimiento preventivo sobre la farola: 1730746;13/05/2026;13/05/2026;0;cuad54;FINALIZADA;2,930984105;-75,29362897
Mayo;2047841;1730925;007631;LED;27,8;PRE;CENTRO;CENTRO;Se ha realizado el mantenimiento preventivo sobre la farola: 1730925;13/05/2026;13/05/2026;0;cuad54;FINALIZADA;2,931418105;-75,29356304
Mayo;2046235;1731972;010469;LED;27,8;PRE;CENTRO;CENTRO;Se ha realizado el mantenimiento preventivo sobre la farola: 1731972;12/05/2026;12/05/2026;0;cuad56;FINALIZADA;2,931011486;-75,28855168
Mayo;2054345;1735643;050809;LED;27,8;PRE;VILLANASARET;VILLANASARET;Se ha realizado el mantenimiento preventivo sobre la farola: 1735643;19/05/2026;19/05/2026;0;cuad59;FINALIZADA;2,975850153;-75,29077927
Mayo;2054376;1735973;050848;LED;27,8;PRE;INMACULADA;INMACULADA;Se ha realizado el mantenimiento preventivo sobre la farola: 1735973;19/05/2026;19/05/2026;0;cuad59;FINALIZADA;2,96869404;-75,29408502
Mayo;2058306;1737214;053001;LED;37;PRE;ELCORTIJO;ELCORTIJO;Se ha realizado el mantenimiento preventivo sobre la farola: 1737214;21/05/2026;21/05/2026;0;cuad59;FINALIZADA;2,959898132;-75,28967241
Mayo;2058263;1737304;050401;LED;27,8;PRE;VILLACAROLINA;17A;Se ha realizado el mantenimiento preventivo sobre la farola: 1737304;21/05/2026;21/05/2026;0;cuad59;FINALIZADA;2,957091;-75,287257
Mayo;2058269;1737305;011442;LED;27,8;PRE;VILLACAROLINA;VILLACAROLINA;Se ha realizado el mantenimiento preventivo sobre la farola: 1737305;21/05/2026;21/05/2026;0;cuad59;FINALIZADA;2,957479;-75,284613
Mayo;2058273;1737308;050629;LED;27,8;PRE;VERSALLES;VERSALLES;Se ha realizado el mantenimiento preventivo sobre la farola: 1737308;21/05/2026;21/05/2026;0;cuad59;FINALIZADA;2,95757;-75,283859
Mayo;2058277;1737309;011418;LED;27,8;PRE;VERSALLES;VERSALLES;Se ha realizado el mantenimiento preventivo sobre la farola: 1737309;21/05/2026;21/05/2026;0;cuad59;FINALIZADA;2,957502365;-75,28320922
Mayo;2058270;1737315;051016;LED;27,8;PRE;ELPRADO;ELPRADO;Se ha realizado el mantenimiento preventivo sobre la farola: 1737315;21/05/2026;21/05/2026;0;cuad59;FINALIZADA;2,955209;-75,283771
Mayo;2054372;1737562;051074;LED;27,8;PRE;VILLANASARET;VILLANASARET;Se ha realizado el mantenimiento preventivo sobre la farola: 1737562;19/05/2026;19/05/2026;0;cuad59;FINALIZADA;2,976475889;-75,29059523
Mayo;2065124;1739908;026089;LED;60,2;PRE;CHICALA;CHICALA;Se ha realizado el mantenimiento preventivo sobre la farola: 1739908;27/05/2026;28/05/2026;1;cuad63;FINALIZADA;2,965995;-75,295835
Mayo;2065123;1739910;027792;LED;60,2;PRE;CHICALA;CHICALA;Se ha realizado el mantenimiento preventivo sobre la farola: 1739910;27/05/2026;28/05/2026;1;cuad63;FINALIZADA;2,965643;-75,295913
Mayo;2065132;1739912;027350;LED;60,2;PRE;CHICALA;CHICALA;Se ha realizado el mantenimiento preventivo sobre la farola: 1739912;27/05/2026;28/05/2026;1;cuad63;FINALIZADA;2,965393;-75,295997
Mayo;2065133;1739915;027348;LED;60,2;PRE;CHICALA;CHICALA;Se ha realizado el mantenimiento preventivo sobre la farola: 1739915;27/05/2026;28/05/2026;1;cuad63;FINALIZADA;2,964421;-75,296105
Mayo;2065134;1739920;027347;LED;60,2;PRE;CHICALA;CHICALA;Se ha realizado el mantenimiento preventivo sobre la farola: 1739920;27/05/2026;28/05/2026;1;cuad63;FINALIZADA;2,962841409;-75,29636551
Mayo;2065125;1739921;027343;LED;60,2;PRE;CHICALA;CHICALA;Se ha realizado el mantenimiento preventivo sobre la farola: 1739921;27/05/2026;28/05/2026;1;cuad63;FINALIZADA;2,962732836;-75,29640166
Mayo;2065126;1739922;027784;LED;60,2;PRE;CARLOSPIZARRO;CARLOSPIZARRO;Se ha realizado el mantenimiento preventivo sobre la farola: 1739922;27/05/2026;28/05/2026;1;cuad63;FINALIZADA;2,961475794;-75,29661873
Mayo;2050361;1739973;025337;LED;60,2;PRE;TENERIFE;TENERIFE;Se ha realizado el mantenimiento preventivo sobre la farola: 1739973;14/05/2026;15/05/2026;1;cuad59;FINALIZADA;2,940097085;-75,28324999
Mayo;2062663;1751158;054492;LED;46,3;PRE;CARRERA 5;CALLE 12;Se ha realizado el mantenimiento preventivo sobre la farola: 1751158;26/05/2026;28/05/2026;2;cuad63;FINALIZADA;2,930719;-75,290228
Mayo;2054082;1751161;069943;LED;60,2;PRE;CARRERA 5;CALLE 14;Se ha realizado el mantenimiento preventivo sobre la farola: 1751161;19/05/2026;19/05/2026;0;cuad56;FINALIZADA;2,932241176;-75,29088481
Mayo;2062657;1751317;031928;LED;92,6;PRE;CALLE4;CARRERA2;Se ha realizado el mantenimiento preventivo sobre la farola: 1751317;26/05/2026;28/05/2026;2;cuad63;FINALIZADA;2,93337287;-75,29391032
Mayo;2062655;1751319;031920;LED;92,6;PRE;CALLE4;CARRERA2;Se ha realizado el mantenimiento preventivo sobre la farola: 1751319;26/05/2026;28/05/2026;2;cuad63;FINALIZADA;2,9327916;-75,29385835
Mayo;2062665;1765530;001001;LED;60,2;PRE;CARRERA 12;CALLE 20;Se ha realizado el mantenimiento preventivo sobre la farola: 1765530;26/05/2026;27/05/2026;1;cuad63;FINALIZADA;2,939200675;-75,28454391
Mayo;2054087;1765531;001497;LED;60,2;PRE;CARRERA 12;CALLE 20;Se ha realizado el mantenimiento preventivo sobre la farola: 1765531;19/05/2026;19/05/2026;0;cuad56;FINALIZADA;2,939489998;-75,284543
Mayo;2054085;1765532;001009;LED;60,2;PRE;CARRERA 12;CALLE 20;Se ha realizado el mantenimiento preventivo sobre la farola: 1765532;19/05/2026;19/05/2026;0;cuad56;FINALIZADA;2,939489998;-75,284543
Mayo;2054102;1765533;001499;LED;60,2;PRE;CARRERA 12;CALLE 20;Se ha realizado el mantenimiento preventivo sobre la farola: 1765533;19/05/2026;19/05/2026;0;cuad56;FINALIZADA;2,938612987;-75,28454646
Mayo;2054083;1765534;001010;LED;60,2;PRE;CARRERA 12;CALLE 20;Se ha realizado el mantenimiento preventivo sobre la farola: 1765534;19/05/2026;19/05/2026;0;cuad56;FINALIZADA;2,938612987;-75,28454646
Mayo;2054093;1765535;001498;LED;60,2;PRE;CARRERA 12;CALLE 20;Se ha realizado el mantenimiento preventivo sobre la farola: 1765535;19/05/2026;19/05/2026;0;cuad56;FINALIZADA;2,938341759;-75,28454352
Mayo;2054090;1765536;001496;LED;60,2;PRE;CARRERA 12;CALLE 20;Se ha realizado el mantenimiento preventivo sobre la farola: 1765536;19/05/2026;19/05/2026;0;cuad56;FINALIZADA;2,938341759;-75,28454352
Abril;2033482;1631039;063305;LED;60,2;PRE;CARRERA;AV LA TOMA;Se ha realizado el mantenimiento preventivo sobre la farola: 1631039;28/04/2026;28/04/2026;0;cuad55;FINALIZADA;2,933010916;-75,28905025
Abril;2027562;1633115;012072;LED;27,8;PRE;21;6;Se ha realizado el mantenimiento preventivo sobre la farola: 1633115;23/04/2026;24/04/2026;1;cuad55;FINALIZADA;2,937206115;-75,29065897
Abril;2027559;1635287;003383;LED;27,8;PRE;21;8C;Se ha realizado el mantenimiento preventivo sobre la farola: 1635287;23/04/2026;24/04/2026;1;cuad55;FINALIZADA;2,939423064;-75,28545596
Abril;2027576;1635288;003317;LED;27,8;PRE;21;8C;Se ha realizado el mantenimiento preventivo sobre la farola: 1635288;23/04/2026;24/04/2026;1;cuad55;FINALIZADA;2,939323041;-75,28566604
Abril;2009818;1635289;012700;LED;27,8;PRE;21;8C;Se ha realizado el mantenimiento preventivo sobre la farola: 1635289;08/04/2026;09/04/2026;1;cuad56;FINALIZADA;2,939317065;-75,28533301
Abril;2027550;1635290;012720;LED;27,8;PRE;21;8C;Se ha realizado el mantenimiento preventivo sobre la farola: 1635290;23/04/2026;24/04/2026;1;cuad55;FINALIZADA;2,939206061;-75,285676
Abril;2009824;1635298;004362;LED;27,8;PRE;21;8A;Se ha realizado el mantenimiento preventivo sobre la farola: 1635298;08/04/2026;09/04/2026;1;cuad56;FINALIZADA;2,939040063;-75,28597696
Abril;2027558;1635300;010487;LED;27,8;PRE;21;8B;Se ha realizado el mantenimiento preventivo sobre la farola: 1635300;23/04/2026;24/04/2026;1;cuad55;FINALIZADA;2,939157031;-75,28601298
Abril;2009823;1635305;018725;LED;27,8;PRE;21;8A;Se ha realizado el mantenimiento preventivo sobre la farola: 1635305;08/04/2026;09/04/2026;1;cuad56;FINALIZADA;2,938877099;-75,28678704
Abril;2009817;1635306;016649;LED;27,8;PRE;21;8A;Se ha realizado el mantenimiento preventivo sobre la farola: 1635306;08/04/2026;09/04/2026;1;cuad56;FINALIZADA;2,938956047;-75,28656003
Abril;2030431;1635310;026951;LED;60,2;PRE;25;8C;Se ha realizado el mantenimiento preventivo sobre la farola: 1635310;24/04/2026;25/04/2026;1;cuad59;FINALIZADA;2,941347045;-75,28524696
Abril;2009809;1635351;004840;LED;27,8;PRE;21;7A;Se ha realizado el mantenimiento preventivo sobre la farola: 1635351;08/04/2026;09/04/2026;1;cuad56;FINALIZADA;2,938257031;-75,28779497
Abril;2009812;1635354;004820;LED;27,8;PRE;21;8;Se ha realizado el mantenimiento preventivo sobre la farola: 1635354;08/04/2026;09/04/2026;1;cuad56;FINALIZADA;2,938493114;-75,28726098
Abril;2009819;1635355;018754;LED;27,8;PRE;21;8;Se ha realizado el mantenimiento preventivo sobre la farola: 1635355;08/04/2026;09/04/2026;1;cuad56;FINALIZADA;2,938545049;-75,28724101
Abril;2009826;1635358;010482;LED;27,8;PRE;21;7A;Se ha realizado el mantenimiento preventivo sobre la farola: 1635358;08/04/2026;09/04/2026;1;cuad56;FINALIZADA;2,938246072;-75,28819099
Abril;2009820;1635359;010484;LED;27,8;PRE;21;7A;Se ha realizado el mantenimiento preventivo sobre la farola: 1635359;08/04/2026;09/04/2026;1;cuad56;FINALIZADA;2,938136095;-75,28840998
Abril;2009827;1635360;018799;LED;27,8;PRE;21;7A;Se ha realizado el mantenimiento preventivo sobre la farola: 1635360;08/04/2026;09/04/2026;1;cuad56;FINALIZADA;2,938044038;-75,28860099
Abril;2009816;1635365;004827;LED;27,8;PRE;21;7A;Se ha realizado el mantenimiento preventivo sobre la farola: 1635365;08/04/2026;09/04/2026;1;cuad56;FINALIZADA;2,937843044;-75,28883598
Abril;2009813;1635366;004802;LED;27,8;PRE;21;7;Se ha realizado el mantenimiento preventivo sobre la farola: 1635366;08/04/2026;09/04/2026;1;cuad56;FINALIZADA;2,937781107;-75,28904904
Abril;2027566;1635381;011197;LED;27,8;PRE;21;5A;Se ha realizado el mantenimiento preventivo sobre la farola: 1635381;23/04/2026;23/04/2026;0;cuad55;FINALIZADA;2,936939076;-75,29124596
Abril;2027583;1635382;011605;LED;27,8;PRE;21;5A;Se ha realizado el mantenimiento preventivo sobre la farola: 1635382;23/04/2026;23/04/2026;0;cuad55;FINALIZADA;2,936830079;-75,29152101
Abril;2009814;1635383;011120;LED;27,8;PRE;21;5A;Se ha realizado el mantenimiento preventivo sobre la farola: 1635383;08/04/2026;09/04/2026;1;cuad56;FINALIZADA;2,936714113;-75,29180497
Abril;2027554;1635384;011111;LED;27,8;PRE;21;5A;Se ha realizado el mantenimiento preventivo sobre la farola: 1635384;23/04/2026;24/04/2026;1;cuad55;FINALIZADA;2,937016029;-75,29104199
Abril;2027556;1635385;011195;LED;27,8;PRE;21;5A;Se ha realizado el mantenimiento preventivo sobre la farola: 1635385;23/04/2026;24/04/2026;1;cuad55;FINALIZADA;2,937085108;-75,290848
Abril;2027609;1635400;012102;LED;27,8;PRE;24;7;Se ha realizado el mantenimiento preventivo sobre la farola: 1635400;23/04/2026;24/04/2026;1;cuad55;FINALIZADA;2,940141113;-75,28968197
Abril;2027607;1635401;018677;LED;27,8;PRE;24;7;Se ha realizado el mantenimiento preventivo sobre la farola: 1635401;23/04/2026;24/04/2026;1;cuad55;FINALIZADA;2,94040409;-75,28975096
Abril;2027611;1635403;011245;LED;27,8;PRE;23;5;Se ha realizado el mantenimiento preventivo sobre la farola: 1635403;23/04/2026;24/04/2026;1;cuad55;FINALIZADA;2,939061057;-75,29324703
Abril;2027602;1635404;011868;LED;27,8;PRE;23;5;Se ha realizado el mantenimiento preventivo sobre la farola: 1635404;23/04/2026;24/04/2026;1;cuad55;FINALIZADA;2,938404046;-75,29298402
Abril;2027589;1635417;004354;LED;27,8;PRE;21;5;Se ha realizado el mantenimiento preventivo sobre la farola: 1635417;23/04/2026;23/04/2026;0;cuad55;FINALIZADA;2,936658092;-75,29153896
Abril;2027586;1635420;004127;LED;27,8;PRE;21;5A;Se ha realizado el mantenimiento preventivo sobre la farola: 1635420;23/04/2026;24/04/2026;1;cuad55;FINALIZADA;2,937078058;-75,29047699
Abril;2030471;1635437;026414;LED;60,2;PRE;23;1H;Se ha realizado el mantenimiento preventivo sobre la farola: 1635437;24/04/2026;25/04/2026;1;cuad59;FINALIZADA;2,937469103;-75,29583401
Abril;2023340;1635438;025733;LED;60,2;PRE;23;1H;Se ha realizado el mantenimiento preventivo sobre la farola: 1635438;20/04/2026;20/04/2026;0;cuad55;FINALIZADA;2,937790095;-75,29581097
Abril;2030484;1635440;026426;LED;60,2;PRE;24;2;Se ha realizado el mantenimiento preventivo sobre la farola: 1635440;24/04/2026;25/04/2026;1;cuad59;FINALIZADA;2,93726006;-75,29571301
Abril;2030481;1635442;026439;LED;60,2;PRE;24;2;Se ha realizado el mantenimiento preventivo sobre la farola: 1635442;24/04/2026;25/04/2026;1;cuad59;FINALIZADA;2,936815083;-75,29555003
Abril;2027594;1635446;008850;LED;27,8;PRE;21;3;Se ha realizado el mantenimiento preventivo sobre la farola: 1635446;23/04/2026;24/04/2026;1;cuad55;FINALIZADA;2,935770055;-75,293555
Abril;2027592;1635447;008715;LED;27,8;PRE;21;3;Se ha realizado el mantenimiento preventivo sobre la farola: 1635447;23/04/2026;24/04/2026;1;cuad55;FINALIZADA;2,935895081;-75,29322398
Abril;2027597;1635449;008790;LED;27,8;PRE;21;3;Se ha realizado el mantenimiento preventivo sobre la farola: 1635449;23/04/2026;24/04/2026;1;cuad55;FINALIZADA;2,935511062;-75,294158
Abril;2027615;1635451;022540;LED;37;PRE;16;1E;Se ha realizado el mantenimiento preventivo sobre la farola: 1635451;23/04/2026;24/04/2026;1;cuad55;FINALIZADA;2,931055079;-75,29720897
Abril;2009832;1635557;003886;LED;27,8;PRE;16;1B;Se ha realizado el mantenimiento preventivo sobre la farola: 1635557;08/04/2026;09/04/2026;1;cuad56;FINALIZADA;2,932060114;-75,29852803
Abril;2009830;1635564;003642;LED;27,8;PRE;15;1D;Se ha realizado el mantenimiento preventivo sobre la farola: 1635564;08/04/2026;09/04/2026;1;cuad56;FINALIZADA;2,932818066;-75,29887404
Abril;2009833;1635580;003749;LED;27,8;PRE;21;1A;Se ha realizado el mantenimiento preventivo sobre la farola: 1635580;08/04/2026;09/04/2026;1;cuad56;FINALIZADA;2,932717103;-75,29988102
Abril;2030601;1635582;037066;LED;74,1;PRE;21;1A;Se ha realizado el mantenimiento preventivo sobre la farola: 1635582;24/04/2026;25/04/2026;1;cuad63;FINALIZADA;2,932609077;-75,30023696
Abril;2009831;1635583;003631;LED;27,8;PRE;21;1A;Se ha realizado el mantenimiento preventivo sobre la farola: 1635583;08/04/2026;09/04/2026;1;cuad56;FINALIZADA;2,932919029;-75,299552
Abril;2031917;1635600;063080;LED;60,2;PRE;10;AV. TOMA;Se ha realizado el mantenimiento preventivo sobre la farola: 1635600;27/04/2026;27/04/2026;0;cuad55;FINALIZADA;2,933487243;-75,29455682
Abril;2030530;1635712;037446;LED;74,1;PRE;21;1A;Se ha realizado el mantenimiento preventivo sobre la farola: 1635712;24/04/2026;25/04/2026;1;cuad59;FINALIZADA;2,932704089;-75,30016401
Abril;2031976;1635738;063357;LED;60,2;PRE;17;1H;Se ha realizado el mantenimiento preventivo sobre la farola: 1635738;27/04/2026;27/04/2026;0;cuad56;FINALIZADA;2,933385711;-75,28949426
Abril;2033628;1635881;063711;LED;60,2;PRE;11;11;Se ha realizado el mantenimiento preventivo sobre la farola: 1635881;28/04/2026;28/04/2026;0;cuad55;FINALIZADA;2,933843769;-75,28167847
Abril;2033624;1635883;063741;LED;60,2;PRE;11;11;Se ha realizado el mantenimiento preventivo sobre la farola: 1635883;28/04/2026;28/04/2026;0;cuad55;FINALIZADA;2,933452162;-75,28224887
Abril;2033484;1635884;001448;LED;60,2;PRE;11;AV LA TOMA;Se ha realizado el mantenimiento preventivo sobre la farola: 1635884;28/04/2026;28/04/2026;0;cuad55;FINALIZADA;2,932947053;-75,2830858
Abril;2027621;1636033;023612;LED;46,3;PRE;13A;15;Se ha realizado el mantenimiento preventivo sobre la farola: 1636033;23/04/2026;24/04/2026;1;cuad55;FINALIZADA;2,934206098;-75,28132997
Abril;2027632;1636035;023190;LED;46,3;PRE;13A;15;Se ha realizado el mantenimiento preventivo sobre la farola: 1636035;23/04/2026;24/04/2026;1;cuad55;FINALIZADA;2,933711057;-75,28200796
Abril;2030668;1637041;048072;LED;60,2;PRE;15;AV. TOMA;Se ha realizado el mantenimiento preventivo sobre la farola: 1637041;24/04/2026;25/04/2026;1;cuad63;FINALIZADA;2,933303409;-75,29455686
Abril;2033882;1637042;063067;LED;60,2;PRE;15;AV. TOMA;Se ha realizado el mantenimiento preventivo sobre la farola: 1637042;28/04/2026;28/04/2026;0;cuad56;FINALIZADA;2,932137949;-75,29638078
Abril;2030667;1637043;048080;LED;60,2;PRE;15;AV. TOMA;Se ha realizado el mantenimiento preventivo sobre la farola: 1637043;24/04/2026;25/04/2026;1;cuad63;FINALIZADA;2,932256378;-75,29602151
Abril;2030661;1637045;063074;LED;60,2;PRE;15;AV. TOMA;Se ha realizado el mantenimiento preventivo sobre la farola: 1637045;24/04/2026;25/04/2026;1;cuad63;FINALIZADA;2,932807629;-75,2956062
Abril;2030669;1637046;048051;LED;60,2;PRE;15;AV. TOMA;Se ha realizado el mantenimiento preventivo sobre la farola: 1637046;24/04/2026;25/04/2026;1;cuad63;FINALIZADA;2,932696302;-75,29545113
Abril;2030664;1637047;048050;LED;60,2;PRE;15;AV. TOMA;Se ha realizado el mantenimiento preventivo sobre la farola: 1637047;24/04/2026;25/04/2026;1;cuad63;FINALIZADA;2,932595027;-75,29560012
Abril;2030660;1637049;048071;LED;60,2;PRE;15;AV. TOMA;Se ha realizado el mantenimiento preventivo sobre la farola: 1637049;24/04/2026;25/04/2026;1;cuad63;FINALIZADA;2,932480727;-75,295741
Abril;2030663;1637050;063061;LED;60,2;PRE;15;AV. TOMA;Se ha realizado el mantenimiento preventivo sobre la farola: 1637050;24/04/2026;25/04/2026;1;cuad63;FINALIZADA;2,932610784;-75,29588627
Abril;2030665;1637051;063070;LED;60,2;PRE;15;AV. TOMA;Se ha realizado el mantenimiento preventivo sobre la farola: 1637051;24/04/2026;25/04/2026;1;cuad63;FINALIZADA;2,932714318;-75,29574601
Abril;2030662;1637054;063053;LED;60,2;PRE;15;AV. TOMA;Se ha realizado el mantenimiento preventivo sobre la farola: 1637054;24/04/2026;25/04/2026;1;cuad63;FINALIZADA;2,932265903;-75,29626681
Abril;2031876;1637095;063349;LED;60,2;PRE;15;AV LA TOMA;Se ha realizado el mantenimiento preventivo sobre la farola: 1637095;27/04/2026;27/04/2026;0;cuad55;FINALIZADA;2,9337619;-75,2913087
Abril;2031983;1637097;063339;LED;60,2;PRE;15;5;Se ha realizado el mantenimiento preventivo sobre la farola: 1637097;27/04/2026;27/04/2026;0;cuad56;FINALIZADA;2,934116422;-75,29143376
Abril;2033918;1638444;048083;LED;60,2;PRE;CARRERA;CALLE;Se ha realizado el mantenimiento preventivo sobre la farola: 1638444;28/04/2026;28/04/2026;0;cuad56;FINALIZADA;2,931869742;-75,29658588
Abril;2033480;1638883;063309;LED;60,2;PRE;CARRERA;AV LA TOMA;Se ha realizado el mantenimiento preventivo sobre la farola: 1638883;28/04/2026;28/04/2026;0;cuad55;FINALIZADA;2,933625019;-75,28976388
Abril;2031979;1638884;063356;LED;60,2;PRE;CARRERA;CALLE;Se ha realizado el mantenimiento preventivo sobre la farola: 1638884;27/04/2026;27/04/2026;0;cuad56;FINALIZADA;2,933007823;-75,28925173
Abril;2031981;1638885;063354;LED;60,2;PRE;CARRERA;CALLE;Se ha realizado el mantenimiento preventivo sobre la farola: 1638885;27/04/2026;27/04/2026;0;cuad56;FINALIZADA;2,933827004;-75,29006117
Abril;2033483;1638886;063797;LED;60,2;PRE;CARRERA;AV LA TOMA;Se ha realizado el mantenimiento preventivo sobre la farola: 1638886;28/04/2026;28/04/2026;0;cuad55;FINALIZADA;2,933958235;-75,29039547
Abril;2033471;1638887;063790;LED;60,2;PRE;CARRERA;AV LA TOMA;Se ha realizado el mantenimiento preventivo sobre la farola: 1638887;28/04/2026;28/04/2026;0;cuad55;FINALIZADA;2,934094346;-75,2912661
Abril;2033472;1638891;063302;LED;60,2;PRE;CARRERA;AV LA TOMA;Se ha realizado el mantenimiento preventivo sobre la farola: 1638891;28/04/2026;28/04/2026;0;cuad55;FINALIZADA;2,932660268;-75,28865396
Abril;2033469;1638892;063304;LED;60,2;PRE;CARRERA;AV LA TOMA;Se ha realizado el mantenimiento preventivo sobre la farola: 1638892;28/04/2026;28/04/2026;0;cuad55;FINALIZADA;2,932779744;-75,28878897
Abril;2033849;1639073;063090;LED;60,2;PRE;CARRERA;AV. TOMA;Se ha realizado el mantenimiento preventivo sobre la farola: 1639073;28/04/2026;28/04/2026;0;cuad56;FINALIZADA;2,933926849;-75,29313087
Abril;2033886;1639082;063087;LED;60,2;PRE;CARRERA;AV. TOMA;Se ha realizado el mantenimiento preventivo sobre la farola: 1639082;28/04/2026;28/04/2026;0;cuad56;FINALIZADA;2,93392635;-75,29296629
Abril;2033489;1639566;063724;LED;60,2;PRE;CARRERA;CALLE;Se ha realizado el mantenimiento preventivo sobre la farola: 1639566;28/04/2026;28/04/2026;0;cuad55;FINALIZADA;2,933634333;-75,2816741
Abril;2033621;1639573;063712;LED;60,2;PRE;CARRERA;CALLE;Se ha realizado el mantenimiento preventivo sobre la farola: 1639573;28/04/2026;28/04/2026;0;cuad55;FINALIZADA;2,934011645;-75,28110289
Abril;2033622;1639585;063739;LED;60,2;PRE;CARRERA;CALLE;Se ha realizado el mantenimiento preventivo sobre la farola: 1639585;28/04/2026;28/04/2026;0;cuad55;FINALIZADA;2,93391743;-75,28124567
Abril;2030547;1640798;028086;LED;74,1;PRE;21;8C;Se ha realizado el mantenimiento preventivo sobre la farola: 1640798;24/04/2026;25/04/2026;1;cuad59;FINALIZADA;2,939271052;-75,285545
Abril;2030542;1640799;028075;LED;74,1;PRE;21;8C;Se ha realizado el mantenimiento preventivo sobre la farola: 1640799;24/04/2026;25/04/2026;1;cuad59;FINALIZADA;2,939271052;-75,285545
Abril;2030578;1640800;028093;LED;74,1;PRE;21;8C;Se ha realizado el mantenimiento preventivo sobre la farola: 1640800;24/04/2026;25/04/2026;1;cuad59;FINALIZADA;2,939400034;-75,285301
Abril;2030545;1640801;028053;LED;74,1;PRE;21;8C;Se ha realizado el mantenimiento preventivo sobre la farola: 1640801;24/04/2026;25/04/2026;1;cuad59;FINALIZADA;2,939400034;-75,285301
Abril;2030577;1640804;028008;LED;74,1;PRE;21;8A;Se ha realizado el mantenimiento preventivo sobre la farola: 1640804;24/04/2026;25/04/2026;1;cuad59;FINALIZADA;2,939197059;-75,285853
Abril;2030537;1640805;028035;LED;74,1;PRE;21;8A;Se ha realizado el mantenimiento preventivo sobre la farola: 1640805;24/04/2026;25/04/2026;1;cuad59;FINALIZADA;2,939197059;-75,285853
Abril;2023373;1640808;036724;LED;74,1;PRE;21;8A;Se ha realizado el mantenimiento preventivo sobre la farola: 1640808;20/04/2026;20/04/2026;0;cuad54;FINALIZADA;2,938708057;-75,28696202
Abril;2030536;1640809;036721;LED;74,1;PRE;21;8A;Se ha realizado el mantenimiento preventivo sobre la farola: 1640809;24/04/2026;25/04/2026;1;cuad59;FINALIZADA;2,938708057;-75,28696202
Abril;2030566;1640814;028297;LED;74,1;PRE;21;7A;Se ha realizado el mantenimiento preventivo sobre la farola: 1640814;24/04/2026;25/04/2026;1;cuad59;FINALIZADA;2,938259063;-75,28798304
Abril;2030510;1640815;028089;LED;74,1;PRE;21;7A;Se ha realizado el mantenimiento preventivo sobre la farola: 1640815;24/04/2026;25/04/2026;1;cuad59;FINALIZADA;2,938259063;-75,28798304
Abril;2023413;1640816;028002;LED;74,1;PRE;21;7A;Se ha realizado el mantenimiento preventivo sobre la farola: 1640816;20/04/2026;20/04/2026;0;cuad54;FINALIZADA;2,938419109;-75,28761397
Abril;2023392;1640817;028003;LED;74,1;PRE;21;7A;Se ha realizado el mantenimiento preventivo sobre la farola: 1640817;20/04/2026;20/04/2026;0;cuad54;FINALIZADA;2,938419109;-75,28761397
Abril;2030548;1640818;028007;LED;74,1;PRE;21;8;Se ha realizado el mantenimiento preventivo sobre la farola: 1640818;24/04/2026;25/04/2026;1;cuad59;FINALIZADA;2,938558071;-75,28726198
Abril;2023388;1640819;028004;LED;74,1;PRE;21;8;Se ha realizado el mantenimiento preventivo sobre la farola: 1640819;20/04/2026;20/04/2026;0;cuad54;FINALIZADA;2,938558071;-75,28726198
Abril;2030525;1640822;028080;LED;74,1;PRE;21;7A;Se ha realizado el mantenimiento preventivo sobre la farola: 1640822;24/04/2026;25/04/2026;1;cuad59;FINALIZADA;2,937890094;-75,28881304
Abril;2030513;1640823;028088;LED;74,1;PRE;21;7A;Se ha realizado el mantenimiento preventivo sobre la farola: 1640823;24/04/2026;25/04/2026;1;cuad59;FINALIZADA;2,937890094;-75,28881304
Abril;2030579;1640838;068040;LED;74,1;PRE;21;5A;Se ha realizado el mantenimiento preventivo sobre la farola: 1640838;24/04/2026;25/04/2026;1;cuad59;FINALIZADA;2,93675807;-75,291503
Abril;2030568;1640839;028211;LED;74,1;PRE;21;5A;Se ha realizado el mantenimiento preventivo sobre la farola: 1640839;24/04/2026;25/04/2026;1;cuad59;FINALIZADA;2,93675807;-75,291503
Abril;2030517;1640840;028073;LED;74,1;PRE;21;6;Se ha realizado el mantenimiento preventivo sobre la farola: 1640840;24/04/2026;25/04/2026;1;cuad59;FINALIZADA;2,937142069;-75,29063601
Abril;2030519;1640841;028079;LED;74,1;PRE;21;6;Se ha realizado el mantenimiento preventivo sobre la farola: 1640841;24/04/2026;25/04/2026;1;cuad59;FINALIZADA;2,937142069;-75,29063601
Abril;2027612;1640865;011254;LED;27,8;PRE;23;5;Se ha realizado el mantenimiento preventivo sobre la farola: 1640865;23/04/2026;24/04/2026;1;cuad55;FINALIZADA;2,938920039;-75,29315503
Abril;2027606;1640873;011830;LED;27,8;PRE;23;5;Se ha realizado el mantenimiento preventivo sobre la farola: 1640873;23/04/2026;23/04/2026;0;cuad55;FINALIZADA;2,938237057;-75,29291802
Abril;2027564;1640875;011196;LED;27,8;PRE;23;5;Se ha realizado el mantenimiento preventivo sobre la farola: 1640875;23/04/2026;24/04/2026;1;cuad55;FINALIZADA;2,937841108;-75,29277799
Abril;2027555;1640876;011154;LED;27,8;PRE;21;5;Se ha realizado el mantenimiento preventivo sobre la farola: 1640876;23/04/2026;24/04/2026;1;cuad55;FINALIZADA;2,937335062;-75,29262299
Abril;2027553;1640877;011187;LED;27,8;PRE;21;5;Se ha realizado el mantenimiento preventivo sobre la farola: 1640877;23/04/2026;23/04/2026;0;cuad55;FINALIZADA;2,9371582;-75,29253386
Abril;2030494;1641038;028296;LED;74,1;PRE;21;5;Se ha realizado el mantenimiento preventivo sobre la farola: 1641038;24/04/2026;25/04/2026;1;cuad59;FINALIZADA;2,936640032;-75,29175402
Abril;2030490;1641039;028232;LED;74,1;PRE;21;5;Se ha realizado el mantenimiento preventivo sobre la farola: 1641039;24/04/2026;25/04/2026;1;cuad59;FINALIZADA;2,936640032;-75,29175402
Abril;2030522;1641043;069826;LED;74,1;PRE;21;5;Se ha realizado el mantenimiento preventivo sobre la farola: 1641043;24/04/2026;25/04/2026;1;cuad59;FINALIZADA;2,93683504;-75,29123298
Abril;2030598;1641046;029360;LED;74,1;PRE;21;5A;Se ha realizado el mantenimiento preventivo sobre la farola: 1641046;24/04/2026;25/04/2026;1;cuad63;FINALIZADA;2,937223106;-75,29038003
Abril;2030605;1641047;029350;LED;74,1;PRE;21;5A;Se ha realizado el mantenimiento preventivo sobre la farola: 1641047;24/04/2026;25/04/2026;1;cuad63;FINALIZADA;2,937223106;-75,29038003
Abril;2030423;1641065;020864;LED;60,2;PRE;25;2;Se ha realizado el mantenimiento preventivo sobre la farola: 1641065;24/04/2026;25/04/2026;1;cuad59;FINALIZADA;2,937423107;-75,29563297
Abril;2023300;1641072;025600;LED;60,2;PRE;25;2;Se ha realizado el mantenimiento preventivo sobre la farola: 1641072;20/04/2026;20/04/2026;0;cuad55;FINALIZADA;2,936167092;-75,29504901
Abril;2023303;1641073;027002;LED;60,2;PRE;25;2;Se ha realizado el mantenimiento preventivo sobre la farola: 1641073;20/04/2026;20/04/2026;0;cuad55;FINALIZADA;2,936044067;-75,29500101
Abril;2030630;1641103;028213;LED;74,1;PRE;21;3;Se ha realizado el mantenimiento preventivo sobre la farola: 1641103;24/04/2026;25/04/2026;1;cuad63;FINALIZADA;2,935779075;-75,29365497
Abril;2030607;1641104;037506;LED;74,1;PRE;21;3;Se ha realizado el mantenimiento preventivo sobre la farola: 1641104;24/04/2026;25/04/2026;1;cuad63;FINALIZADA;2,935779075;-75,29365497
Abril;2030604;1641107;029377;LED;74,1;PRE;21;3;Se ha realizado el mantenimiento preventivo sobre la farola: 1641107;24/04/2026;25/04/2026;1;cuad63;FINALIZADA;2,935551056;-75,29413497
Abril;2030582;1641108;028722;LED;74,1;PRE;21;3;Se ha realizado el mantenimiento preventivo sobre la farola: 1641108;24/04/2026;25/04/2026;1;cuad59;FINALIZADA;2,935551056;-75,29413497
Abril;2027651;1641109;025595;LED;60,2;PRE;21;5;Se ha realizado el mantenimiento preventivo sobre la farola: 1641109;23/04/2026;24/04/2026;1;cuad55;FINALIZADA;2,93620403;-75,29237582
Abril;2009828;1641110;008588;LED;27,8;PRE;21;5;Se ha realizado el mantenimiento preventivo sobre la farola: 1641110;08/04/2026;09/04/2026;1;cuad56;FINALIZADA;2,93620403;-75,29237582
Abril;2027645;1641111;025594;LED;60,2;PRE;21;5;Se ha realizado el mantenimiento preventivo sobre la farola: 1641111;23/04/2026;24/04/2026;1;cuad55;FINALIZADA;2,93632777;-75,2922325
Abril;2030439;1641123;025592;LED;60,2;PRE;21;5;Se ha realizado el mantenimiento preventivo sobre la farola: 1641123;24/04/2026;25/04/2026;1;cuad59;FINALIZADA;2,935311;-75,292048
Abril;2030437;1641131;025081;LED;60,2;PRE;21;5;Se ha realizado el mantenimiento preventivo sobre la farola: 1641131;24/04/2026;25/04/2026;1;cuad59;FINALIZADA;2,93468473;-75,29182245
Abril;2030632;1641598;038772;LED;92,6;PRE;15;1D;Se ha realizado el mantenimiento preventivo sobre la farola: 1641598;24/04/2026;25/04/2026;1;cuad63;FINALIZADA;2,931615084;-75,29823196
Abril;2030633;1641600;038760;LED;92,6;PRE;15;1D;Se ha realizado el mantenimiento preventivo sobre la farola: 1641600;24/04/2026;25/04/2026;1;cuad63;FINALIZADA;2,931414088;-75,29812897
Abril;2030631;1641601;038780;LED;92,6;PRE;15;1D;Se ha realizado el mantenimiento preventivo sobre la farola: 1641601;24/04/2026;25/04/2026;1;cuad63;FINALIZADA;2,931414088;-75,29812897
Abril;2030638;1641604;029765;LED;92,6;PRE;15;1D;Se ha realizado el mantenimiento preventivo sobre la farola: 1641604;24/04/2026;25/04/2026;1;cuad63;FINALIZADA;2,932607033;-75,29875404
Abril;2030505;1641621;028718;LED;74,1;PRE;21;1A;Se ha realizado el mantenimiento preventivo sobre la farola: 1641621;24/04/2026;25/04/2026;1;cuad59;FINALIZADA;2,932722064;-75,29993501
Abril;2030634;1641630;038766;LED;92,6;PRE;CARRERA;CIRCUMVALAR;Se ha realizado el mantenimiento preventivo sobre la farola: 1641630;24/04/2026;25/04/2026;1;cuad63;FINALIZADA;2,93076014;-75,29753163
Abril;2030635;1641631;038768;LED;92,6;PRE;CARRERA;CIRCUMVALAR;Se ha realizado el mantenimiento preventivo sobre la farola: 1641631;24/04/2026;25/04/2026;1;cuad63;FINALIZADA;2,93076014;-75,29753163
Abril;2030658;1643621;062997;LED;106,5;PRE;23;7;Se ha realizado el mantenimiento preventivo sobre la farola: 1643621;24/04/2026;25/04/2026;1;cuad63;FINALIZADA;2,938933055;-75,28940298
Abril;2030659;1643660;062964;LED;106,5;PRE;18A;7;Se ha realizado el mantenimiento preventivo sobre la farola: 1643660;24/04/2026;25/04/2026;1;cuad63;FINALIZADA;2,936433114;-75,28903403
Abril;2030657;1643662;062993;LED;106,5;PRE;18A;7;Se ha realizado el mantenimiento preventivo sobre la farola: 1643662;24/04/2026;25/04/2026;1;cuad63;FINALIZADA;2,936701076;-75,28906802
Abril;2030656;1643663;062995;LED;106,5;PRE;18A;7;Se ha realizado el mantenimiento preventivo sobre la farola: 1643663;24/04/2026;25/04/2026;1;cuad63;FINALIZADA;2,936701076;-75,28906802
Abril;2030655;1643676;062913;LED;106,5;PRE;18;7;Se ha realizado el mantenimiento preventivo sobre la farola: 1643676;24/04/2026;25/04/2026;1;cuad63;FINALIZADA;2,935255066;-75,28885196
Abril;2030645;1643677;062927;LED;106,5;PRE;18;7;Se ha realizado el mantenimiento preventivo sobre la farola: 1643677;24/04/2026;25/04/2026;1;cuad63;FINALIZADA;2,935255066;-75,28885196
Abril;2030487;1643681;069870;LED;74,1;PRE;21;5;Se ha realizado el mantenimiento preventivo sobre la farola: 1643681;24/04/2026;25/04/2026;1;cuad59;FINALIZADA;2,936556117;-75,29194197
Abril;2030502;1643682;028072;LED;74,1;PRE;21;5;Se ha realizado el mantenimiento preventivo sobre la farola: 1643682;24/04/2026;25/04/2026;1;cuad59;FINALIZADA;2,936556117;-75,29194197
Abril;2030433;1643684;025633;LED;60,2;PRE;20;5;Se ha realizado el mantenimiento preventivo sobre la farola: 1643684;24/04/2026;25/04/2026;1;cuad59;FINALIZADA;2,935479058;-75,29201503
Abril;2030442;1643685;025632;LED;60,2;PRE;20;5;Se ha realizado el mantenimiento preventivo sobre la farola: 1643685;24/04/2026;25/04/2026;1;cuad59;FINALIZADA;2,934720091;-75,29173499
Abril;2023334;1643714;026050;LED;60,2;PRE;23;1H;Se ha realizado el mantenimiento preventivo sobre la farola: 1643714;20/04/2026;20/04/2026;0;cuad55;FINALIZADA;2,937480068;-75,29576598
Abril;2023332;1643715;026049;LED;60,2;PRE;23;1H;Se ha realizado el mantenimiento preventivo sobre la farola: 1643715;20/04/2026;20/04/2026;0;cuad55;FINALIZADA;2,937480068;-75,29576598
Abril;2023341;1643716;024942;LED;60,2;PRE;23;1H;Se ha realizado el mantenimiento preventivo sobre la farola: 1643716;20/04/2026;20/04/2026;0;cuad55;FINALIZADA;2,93775007;-75,29594998
Abril;2023324;1643719;026036;LED;60,2;PRE;24;2;Se ha realizado el mantenimiento preventivo sobre la farola: 1643719;20/04/2026;20/04/2026;0;cuad55;FINALIZADA;2,936784076;-75,29546202
Abril;2023328;1643720;026027;LED;60,2;PRE;24;2;Se ha realizado el mantenimiento preventivo sobre la farola: 1643720;20/04/2026;20/04/2026;0;cuad55;FINALIZADA;2,936784076;-75,29546202
Abril;2023278;1643755;029965;LED;60,2;PRE;21;2;Se ha realizado el mantenimiento preventivo sobre la farola: 1643755;20/04/2026;20/04/2026;0;cuad55;FINALIZADA;2,93513189;-75,29471082
Abril;2023279;1643756;026006;LED;60,2;PRE;21;2;Se ha realizado el mantenimiento preventivo sobre la farola: 1643756;20/04/2026;20/04/2026;0;cuad55;FINALIZADA;2,93513189;-75,29471082
Abril;2023275;1643759;026806;LED;60,2;PRE;21;2;Se ha realizado el mantenimiento preventivo sobre la farola: 1643759;20/04/2026;20/04/2026;0;cuad55;FINALIZADA;2,93458646;-75,29445135
Abril;2023264;1643760;026807;LED;60,2;PRE;21;2;Se ha realizado el mantenimiento preventivo sobre la farola: 1643760;20/04/2026;20/04/2026;0;cuad55;FINALIZADA;2,93458646;-75,29445135
Abril;2030595;1643765;028709;LED;74,1;PRE;21;2;Se ha realizado el mantenimiento preventivo sobre la farola: 1643765;24/04/2026;25/04/2026;1;cuad63;FINALIZADA;2,935534049;-75,29446998
Abril;2030591;1643766;028725;LED;74,1;PRE;21;2;Se ha realizado el mantenimiento preventivo sobre la farola: 1643766;24/04/2026;25/04/2026;1;cuad63;FINALIZADA;2,935534049;-75,29446998
Abril;2030597;1643770;028720;LED;74,1;PRE;21;2;Se ha realizado el mantenimiento preventivo sobre la farola: 1643770;24/04/2026;25/04/2026;1;cuad63;FINALIZADA;2,93513327;-75,29514358
Abril;2030639;1644262;029706;LED;92,6;PRE;15;1D;Se ha realizado el mantenimiento preventivo sobre la farola: 1644262;24/04/2026;25/04/2026;1;cuad63;FINALIZADA;2,93243208;-75,29869496
Abril;2030640;1644263;029750;LED;92,6;PRE;15;1D;Se ha realizado el mantenimiento preventivo sobre la farola: 1644263;24/04/2026;25/04/2026;1;cuad63;FINALIZADA;2,93243208;-75,29869496
Abril;2030637;1644264;030405;LED;92,6;PRE;15;1D;Se ha realizado el mantenimiento preventivo sobre la farola: 1644264;24/04/2026;25/04/2026;1;cuad63;FINALIZADA;2,932917045;-75,298854
Abril;2030641;1644265;029703;LED;92,6;PRE;15;1D;Se ha realizado el mantenimiento preventivo sobre la farola: 1644265;24/04/2026;25/04/2026;1;cuad63;FINALIZADA;2,932917045;-75,298854
Abril;2034808;1644972;063456;LED;92,6;PRE;10;9;Se ha realizado el mantenimiento preventivo sobre la farola: 1644972;29/04/2026;29/04/2026;0;cuad55;FINALIZADA;2,930571114;-75,285258
Abril;2030636;1646267;029257;LED;92,6;PRE;15;1D;Se ha realizado el mantenimiento preventivo sobre la farola: 1646267;24/04/2026;25/04/2026;1;cuad63;FINALIZADA;2,931935035;-75,29837899
Abril;2034798;1647315;048084;LED;60,2;PRE;CARRERA;CALLE;Se ha realizado el mantenimiento preventivo sobre la farola: 1647315;29/04/2026;29/04/2026;0;cuad55;FINALIZADA;2,931584171;-75,2967727
Abril;2030666;1647316;048055;LED;60,2;PRE;CARRERA;AV. TOMA;Se ha realizado el mantenimiento preventivo sobre la farola: 1647316;24/04/2026;25/04/2026;1;cuad63;FINALIZADA;2,932801468;-75,29530107
Abril;2033659;1647336;048048;LED;60,2;PRE;CARRERA;AV. TOMA;Se ha realizado el mantenimiento preventivo sobre la farola: 1647336;28/04/2026;28/04/2026;0;cuad55;FINALIZADA;2,931438669;-75,29687425
Abril;2033911;1647339;048082;LED;60,2;PRE;CARRERA;CALLE;Se ha realizado el mantenimiento preventivo sobre la farola: 1647339;28/04/2026;28/04/2026;0;cuad56;FINALIZADA;2,932009906;-75,29648756
Abril;2031920;1647344;063066;LED;60,2;PRE;CARRERA;AV. TOMA;Se ha realizado el mantenimiento preventivo sobre la farola: 1647344;27/04/2026;27/04/2026;0;cuad55;FINALIZADA;2,93290266;-75,29546388
Abril;2033653;1647358;048079;LED;60,2;PRE;CARRERA;AV. TOMA;Se ha realizado el mantenimiento preventivo sobre la farola: 1647358;28/04/2026;28/04/2026;0;cuad55;FINALIZADA;2,931144776;-75,29705126
Abril;2031903;1647363;063058;LED;60,2;PRE;CARRERA;AV. TOMA;Se ha realizado el mantenimiento preventivo sobre la farola: 1647363;27/04/2026;27/04/2026;0;cuad55;FINALIZADA;2,933096611;-75,29518183
Abril;2033916;1647364;048081;LED;60,2;PRE;CARRERA;CALLE;Se ha realizado el mantenimiento preventivo sobre la farola: 1647364;28/04/2026;28/04/2026;0;cuad56;FINALIZADA;2,93172958;-75,29668005
Abril;2033466;1647795;063783;LED;60,2;PRE;CARRERA;AV LA TOMA;Se ha realizado el mantenimiento preventivo sobre la farola: 1647795;28/04/2026;28/04/2026;0;cuad55;FINALIZADA;2,933905355;-75,2902235
Abril;2033467;1647796;063313;LED;60,2;PRE;CARRERA;AV LA TOMA;Se ha realizado el mantenimiento preventivo sobre la farola: 1647796;28/04/2026;28/04/2026;0;cuad55;FINALIZADA;2,933735717;-75,28990609
Abril;2031980;1647798;063360;LED;60,2;PRE;CARRERA;CALLE;Se ha realizado el mantenimiento preventivo sobre la farola: 1647798;27/04/2026;27/04/2026;0;cuad56;FINALIZADA;2,933195779;-75,28949366
Abril;2033630;1647803;063723;LED;60,2;PRE;CARRERA;AV LA TOMA;Se ha realizado el mantenimiento preventivo sobre la farola: 1647803;28/04/2026;28/04/2026;0;cuad55;FINALIZADA;2,931646589;-75,28747807
Abril;2033637;1647806;063716;LED;60,2;PRE;CARRERA;AV LA TOMA;Se ha realizado el mantenimiento preventivo sobre la farola: 1647806;28/04/2026;28/04/2026;0;cuad55;FINALIZADA;2,931198182;-75,28693095
Abril;2031989;1647833;063763;LED;60,2;PRE;CARRERA;AV LA TOMA;Se ha realizado el mantenimiento preventivo sobre la farola: 1647833;27/04/2026;27/04/2026;0;cuad56;FINALIZADA;2,932540974;-75,28851877
Abril;2031898;1647995;063063;LED;60,2;PRE;CARRERA;AV. TOMA;Se ha realizado el mantenimiento preventivo sobre la farola: 1647995;27/04/2026;27/04/2026;0;cuad55;FINALIZADA;2,933578458;-75,29447468
Abril;2031932;1647996;063073;LED;60,2;PRE;CARRERA;AV. TOMA;Se ha realizado el mantenimiento preventivo sobre la farola: 1647996;27/04/2026;27/04/2026;0;cuad55;FINALIZADA;2,933390749;-75,29476096
Abril;2033488;1648458;063740;LED;60,2;PRE;CARRERA;CALLE;Se ha realizado el mantenimiento preventivo sobre la farola: 1648458;28/04/2026;28/04/2026;0;cuad55;FINALIZADA;2,933823215;-75,28138863
Abril;2033487;1648471;063720;LED;60,2;PRE;CARRERA;CALLE;Se ha realizado el mantenimiento preventivo sobre la farola: 1648471;28/04/2026;28/04/2026;0;cuad55;FINALIZADA;2,933943051;-75,28153362
Abril;2031975;1648476;001440;LED;60,2;PRE;CARRERA;AV LA TOMA;Se ha realizado el mantenimiento preventivo sobre la farola: 1648476;27/04/2026;27/04/2026;0;cuad56;FINALIZADA;2,93335037;-75,2823976
Abril;2031988;1648477;063762;LED;60,2;PRE;CARRERA;AV LA TOMA;Se ha realizado el mantenimiento preventivo sobre la farola: 1648477;27/04/2026;27/04/2026;0;cuad56;FINALIZADA;2,933032575;-75,28291959
Abril;2030671;1648488;063778;LED;60,2;PRE;CARRERA;AV LA TOMA;Se ha realizado el mantenimiento preventivo sobre la farola: 1648488;24/04/2026;25/04/2026;1;cuad63;FINALIZADA;2,930943255;-75,28686753
Abril;2033641;1648498;063764;LED;60,2;PRE;CARRERA;AV LA TOMA;Se ha realizado el mantenimiento preventivo sobre la farola: 1648498;28/04/2026;28/04/2026;0;cuad55;FINALIZADA;2,931160757;-75,28716615
Abril;2033623;1648503;063756;LED;60,2;PRE;CARRERA;CALLE;Se ha realizado el mantenimiento preventivo sobre la farola: 1648503;28/04/2026;28/04/2026;0;cuad55;FINALIZADA;2,93312544;-75,2827473
Abril;2031985;1648504;063758;LED;60,2;PRE;CARRERA;CALLE;Se ha realizado el mantenimiento preventivo sobre la farola: 1648504;27/04/2026;27/04/2026;0;cuad56;FINALIZADA;2,933227249;-75,28258796
Abril;2031925;1648583;063069;LED;60,2;PRE;CARRERA;AV. TOMA;Se ha realizado el mantenimiento preventivo sobre la farola: 1648583;27/04/2026;27/04/2026;0;cuad55;FINALIZADA;2,933404322;-75,2944076
Abril;2030452;1652705;026407;LED;60,2;PRE;20;9;Se ha realizado el mantenimiento preventivo sobre la farola: 1652705;24/04/2026;25/04/2026;1;cuad59;FINALIZADA;2,939908044;-75,28521204
Abril;2030451;1652707;026476;LED;60,2;PRE;23;9;Se ha realizado el mantenimiento preventivo sobre la farola: 1652707;24/04/2026;25/04/2026;1;cuad59;FINALIZADA;2,940471116;-75,28525403
Abril;2031909;1656733;063084;LED;60,2;PRE;34;AV. TOMA;Se ha realizado el mantenimiento preventivo sobre la farola: 1656733;27/04/2026;27/04/2026;0;cuad55;FINALIZADA;2,933737287;-75,29392448
Abril;2033901;1656735;063076;LED;60,2;PRE;33;AV. TOMA;Se ha realizado el mantenimiento preventivo sobre la farola: 1656735;28/04/2026;28/04/2026;0;cuad56;FINALIZADA;2,934082571;-75,29338566
Abril;2030448;1660621;026470;LED;60,2;PRE;20;9;Se ha realizado el mantenimiento preventivo sobre la farola: 1660621;24/04/2026;25/04/2026;1;cuad59;FINALIZADA;2,939613114;-75,28520603
Abril;2030425;1660634;026952;LED;60,2;PRE;23;9;Se ha realizado el mantenimiento preventivo sobre la farola: 1660634;24/04/2026;25/04/2026;1;cuad59;FINALIZADA;2,94130706;-75,28523598
Abril;2031695;1660635;026475;LED;60,2;PRE;23;9;Se ha realizado el mantenimiento preventivo sobre la farola: 1660635;27/04/2026;27/04/2026;0;cuad55;FINALIZADA;2,940753107;-75,28526598
Abril;2030478;1660636;026466;LED;60,2;PRE;22;9;Se ha realizado el mantenimiento preventivo sobre la farola: 1660636;24/04/2026;25/04/2026;1;cuad59;FINALIZADA;2,940208041;-75,28521401
Abril;2009822;1660769;018721;LED;27,8;PRE;21;7A;Se ha realizado el mantenimiento preventivo sobre la farola: 1660769;08/04/2026;09/04/2026;1;cuad56;FINALIZADA;2,938365042;-75,28888101
Abril;2033655;1663075;063075;LED;60,2;PRE;8;AV. TOMA;Se ha realizado el mantenimiento preventivo sobre la farola: 1663075;28/04/2026;28/04/2026;0;cuad55;FINALIZADA;2,933806265;-75,29377494
Abril;2030670;1664902;063706;LED;60,2;PRE;13;AV LA TOMA;Se ha realizado el mantenimiento preventivo sobre la farola: 1664902;24/04/2026;25/04/2026;1;cuad63;FINALIZADA;2,931535075;-75,28734217
Abril;2031874;1664904;063794;LED;60,2;PRE;13;AV LA TOMA;Se ha realizado el mantenimiento preventivo sobre la farola: 1664904;27/04/2026;27/04/2026;0;cuad55;FINALIZADA;2,933318076;-75,28964389
Abril;2033468;1664905;063791;LED;60,2;PRE;13;AV LA TOMA;Se ha realizado el mantenimiento preventivo sobre la farola: 1664905;28/04/2026;28/04/2026;0;cuad55;FINALIZADA;2,933744224;-75,29024452
Abril;2031878;1664906;063355;LED;60,2;PRE;13;AV LA TOMA;Se ha realizado el mantenimiento preventivo sobre la farola: 1664906;27/04/2026;27/04/2026;0;cuad55;FINALIZADA;2,933195779;-75,28949366
Abril;2031978;1664907;063345;LED;60,2;PRE;13;7;Se ha realizado el mantenimiento preventivo sobre la farola: 1664907;27/04/2026;27/04/2026;0;cuad56;FINALIZADA;2,934008481;-75,29075611
Abril;2033473;1664911;063701;LED;60,2;PRE;13;AV LA TOMA;Se ha realizado el mantenimiento preventivo sobre la farola: 1664911;28/04/2026;28/04/2026;0;cuad55;FINALIZADA;2,932891441;-75,28891524
Abril;2033465;1664912;063798;LED;60,2;PRE;13;AV LA TOMA;Se ha realizado el mantenimiento preventivo sobre la farola: 1664912;28/04/2026;28/04/2026;0;cuad55;FINALIZADA;2,933795293;-75,29042243
Abril;2033470;1664914;063795;LED;60,2;PRE;13;AV LA TOMA;Se ha realizado el mantenimiento preventivo sobre la farola: 1664914;28/04/2026;28/04/2026;0;cuad55;FINALIZADA;2,933987859;-75,29058652
Abril;2030532;1665062;037497;LED;74,1;PRE;21;1BIS;Se ha realizado el mantenimiento preventivo sobre la farola: 1665062;24/04/2026;25/04/2026;1;cuad59;FINALIZADA;2,932738036;-75,30042101
Abril;2033898;1665355;063068;LED;60,2;PRE;11;AV. TOMA;Se ha realizado el mantenimiento preventivo sobre la farola: 1665355;28/04/2026;28/04/2026;0;cuad56;FINALIZADA;2,93385525;-75,29361776
Abril;2030415;1665677;025220;LED;60,2;PRE;12;11;Se ha realizado el mantenimiento preventivo sobre la farola: 1665677;24/04/2026;25/04/2026;1;cuad59;FINALIZADA;2,932108068;-75,28397702
Abril;2031928;1666030;063054;LED;60,2;PRE;14;AV. TOMA;Se ha realizado el mantenimiento preventivo sobre la farola: 1666030;27/04/2026;27/04/2026;0;cuad55;FINALIZADA;2,93350813;-75,29426042
Abril;2027635;1666135;023189;LED;46,3;PRE;13A;15;Se ha realizado el mantenimiento preventivo sobre la farola: 1666135;23/04/2026;24/04/2026;1;cuad55;FINALIZADA;2,934269107;-75,28116099
Abril;2027622;1666137;023116;LED;46,3;PRE;13A;15;Se ha realizado el mantenimiento preventivo sobre la farola: 1666137;23/04/2026;24/04/2026;1;cuad55;FINALIZADA;2,933606056;-75,282231
Abril;2033896;1723899;063055;LED;60,2;PRE;BONILLA;AV. TOMA;Se ha realizado el mantenimiento preventivo sobre la farola: 1723899;28/04/2026;28/04/2026;0;cuad56;FINALIZADA;2,934009296;-75,29370634
Abril;2033662;1729157;063086;LED;60,2;PRE;SIETEDEAGOSTO;AV. TOMA;Se ha realizado el mantenimiento preventivo sobre la farola: 1729157;28/04/2026;28/04/2026;0;cuad55;FINALIZADA;2,933920473;-75,29329527
Abril;2031936;1731950;048060;LED;60,2;PRE;VICTORFELIX;AV. TOMA;Se ha realizado el mantenimiento preventivo sobre la farola: 1731950;27/04/2026;27/04/2026;0;cuad55;FINALIZADA;2,933885001;-75,29401144
Abril;2033486;1737499;001443;LED;60,2;PRE;AVLATOMA;AVLATOMA;Se ha realizado el mantenimiento preventivo sobre la farola: 1737499;28/04/2026;28/04/2026;0;cuad55;FINALIZADA;2,932947053;-75,2830858
Abril;2030643;1737636;030238;LED;92,6;PRE;PRIMERODEMAYO;18;Se ha realizado el mantenimiento preventivo sobre la farola: 1737636;24/04/2026;25/04/2026;1;cuad63;FINALIZADA;2,93440642;-75,28043345
Abril;2030642;1737637;029673;LED;92,6;PRE;PRIMERODEMAYO;18;Se ha realizado el mantenimiento preventivo sobre la farola: 1737637;24/04/2026;25/04/2026;1;cuad63;FINALIZADA;2,93446992;-75,28016424
Abril;2030644;1737644;030533;LED;92,6;PRE;PRIMERODEMAYO;18;Se ha realizado el mantenimiento preventivo sobre la farola: 1737644;24/04/2026;25/04/2026;1;cuad63;FINALIZADA;2,93478485;-75,27806101
Abril;2033880;1740261;063057;LED;60,2;PRE;QUIRINAL;AV. TOMA;Se ha realizado el mantenimiento preventivo sobre la farola: 1740261;28/04/2026;28/04/2026;0;cuad56;FINALIZADA;2,934104775;-75,29289309
Abril;2034810;1751162;031201;LED;100;PRE;CARRERA 5;CALLE 17;Se ha realizado el mantenimiento preventivo sobre la farola: 1751162;29/04/2026;29/04/2026;0;cuad55;FINALIZADA;2,934713671;-75,29172266
Abril;2034799;1751314;031926;LED;92,6;PRE;CALLE4;CARRERA2;Se ha realizado el mantenimiento preventivo sobre la farola: 1751314;29/04/2026;29/04/2026;0;cuad55;FINALIZADA;2,93337287;-75,29391032
Abril;2034800;1751315;031922;LED;92,6;PRE;CALLE4;CARRERA2;Se ha realizado el mantenimiento preventivo sobre la farola: 1751315;29/04/2026;29/04/2026;0;cuad55;FINALIZADA;2,93308224;-75,29388316
Abril;2034803;1751316;031921;LED;92,6;PRE;CALLE4;CARRERA2;Se ha realizado el mantenimiento preventivo sobre la farola: 1751316;29/04/2026;29/04/2026;0;cuad55;FINALIZADA;2,9327916;-75,29385835
Abril;2034776;1751318;031932;LED;92,6;PRE;CALLE4;CARRERA2;Se ha realizado el mantenimiento preventivo sobre la farola: 1751318;29/04/2026;29/04/2026;0;cuad55;FINALIZADA;2,93308224;-75,29388316
Abril;2034805;1751322;031927;LED;92,6;PRE;CALLE4;CARRERA2;Se ha realizado el mantenimiento preventivo sobre la farola: 1751322;29/04/2026;29/04/2026;0;cuad55;FINALIZADA;2,93356875;-75,29398307
Abril;2031984;1771823;063315;LED;60,2;PRE;CARRERA 5 A LA CARRERA 16;AV LA TOMA;Se ha realizado el mantenimiento preventivo sobre la farola: 1771823;27/04/2026;27/04/2026;0;cuad56;FINALIZADA;2,933440435;-75,28196719
Abril;2031856;1771832;063306;LED;60,2;PRE;CARRERA 5 A LA CARRERA 16;AV LA TOMA;Se ha realizado el mantenimiento preventivo sobre la farola: 1771832;27/04/2026;27/04/2026;0;cuad55;FINALIZADA;2,932907333;-75,28914202
Abril;2031948;1772319;063326;LED;60,2;PRE;CARRERA 4 A LA CARRERA 5;AV LA TOMA;Se ha realizado el mantenimiento preventivo sobre la farola: 1772319;27/04/2026;27/04/2026;0;cuad55;FINALIZADA;2,93406995;-75,2925402
Abril;2031959;1772320;063331;LED;60,2;PRE;CARRERA 4 A LA CARRERA 5;AV LA TOMA;Se ha realizado el mantenimiento preventivo sobre la farola: 1772320;27/04/2026;27/04/2026;0;cuad55;FINALIZADA;2,934069951;-75,29254021
Abril;2031972;1772323;063318;LED;60,2;PRE;CARRERA 4 A LA CARRERA 5;AV LA TOMA;Se ha realizado el mantenimiento preventivo sobre la farola: 1772323;27/04/2026;27/04/2026;0;cuad56;FINALIZADA;2,93406654;-75,2923586
Abril;2031946;1772324;063336;LED;60,2;PRE;CARRERA 4 A LA CARRERA 5;AV LA TOMA;Se ha realizado el mantenimiento preventivo sobre la farola: 1772324;27/04/2026;27/04/2026;0;cuad55;FINALIZADA;2,933909031;-75,29235292
Abril;2031974;1772326;063325;LED;60,2;PRE;CARRERA 4 A LA CARRERA 5;AV LA TOMA;Se ha realizado el mantenimiento preventivo sobre la farola: 1772326;27/04/2026;27/04/2026;0;cuad56;FINALIZADA;2,934061395;-75,29217729
Abril;2031971;1772327;063338;LED;60,2;PRE;CARRERA 4 A LA CARRERA 5;AV LA TOMA;Se ha realizado el mantenimiento preventivo sobre la farola: 1772327;27/04/2026;27/04/2026;0;cuad56;FINALIZADA;2,933868646;-75,29201357
Abril;2031944;1772328;063323;LED;60,2;PRE;CARRERA 4 A LA CARRERA 5;AV LA TOMA;Se ha realizado el mantenimiento preventivo sobre la farola: 1772328;27/04/2026;27/04/2026;0;cuad55;FINALIZADA;2,93405651;-75,2919954
Abril;2031939;1772331;063335;LED;60,2;PRE;CARRERA 4 A LA CARRERA 5;AV LA TOMA;Se ha realizado el mantenimiento preventivo sobre la farola: 1772331;27/04/2026;27/04/2026;0;cuad55;FINALIZADA;2,933792276;-75,29168044
Abril;2031970;1772332;063333;LED;60,2;PRE;CARRERA 4 A LA CARRERA 5;AV LA TOMA;Se ha realizado el mantenimiento preventivo sobre la farola: 1772332;27/04/2026;27/04/2026;0;cuad56;FINALIZADA;2,934074996;-75,291633
Abril;2031852;1772334;063351;LED;60,2;PRE;CARRERA 6 A LA CARRERA 7;AV LA TOMA;Se ha realizado el mantenimiento preventivo sobre la farola: 1772334;27/04/2026;27/04/2026;0;cuad55;FINALIZADA;2,933007823;-75,28925173
Abril;2031862;1772335;063348;LED;60,2;PRE;CARRERA 6 A LA CARRERA 7;AV LA TOMA;Se ha realizado el mantenimiento preventivo sobre la farola: 1772335;27/04/2026;27/04/2026;0;cuad55;FINALIZADA;2,933251632;-75,28932459
Abril;2031866;1772340;001098;LED;60,2;PRE;CARRERA 6 A LA CARRERA 7;AV LA TOMA;Se ha realizado el mantenimiento preventivo sobre la farola: 1772340;27/04/2026;27/04/2026;0;cuad55;FINALIZADA;2,932021126;-75,28818339
Abril;2031858;1772341;063341;LED;60,2;PRE;CARRERA 7 A LA CARRERA 8;AV LA TOMA;Se ha realizado el mantenimiento preventivo sobre la farola: 1772341;27/04/2026;27/04/2026;0;cuad55;FINALIZADA;2,93187333;-75,28776389
Abril;2031837;1772343;063344;LED;60,2;PRE;CARRERA 8 A LA CARRERA 9;AV LA TOMA;Se ha realizado el mantenimiento preventivo sobre la farola: 1772343;27/04/2026;27/04/2026;0;cuad55;FINALIZADA;2,93039313;-75,28544271
Abril;2031873;1772344;001096;LED;60,2;PRE;CARRERA 8 A LA CARRERA 9;AV LA TOMA;Se ha realizado el mantenimiento preventivo sobre la farola: 1772344;27/04/2026;27/04/2026;0;cuad55;FINALIZADA;2,93039313;-75,28544271
Abril;2033485;1772347;001442;LED;60,2;PRE;CARRERA 9 A LA CARRERA 12;AV LA TOMA;Se ha realizado el mantenimiento preventivo sobre la farola: 1772347;28/04/2026;28/04/2026;0;cuad55;FINALIZADA;2,932204446;-75,28385555
Febrero;1974875;1631728;062001;na;na;PRE;CARRERA;CALLE;Se ha realizado el mantenimiento preventivo sobre la farola: 1631728;23/02/2026;23/02/2026;0;cuad54;FINALIZADA;2,90274627;-75,2612152
Febrero;1974858;1631729;062002;na;na;PRE;CARRERA;CALLE;Se ha realizado el mantenimiento preventivo sobre la farola: 1631729;23/02/2026;23/02/2026;0;cuad54;FINALIZADA;2,90277205;-75,26116289
Febrero;1974868;1631733;062003;na;na;PRE;CARRERA;CALLE;Se ha realizado el mantenimiento preventivo sobre la farola: 1631733;23/02/2026;23/02/2026;0;cuad54;FINALIZADA;2,90279817;-75,26112031
Febrero;1974873;1631741;062004;na;na;PRE;CARRERA;CALLE;Se ha realizado el mantenimiento preventivo sobre la farola: 1631741;23/02/2026;23/02/2026;0;cuad54;FINALIZADA;2,90282329;-75,26107773
Febrero;1964665;1631743;062364;na;na;PRE;CARRERA;CALLE;Se ha realizado el mantenimiento preventivo sobre la farola: 1631743;11/02/2026;12/02/2026;1;cuad54;FINALIZADA;2,89309091;-75,25815983
Febrero;1974870;1631812;062008;na;na;PRE;CARRERA;CALLE;Se ha realizado el mantenimiento preventivo sobre la farola: 1631812;23/02/2026;23/02/2026;0;cuad54;FINALIZADA;2,90287887;-75,26131041
Febrero;1974863;1631813;062006;na;na;PRE;CARRERA;CALLE;Se ha realizado el mantenimiento preventivo sobre la farola: 1631813;23/02/2026;23/02/2026;0;cuad54;FINALIZADA;2,9029291;-75,26122022
Febrero;1974866;1631814;062007;na;na;PRE;CARRERA;CALLE;Se ha realizado el mantenimiento preventivo sobre la farola: 1631814;23/02/2026;23/02/2026;0;cuad54;FINALIZADA;2,90290331;-75,26126079
Febrero;1974860;1631815;062005;na;na;PRE;CARRERA;CALLE;Se ha realizado el mantenimiento preventivo sobre la farola: 1631815;23/02/2026;23/02/2026;0;cuad54;FINALIZADA;2,9029599;-75,26117429
Febrero;1974808;1632110;039924;na;na;PRE;CARRERA;CALLE;Se ha realizado el mantenimiento preventivo sobre la farola: 1632110;23/02/2026;23/02/2026;0;cuad63;FINALIZADA;2,903564068;-75,26355097
Febrero;1969091;1632355;027675;na;na;PRE;CARRERA;CALLE;Se ha realizado el mantenimiento preventivo sobre la farola: 1632355;14/02/2026;16/02/2026;2;cuad63;FINALIZADA;2,905641049;-75,27975404
Febrero;1974848;1632370;031282;na;na;PRE;CARRERA;CALLE;Se ha realizado el mantenimiento preventivo sobre la farola: 1632370;23/02/2026;23/02/2026;0;cuad54;FINALIZADA;2,89047005;-75,25706603
Febrero;1974844;1632371;031283;na;na;PRE;CARRERA;CALLE;Se ha realizado el mantenimiento preventivo sobre la farola: 1632371;23/02/2026;23/02/2026;0;cuad54;FINALIZADA;2,89047005;-75,25706603
Febrero;1974856;1632372;031284;na;na;PRE;CARRERA;CALLE;Se ha realizado el mantenimiento preventivo sobre la farola: 1632372;23/02/2026;23/02/2026;0;cuad54;FINALIZADA;2,890542092;-75,25694098
Febrero;1974845;1632373;031285;na;na;PRE;CARRERA;CALLE;Se ha realizado el mantenimiento preventivo sobre la farola: 1632373;23/02/2026;23/02/2026;0;cuad54;FINALIZADA;2,890542092;-75,25694098
Febrero;1974834;1632374;031286;na;na;PRE;CARRERA;CALLE;Se ha realizado el mantenimiento preventivo sobre la farola: 1632374;23/02/2026;23/02/2026;0;cuad54;FINALIZADA;2,890597036;-75,25681403
Febrero;1974835;1632375;031287;na;na;PRE;CARRERA;CALLE;Se ha realizado el mantenimiento preventivo sobre la farola: 1632375;23/02/2026;23/02/2026;0;cuad54;FINALIZADA;2,890597036;-75,25681403
Febrero;1974850;1632376;031189;na;na;PRE;CARRERA;CALLE;Se ha realizado el mantenimiento preventivo sobre la farola: 1632376;23/02/2026;23/02/2026;0;cuad54;FINALIZADA;2,890716116;-75,25672101
Febrero;1974839;1632377;031190;na;na;PRE;CARRERA;CALLE;Se ha realizado el mantenimiento preventivo sobre la farola: 1632377;23/02/2026;23/02/2026;0;cuad54;FINALIZADA;2,890716116;-75,25672101
Febrero;1974847;1632378;031188;na;na;PRE;CARRERA;CALLE;Se ha realizado el mantenimiento preventivo sobre la farola: 1632378;23/02/2026;23/02/2026;0;cuad54;FINALIZADA;2,890784096;-75,25655799
Febrero;1974843;1632379;031186;na;na;PRE;CARRERA;CALLE;Se ha realizado el mantenimiento preventivo sobre la farola: 1632379;23/02/2026;23/02/2026;0;cuad54;FINALIZADA;2,890784096;-75,25655799
Febrero;1974854;1632380;031194;na;na;PRE;CARRERA;CALLE;Se ha realizado el mantenimiento preventivo sobre la farola: 1632380;23/02/2026;23/02/2026;0;cuad54;FINALIZADA;2,890967105;-75,25660797
Febrero;1974852;1632381;031195;na;na;PRE;CARRERA;CALLE;Se ha realizado el mantenimiento preventivo sobre la farola: 1632381;23/02/2026;23/02/2026;0;cuad54;FINALIZADA;2,890967105;-75,25660797
Febrero;1974846;1632382;031299;na;na;PRE;CARRERA;CALLE;Se ha realizado el mantenimiento preventivo sobre la farola: 1632382;23/02/2026;23/02/2026;0;cuad54;FINALIZADA;2,890924091;-75,25678702
Febrero;1974842;1632383;031300;na;na;PRE;CARRERA;CALLE;Se ha realizado el mantenimiento preventivo sobre la farola: 1632383;23/02/2026;23/02/2026;0;cuad54;FINALIZADA;2,890924091;-75,25678702
Febrero;1974849;1632384;031289;na;na;PRE;CARRERA;CALLE;Se ha realizado el mantenimiento preventivo sobre la farola: 1632384;23/02/2026;23/02/2026;0;cuad54;FINALIZADA;2,890893114;-75,25694897
Febrero;1974851;1632385;031288;na;na;PRE;CARRERA;CALLE;Se ha realizado el mantenimiento preventivo sobre la farola: 1632385;23/02/2026;23/02/2026;0;cuad54;FINALIZADA;2,890893114;-75,25694897
Febrero;1974838;1632386;031291;na;na;PRE;CARRERA;CALLE;Se ha realizado el mantenimiento preventivo sobre la farola: 1632386;23/02/2026;23/02/2026;0;cuad54;FINALIZADA;2,890811032;-75,25705999
Febrero;1974836;1632387;031290;na;na;PRE;CARRERA;CALLE;Se ha realizado el mantenimiento preventivo sobre la farola: 1632387;23/02/2026;23/02/2026;0;cuad54;FINALIZADA;2,890811032;-75,25705999
Febrero;1964739;1635643;070385;na;na;PRE;13;7;Se ha realizado el mantenimiento preventivo sobre la farola: 1635643;11/02/2026;13/02/2026;2;cuad57;FINALIZADA;2,903065;-75,271357
Febrero;1964628;1635878;062366;na;na;PRE;11;11;Se ha realizado el mantenimiento preventivo sobre la farola: 1635878;11/02/2026;12/02/2026;1;cuad54;FINALIZADA;2,89315244;-75,25591552
Febrero;1964626;1635879;062361;na;na;PRE;11;11;Se ha realizado el mantenimiento preventivo sobre la farola: 1635879;11/02/2026;12/02/2026;1;cuad54;FINALIZADA;2,89312747;-75,25701951
Febrero;1964627;1635880;062369;na;na;PRE;11;11;Se ha realizado el mantenimiento preventivo sobre la farola: 1635880;11/02/2026;12/02/2026;1;cuad54;FINALIZADA;2,89310235;-75,2577045
Febrero;1977548;1636803;067496;na;na;PRE;5;4;Se ha realizado el mantenimiento preventivo sobre la farola: 1636803;25/02/2026;26/02/2026;1;cuad59;FINALIZADA;2,86511317;-75,23424425
Febrero;1978575;1636811;067458;na;na;PRE;5;4;Se ha realizado el mantenimiento preventivo sobre la farola: 1636811;26/02/2026;27/02/2026;1;cuad57;FINALIZADA;2,865404;-75,233525
Febrero;1975260;1636812;066847;na;na;PRE;3A;8;Se ha realizado el mantenimiento preventivo sobre la farola: 1636812;23/02/2026;23/02/2026;0;cuad55;FINALIZADA;2,864071;-75,231831
Febrero;1978533;1636813;026525;na;na;PRE;4;8;Se ha realizado el mantenimiento preventivo sobre la farola: 1636813;26/02/2026;27/02/2026;1;cuad57;FINALIZADA;2,864756012;-75,23058513
Febrero;1976617;1636815;066854;na;na;PRE;3;7A;Se ha realizado el mantenimiento preventivo sobre la farola: 1636815;24/02/2026;25/02/2026;1;cuad59;FINALIZADA;2,86474;-75,229802
Febrero;1969192;1636823;027474;na;na;PRE;26;6;Se ha realizado el mantenimiento preventivo sobre la farola: 1636823;15/02/2026;17/02/2026;2;cuad63;FINALIZADA;2,905396062;-75,28009599
Febrero;1969278;1636826;066281;na;na;PRE;29;7;Se ha realizado el mantenimiento preventivo sobre la farola: 1636826;16/02/2026;17/02/2026;1;cuad63;FINALIZADA;2,905545056;-75,28013796
Febrero;1965305;1638899;028700;na;na;PRE;CARRERA;CALLE;Se ha realizado el mantenimiento preventivo sobre la farola: 1638899;11/02/2026;12/02/2026;1;cuad55;FINALIZADA;2,901638936;-75,27013885
Febrero;1965303;1638927;028401;na;na;PRE;CARRERA;CALLE;Se ha realizado el mantenimiento preventivo sobre la farola: 1638927;11/02/2026;12/02/2026;1;cuad55;FINALIZADA;2,902348;-75,27073
Febrero;1965307;1638928;070408;na;na;PRE;CARRERA;CALLE;Se ha realizado el mantenimiento preventivo sobre la farola: 1638928;11/02/2026;12/02/2026;1;cuad55;FINALIZADA;2,903065;-75,271357
Febrero;1965304;1638930;028612;na;na;PRE;CARRERA;CALLE;Se ha realizado el mantenimiento preventivo sobre la farola: 1638930;11/02/2026;12/02/2026;1;cuad55;FINALIZADA;2,900694541;-75,26930558
Febrero;1964746;1638931;067770;na;na;PRE;CARRERA;CALLE;Se ha realizado el mantenimiento preventivo sobre la farola: 1638931;11/02/2026;12/02/2026;1;cuad57;FINALIZADA;2,900694541;-75,26930558
Febrero;1965306;1638932;030110;na;na;PRE;CARRERA;CALLE;Se ha realizado el mantenimiento preventivo sobre la farola: 1638932;11/02/2026;12/02/2026;1;cuad59;FINALIZADA;2,901416705;-75,26991663
Febrero;1965309;1638933;028739;na;na;PRE;CARRERA;CALLE;Se ha realizado el mantenimiento preventivo sobre la farola: 1638933;11/02/2026;12/02/2026;1;cuad55;FINALIZADA;2,901638936;-75,27013885
Febrero;1964663;1639576;062368;na;na;PRE;CARRERA;CALLE;Se ha realizado el mantenimiento preventivo sobre la farola: 1639576;11/02/2026;12/02/2026;1;cuad54;FINALIZADA;2,89311762;-75,25724223
Febrero;1964664;1639577;062388;na;na;PRE;CARRERA;CALLE;Se ha realizado el mantenimiento preventivo sobre la farola: 1639577;11/02/2026;12/02/2026;1;cuad54;FINALIZADA;2,89317157;-75,25524323
Febrero;1964643;1639578;062383;na;na;PRE;CARRERA;CALLE;Se ha realizado el mantenimiento preventivo sobre la farola: 1639578;11/02/2026;12/02/2026;1;cuad54;FINALIZADA;2,8931764;-75,25502594
Febrero;1965311;1639579;028146;na;na;PRE;CARRERA;CALLE;Se ha realizado el mantenimiento preventivo sobre la farola: 1639579;11/02/2026;12/02/2026;1;cuad55;FINALIZADA;2,89312209;-75,2536108
Febrero;1964645;1639580;062354;na;na;PRE;CARRERA;CALLE;Se ha realizado el mantenimiento preventivo sobre la farola: 1639580;11/02/2026;12/02/2026;1;cuad54;FINALIZADA;2,89306166;-75,25927537
Febrero;1962004;1640370;001490;na;na;PRE;52;28C;Se ha realizado el mantenimiento preventivo sobre la farola: 1640370;07/02/2026;07/02/2026;0;cuad59;FINALIZADA;2,895264;-75,269116
Febrero;1964629;1641962;062393;na;na;PRE;13;12;Se ha realizado el mantenimiento preventivo sobre la farola: 1641962;11/02/2026;12/02/2026;1;cuad54;FINALIZADA;2,89320186;-75,25412908
Febrero;1969494;1643003;028629;na;na;PRE;26N;22;Se ha realizado el mantenimiento preventivo sobre la farola: 1643003;16/02/2026;17/02/2026;1;cuad54;FINALIZADA;2,9050491;-75,27648496
Febrero;1969297;1643004;028683;na;na;PRE;26N;22;Se ha realizado el mantenimiento preventivo sobre la farola: 1643004;16/02/2026;17/02/2026;1;cuad63;FINALIZADA;2,905133102;-75,27666701
Febrero;1961971;1645571;068079;na;na;PRE;18;30;Se ha realizado el mantenimiento preventivo sobre la farola: 1645571;07/02/2026;07/02/2026;0;cuad54;FINALIZADA;2,90324433;-75,26695822
Febrero;1961969;1645572;068100;na;na;PRE;18;30;Se ha realizado el mantenimiento preventivo sobre la farola: 1645572;07/02/2026;07/02/2026;0;cuad54;FINALIZADA;2,90324433;-75,26695822
Febrero;1961972;1645573;068089;na;na;PRE;18;30;Se ha realizado el mantenimiento preventivo sobre la farola: 1645573;07/02/2026;07/02/2026;0;cuad54;FINALIZADA;2,903522156;-75,26708332
Febrero;1961967;1645574;068077;na;na;PRE;18;30;Se ha realizado el mantenimiento preventivo sobre la farola: 1645574;07/02/2026;07/02/2026;0;cuad54;FINALIZADA;2,903522156;-75,26708332
Febrero;1961965;1645575;068098;na;na;PRE;19;30;Se ha realizado el mantenimiento preventivo sobre la farola: 1645575;07/02/2026;07/02/2026;0;cuad54;FINALIZADA;2,903812052;-75,26720646
Febrero;1974806;1645576;068072;na;na;PRE;19;30;Se ha realizado el mantenimiento preventivo sobre la farola: 1645576;23/02/2026;23/02/2026;0;cuad63;FINALIZADA;2,903812052;-75,26720646
Febrero;1961968;1645585;068391;na;na;PRE;21;30;Se ha realizado el mantenimiento preventivo sobre la farola: 1645585;07/02/2026;07/02/2026;0;cuad54;FINALIZADA;2,902960875;-75,26683512
Febrero;1961970;1645586;068087;na;na;PRE;21;30;Se ha realizado el mantenimiento preventivo sobre la farola: 1645586;07/02/2026;07/02/2026;0;cuad54;FINALIZADA;2,902960875;-75,26683512
Febrero;1961964;1645587;068083;na;na;PRE;21;30;Se ha realizado el mantenimiento preventivo sobre la farola: 1645587;07/02/2026;07/02/2026;0;cuad54;FINALIZADA;2,902670821;-75,26670518
Febrero;1961973;1645588;068032;na;na;PRE;21;30;Se ha realizado el mantenimiento preventivo sobre la farola: 1645588;07/02/2026;07/02/2026;0;cuad54;FINALIZADA;2,902670821;-75,26670518
Febrero;1961989;1645589;069303;na;na;PRE;22;30;Se ha realizado el mantenimiento preventivo sobre la farola: 1645589;07/02/2026;07/02/2026;0;cuad54;FINALIZADA;2,902395339;-75,26658704
Febrero;1961992;1645590;069378;na;na;PRE;22;30;Se ha realizado el mantenimiento preventivo sobre la farola: 1645590;07/02/2026;07/02/2026;0;cuad54;FINALIZADA;2,902395339;-75,26658704
Febrero;1961986;1645591;069376;na;na;PRE;22;30;Se ha realizado el mantenimiento preventivo sobre la farola: 1645591;07/02/2026;07/02/2026;0;cuad54;FINALIZADA;2,902116574;-75,26646799
Febrero;1961987;1645592;069348;na;na;PRE;22;30;Se ha realizado el mantenimiento preventivo sobre la farola: 1645592;07/02/2026;07/02/2026;0;cuad54;FINALIZADA;2,902116574;-75,26646799
Febrero;1961983;1645593;069318;na;na;PRE;23;30;Se ha realizado el mantenimiento preventivo sobre la farola: 1645593;07/02/2026;07/02/2026;0;cuad54;FINALIZADA;2,901836911;-75,26634418
Febrero;1961975;1645594;028103;na;na;PRE;23;30;Se ha realizado el mantenimiento preventivo sobre la farola: 1645594;07/02/2026;07/02/2026;0;cuad54;FINALIZADA;2,901836911;-75,26634418
Febrero;1961976;1645595;067941;na;na;PRE;23;30;Se ha realizado el mantenimiento preventivo sobre la farola: 1645595;07/02/2026;07/02/2026;0;cuad54;FINALIZADA;2,901558476;-75,26622562
Febrero;1961984;1645596;069304;na;na;PRE;23;30;Se ha realizado el mantenimiento preventivo sobre la farola: 1645596;07/02/2026;07/02/2026;0;cuad54;FINALIZADA;2,901558476;-75,26622562
Febrero;1961982;1645597;069346;na;na;PRE;23;30;Se ha realizado el mantenimiento preventivo sobre la farola: 1645597;07/02/2026;07/02/2026;0;cuad54;FINALIZADA;2,90127262;-75,26610303
Febrero;1961978;1645598;069380;na;na;PRE;23;30;Se ha realizado el mantenimiento preventivo sobre la farola: 1645598;07/02/2026;07/02/2026;0;cuad54;FINALIZADA;2,90127262;-75,26610303
Febrero;1961991;1645599;069314;na;na;PRE;25;30;Se ha realizado el mantenimiento preventivo sobre la farola: 1645599;07/02/2026;07/02/2026;0;cuad54;FINALIZADA;2,901003974;-75,26598862
Febrero;1961977;1645600;069362;na;na;PRE;25;30;Se ha realizado el mantenimiento preventivo sobre la farola: 1645600;07/02/2026;07/02/2026;0;cuad54;FINALIZADA;2,901003974;-75,26598862
Febrero;1961988;1645601;069332;na;na;PRE;25;30;Se ha realizado el mantenimiento preventivo sobre la farola: 1645601;07/02/2026;07/02/2026;0;cuad54;FINALIZADA;2,900716879;-75,26585351
Febrero;1961993;1645602;069381;na;na;PRE;25;30;Se ha realizado el mantenimiento preventivo sobre la farola: 1645602;07/02/2026;07/02/2026;0;cuad54;FINALIZADA;2,900716879;-75,26585351
Febrero;1961974;1645603;069368;na;na;PRE;25;30;Se ha realizado el mantenimiento preventivo sobre la farola: 1645603;07/02/2026;07/02/2026;0;cuad54;FINALIZADA;2,900474877;-75,26568337
Febrero;1961981;1645604;068045;na;na;PRE;26;30;Se ha realizado el mantenimiento preventivo sobre la farola: 1645604;07/02/2026;07/02/2026;0;cuad54;FINALIZADA;2,900474877;-75,26568337
Febrero;1961985;1645605;069307;na;na;PRE;26;30;Se ha realizado el mantenimiento preventivo sobre la farola: 1645605;07/02/2026;07/02/2026;0;cuad54;FINALIZADA;2,900220352;-75,26550804
Febrero;1961980;1645606;069344;na;na;PRE;26;30;Se ha realizado el mantenimiento preventivo sobre la farola: 1645606;07/02/2026;07/02/2026;0;cuad54;FINALIZADA;2,900220352;-75,26550804
Febrero;1961990;1645607;069357;na;na;PRE;26;30;Se ha realizado el mantenimiento preventivo sobre la farola: 1645607;07/02/2026;07/02/2026;0;cuad54;FINALIZADA;2,899961156;-75,26533172
Febrero;1961979;1645608;069398;na;na;PRE;27;30;Se ha realizado el mantenimiento preventivo sobre la farola: 1645608;07/02/2026;07/02/2026;0;cuad54;FINALIZADA;2,899961156;-75,26533172
Febrero;1958627;1645765;068716;na;na;PRE;24;30;Se ha realizado el mantenimiento preventivo sobre la farola: 1645765;04/02/2026;04/02/2026;0;cuad54;FINALIZADA;2,899953;-75,26861
Febrero;1958622;1645766;068725;na;na;PRE;24;30;Se ha realizado el mantenimiento preventivo sobre la farola: 1645766;04/02/2026;04/02/2026;0;cuad54;FINALIZADA;2,899699;-75,268402
Febrero;1978557;1645785;065171;na;na;PRE;4;1;Se ha realizado el mantenimiento preventivo sobre la farola: 1645785;26/02/2026;27/02/2026;1;cuad57;FINALIZADA;2,864979;-75,233971
Febrero;1969039;1645965;069928;na;na;PRE;CARRERA;CALLE;Se ha realizado el mantenimiento preventivo sobre la farola: 1645965;14/02/2026;16/02/2026;2;cuad57;FINALIZADA;2,902634434;-75,28295176
Febrero;1965302;1647839;067678;na;na;PRE;CARRERA;CALLE;Se ha realizado el mantenimiento preventivo sobre la farola: 1647839;11/02/2026;12/02/2026;1;cuad55;FINALIZADA;2,901416705;-75,26991663
Febrero;1965301;1647840;030147;na;na;PRE;CARRERA;CALLE;Se ha realizado el mantenimiento preventivo sobre la farola: 1647840;11/02/2026;12/02/2026;1;cuad55;FINALIZADA;2,900250058;-75,26894447
Febrero;1964742;1647843;070382;na;na;PRE;CARRERA;CALLE;Se ha realizado el mantenimiento preventivo sobre la farola: 1647843;11/02/2026;13/02/2026;2;cuad57;FINALIZADA;2,902839;-75,271142
Febrero;1964667;1648466;062391;na;na;PRE;CARRERA;CALLE;Se ha realizado el mantenimiento preventivo sobre la farola: 1648466;11/02/2026;12/02/2026;1;cuad54;FINALIZADA;2,89319109;-75,25457827
Febrero;1974819;1648467;062372;na;na;PRE;CARRERA;CALLE;Se ha realizado el mantenimiento preventivo sobre la farola: 1648467;23/02/2026;23/02/2026;0;cuad63;FINALIZADA;2,8931601;-75,25568748
Febrero;1964661;1648468;062394;na;na;PRE;CARRERA;CALLE;Se ha realizado el mantenimiento preventivo sobre la farola: 1648468;11/02/2026;12/02/2026;1;cuad54;FINALIZADA;2,89316414;-75,25547018
Febrero;1964658;1648469;062380;na;na;PRE;CARRERA;CALLE;Se ha realizado el mantenimiento preventivo sobre la farola: 1648469;11/02/2026;12/02/2026;1;cuad54;FINALIZADA;2,89312747;-75,25701951
Febrero;1964648;1648470;062374;na;na;PRE;CARRERA;CALLE;Se ha realizado el mantenimiento preventivo sobre la farola: 1648470;11/02/2026;12/02/2026;1;cuad54;FINALIZADA;2,89310235;-75,2577045
Febrero;1964642;1648514;062389;na;na;PRE;CARRERA;CALLE;Se ha realizado el mantenimiento preventivo sobre la farola: 1648514;11/02/2026;12/02/2026;1;cuad54;FINALIZADA;2,89303348;-75,25994752
Febrero;1969040;1649037;041019;na;na;PRE;CARRERA;CALLE;Se ha realizado el mantenimiento preventivo sobre la farola: 1649037;14/02/2026;16/02/2026;2;cuad57;FINALIZADA;2,905617;-75,278838
Febrero;1969020;1650957;038314;na;na;PRE;14;2;Se ha realizado el mantenimiento preventivo sobre la farola: 1650957;14/02/2026;16/02/2026;2;cuad57;FINALIZADA;2,908975144;-75,28722396
Febrero;1969025;1650973;038550;na;na;PRE;11;2;Se ha realizado el mantenimiento preventivo sobre la farola: 1650973;14/02/2026;16/02/2026;2;cuad57;FINALIZADA;2,912220061;-75,28846797
Febrero;1975281;1651445;066919;na;na;PRE;3A;5;Se ha realizado el mantenimiento preventivo sobre la farola: 1651445;23/02/2026;23/02/2026;0;cuad55;FINALIZADA;2,864331;-75,233483
Febrero;1976886;1651446;066901;na;na;PRE;3A;5;Se ha realizado el mantenimiento preventivo sobre la farola: 1651446;25/02/2026;25/02/2026;0;cuad59;FINALIZADA;2,864224;-75,233494
Febrero;1976896;1651447;066916;na;na;PRE;3A;5;Se ha realizado el mantenimiento preventivo sobre la farola: 1651447;25/02/2026;25/02/2026;0;cuad59;FINALIZADA;2,863954;-75,233477
Febrero;1976897;1651448;066920;na;na;PRE;3A;5;Se ha realizado el mantenimiento preventivo sobre la farola: 1651448;25/02/2026;25/02/2026;0;cuad59;FINALIZADA;2,863665;-75,23349
Febrero;1969019;1651458;030619;na;na;PRE;CARRERA;CALLE;Se ha realizado el mantenimiento preventivo sobre la farola: 1651458;14/02/2026;16/02/2026;2;cuad57;FINALIZADA;2,897064082;-75,28510901
Febrero;1969018;1651459;029727;na;na;PRE;CARRERA;CALLE;Se ha realizado el mantenimiento preventivo sobre la farola: 1651459;14/02/2026;16/02/2026;2;cuad57;FINALIZADA;2,89716905;-75,28537601
Febrero;1969033;1651460;038437;na;na;PRE;CARRERA;CALLE;Se ha realizado el mantenimiento preventivo sobre la farola: 1651460;14/02/2026;16/02/2026;2;cuad57;FINALIZADA;2,897296;-75,285647
Febrero;1969026;1651461;038556;na;na;PRE;CARRERA;CALLE;Se ha realizado el mantenimiento preventivo sobre la farola: 1651461;14/02/2026;16/02/2026;2;cuad57;FINALIZADA;2,897417;-75,285912
Febrero;1969030;1651462;038570;na;na;PRE;CARRERA;CALLE;Se ha realizado el mantenimiento preventivo sobre la farola: 1651462;14/02/2026;16/02/2026;2;cuad57;FINALIZADA;2,897558;-75,286155
Febrero;1969027;1651464;038592;na;na;PRE;CARRERA;CALLE;Se ha realizado el mantenimiento preventivo sobre la farola: 1651464;14/02/2026;16/02/2026;2;cuad57;FINALIZADA;2,897876;-75,286601
Febrero;1969021;1651465;038438;na;na;PRE;CARRERA;CALLE;Se ha realizado el mantenimiento preventivo sobre la farola: 1651465;14/02/2026;16/02/2026;2;cuad57;FINALIZADA;2,897727;-75,286772
Febrero;1969035;1651466;030022;na;na;PRE;CARRERA;CALLE;Se ha realizado el mantenimiento preventivo sobre la farola: 1651466;14/02/2026;16/02/2026;2;cuad57;FINALIZADA;2,897505031;-75,28653604
Febrero;1969029;1651467;038536;na;na;PRE;CARRERA;CALLE;Se ha realizado el mantenimiento preventivo sobre la farola: 1651467;14/02/2026;16/02/2026;2;cuad57;FINALIZADA;2,897346;-75,286287
Febrero;1969022;1651469;038440;na;na;PRE;CARRERA;CALLE;Se ha realizado el mantenimiento preventivo sobre la farola: 1651469;14/02/2026;16/02/2026;2;cuad57;FINALIZADA;2,897072;-75,285762
Febrero;1969024;1651470;038442;na;na;PRE;CARRERA;CALLE;Se ha realizado el mantenimiento preventivo sobre la farola: 1651470;14/02/2026;16/02/2026;2;cuad57;FINALIZADA;2,896946;-75,28548
Febrero;1969036;1651471;038531;na;na;PRE;CARRERA;CALLE;Se ha realizado el mantenimiento preventivo sobre la farola: 1651471;14/02/2026;16/02/2026;2;cuad57;FINALIZADA;2,89683;-75,285201
Febrero;1969103;1651477;027670;na;na;PRE;26;6;Se ha realizado el mantenimiento preventivo sobre la farola: 1651477;14/02/2026;16/02/2026;2;cuad63;FINALIZADA;2,903478056;-75,28246203
Febrero;1969031;1651635;068399;na;na;PRE;CARRERA;CALLE;Se ha realizado el mantenimiento preventivo sobre la farola: 1651635;14/02/2026;16/02/2026;2;cuad57;FINALIZADA;2,904495057;-75,28733701
Febrero;1969037;1651639;069393;na;na;PRE;CARRERA;CALLE;Se ha realizado el mantenimiento preventivo sobre la farola: 1651639;14/02/2026;16/02/2026;2;cuad57;FINALIZADA;2,905402029;-75,28728298
Febrero;1969034;1651728;030080;na;na;PRE;CARRERA;CALLE;Se ha realizado el mantenimiento preventivo sobre la farola: 1651728;14/02/2026;16/02/2026;2;cuad57;FINALIZADA;2,900088055;-75,28750596
Febrero;1969032;1651735;038513;na;na;PRE;CARRERA;CALLE;Se ha realizado el mantenimiento preventivo sobre la farola: 1651735;14/02/2026;16/02/2026;2;cuad57;FINALIZADA;2,90188507;-75,28744604
Febrero;1969038;1651737;029918;na;na;PRE;CARRERA;CALLE;Se ha realizado el mantenimiento preventivo sobre la farola: 1651737;14/02/2026;16/02/2026;2;cuad57;FINALIZADA;2,902188056;-75,28743397
Febrero;1969042;1654483;069619;na;na;PRE;23A;21B;Se ha realizado el mantenimiento preventivo sobre la farola: 1654483;14/02/2026;16/02/2026;2;cuad54;FINALIZADA;2,907265096;-75,27562699
Febrero;1969047;1654485;066364;na;na;PRE;25;22;Se ha realizado el mantenimiento preventivo sobre la farola: 1654485;14/02/2026;16/02/2026;2;cuad54;FINALIZADA;2,906320052;-75,275982
Febrero;1969043;1654486;069609;na;na;PRE;25;22;Se ha realizado el mantenimiento preventivo sobre la farola: 1654486;14/02/2026;16/02/2026;2;cuad54;FINALIZADA;2,906631034;-75,275831
Febrero;1974804;1654513;068791;na;na;PRE;24;30;Se ha realizado el mantenimiento preventivo sobre la farola: 1654513;23/02/2026;23/02/2026;0;cuad63;FINALIZADA;2,900161;-75,2688
Febrero;1976623;1654564;067450;na;na;PRE;3B;4;Se ha realizado el mantenimiento preventivo sobre la farola: 1654564;24/02/2026;25/02/2026;1;cuad59;FINALIZADA;2,864122;-75,234338
Febrero;1958632;1654568;068722;na;na;PRE;28;30;Se ha realizado el mantenimiento preventivo sobre la farola: 1654568;04/02/2026;04/02/2026;0;cuad54;FINALIZADA;2,898724;-75,267544
Febrero;1958630;1654571;068767;na;na;PRE;28;30;Se ha realizado el mantenimiento preventivo sobre la farola: 1654571;04/02/2026;04/02/2026;0;cuad54;FINALIZADA;2,898617;-75,267527
Febrero;1961803;1654572;068792;na;na;PRE;28;30;Se ha realizado el mantenimiento preventivo sobre la farola: 1654572;07/02/2026;07/02/2026;0;cuad63;FINALIZADA;2,898387;-75,267332
Febrero;1969087;1654602;067545;na;na;PRE;25;22;Se ha realizado el mantenimiento preventivo sobre la farola: 1654602;14/02/2026;16/02/2026;2;cuad63;FINALIZADA;2,905601118;-75,27623297
Febrero;1977552;1654641;067459;na;na;PRE;5;4;Se ha realizado el mantenimiento preventivo sobre la farola: 1654641;25/02/2026;26/02/2026;1;cuad59;FINALIZADA;2,865738;-75,234006
Febrero;1977557;1654642;067452;na;na;PRE;5;4;Se ha realizado el mantenimiento preventivo sobre la farola: 1654642;25/02/2026;26/02/2026;1;cuad59;FINALIZADA;2,865659;-75,234216
Febrero;1977549;1654643;067468;na;na;PRE;5;4;Se ha realizado el mantenimiento preventivo sobre la farola: 1654643;25/02/2026;26/02/2026;1;cuad59;FINALIZADA;2,865454;-75,234253
Febrero;1975245;1654653;066914;na;na;PRE;5;4;Se ha realizado el mantenimiento preventivo sobre la farola: 1654653;23/02/2026;23/02/2026;0;cuad55;FINALIZADA;2,86594049;-75,23303236
Febrero;1969105;1654670;027536;na;na;PRE;26;6;Se ha realizado el mantenimiento preventivo sobre la farola: 1654670;14/02/2026;16/02/2026;2;cuad63;FINALIZADA;2,904866029;-75,28070603
Febrero;1969191;1654671;027647;na;na;PRE;26;6;Se ha realizado el mantenimiento preventivo sobre la farola: 1654671;15/02/2026;17/02/2026;2;cuad63;FINALIZADA;2,904943043;-75,28061004
Febrero;1969281;1654699;066276;na;na;PRE;29;7;Se ha realizado el mantenimiento preventivo sobre la farola: 1654699;16/02/2026;17/02/2026;1;cuad63;FINALIZADA;2,90574406;-75,27989002
Febrero;1969280;1654700;066218;na;na;PRE;29;7;Se ha realizado el mantenimiento preventivo sobre la farola: 1654700;16/02/2026;17/02/2026;1;cuad63;FINALIZADA;2,905635096;-75,28004503
Febrero;1974833;1654788;061116;na;na;PRE;45;34;Se ha realizado el mantenimiento preventivo sobre la farola: 1654788;23/02/2026;23/02/2026;0;cuad54;FINALIZADA;2,890503036;-75,25722198
Febrero;1964727;1664915;036786;na;na;PRE;13;7;Se ha realizado el mantenimiento preventivo sobre la farola: 1664915;11/02/2026;13/02/2026;2;cuad57;FINALIZADA;2,901888948;-75,27033336
Febrero;1964721;1664916;028410;na;na;PRE;13;7;Se ha realizado el mantenimiento preventivo sobre la farola: 1664916;11/02/2026;12/02/2026;1;cuad57;FINALIZADA;2,900444528;-75,26911107
Febrero;1964729;1664918;037196;na;na;PRE;13;7;Se ha realizado el mantenimiento preventivo sobre la farola: 1664918;11/02/2026;13/02/2026;2;cuad57;FINALIZADA;2,902839;-75,271142
Febrero;1964726;1664931;068718;na;na;PRE;13;7;Se ha realizado el mantenimiento preventivo sobre la farola: 1664931;11/02/2026;13/02/2026;2;cuad57;FINALIZADA;2,901166784;-75,26972221
Febrero;1963121;1665665;062342;na;na;PRE;13;13;Se ha realizado el mantenimiento preventivo sobre la farola: 1665665;09/02/2026;10/02/2026;1;cuad55;FINALIZADA;2,89313872;-75,25657104
Febrero;1963122;1665666;062497;na;na;PRE;13;13;Se ha realizado el mantenimiento preventivo sobre la farola: 1665666;09/02/2026;10/02/2026;1;cuad55;FINALIZADA;2,89304532;-75,25972339
Febrero;1974816;1665667;062381;na;na;PRE;13;13;Se ha realizado el mantenimiento preventivo sobre la farola: 1665667;23/02/2026;23/02/2026;0;cuad63;FINALIZADA;2,89316414;-75,25547018
Febrero;1964641;1665668;062493;na;na;PRE;13;12;Se ha realizado el mantenimiento preventivo sobre la farola: 1665668;11/02/2026;12/02/2026;1;cuad54;FINALIZADA;2,89319109;-75,25457827
Febrero;1964639;1665669;062358;na;na;PRE;13;12;Se ha realizado el mantenimiento preventivo sobre la farola: 1665669;11/02/2026;12/02/2026;1;cuad54;FINALIZADA;2,89308527;-75,25838186
Febrero;1969049;1671069;069617;na;na;PRE;23A;21B;Se ha realizado el mantenimiento preventivo sobre la farola: 1671069;14/02/2026;16/02/2026;2;cuad54;FINALIZADA;2,907467054;-75,275507
Febrero;1969056;1671074;069612;na;na;PRE;23A;21B;Se ha realizado el mantenimiento preventivo sobre la farola: 1671074;14/02/2026;17/02/2026;3;cuad54;FINALIZADA;2,907631079;-75,27549102
Febrero;1969053;1671078;069601;na;na;PRE;24;22;Se ha realizado el mantenimiento preventivo sobre la farola: 1671078;14/02/2026;16/02/2026;2;cuad54;FINALIZADA;2,907181064;-75,27556902
Febrero;1969046;1671081;069603;na;na;PRE;24;22;Se ha realizado el mantenimiento preventivo sobre la farola: 1671081;14/02/2026;16/02/2026;2;cuad54;FINALIZADA;2,907084057;-75,27566401
Febrero;1969048;1671082;069604;na;na;PRE;24;22;Se ha realizado el mantenimiento preventivo sobre la farola: 1671082;14/02/2026;16/02/2026;2;cuad54;FINALIZADA;2,906957111;-75,27573399
Febrero;1969051;1671087;069616;na;na;PRE;24;21;Se ha realizado el mantenimiento preventivo sobre la farola: 1671087;14/02/2026;16/02/2026;2;cuad54;FINALIZADA;2,906856042;-75,275792
Febrero;1969044;1671090;069613;na;na;PRE;25;22;Se ha realizado el mantenimiento preventivo sobre la farola: 1671090;14/02/2026;16/02/2026;2;cuad54;FINALIZADA;2,906466093;-75,27589197
Febrero;1969065;1671099;067504;na;na;PRE;25A;22;Se ha realizado el mantenimiento preventivo sobre la farola: 1671099;14/02/2026;16/02/2026;2;cuad54;FINALIZADA;2,906157096;-75,27606304
Febrero;1969089;1671100;067511;na;na;PRE;25A;21B;Se ha realizado el mantenimiento preventivo sobre la farola: 1671100;14/02/2026;16/02/2026;2;cuad63;FINALIZADA;2,905983103;-75,27614596
Febrero;1974794;1671262;066691;na;na;PRE;24;30;Se ha realizado el mantenimiento preventivo sobre la farola: 1671262;23/02/2026;23/02/2026;0;cuad63;FINALIZADA;2,900366;-75,268966
Febrero;1958612;1671264;068763;na;na;PRE;27;30;Se ha realizado el mantenimiento preventivo sobre la farola: 1671264;04/02/2026;04/02/2026;0;cuad54;FINALIZADA;2,899325;-75,268066
Febrero;1961800;1671265;068738;na;na;PRE;27;30;Se ha realizado el mantenimiento preventivo sobre la farola: 1671265;07/02/2026;07/02/2026;0;cuad63;FINALIZADA;2,899497;-75,268222
Febrero;1977554;1671380;066793;na;na;PRE;3;2;Se ha realizado el mantenimiento preventivo sobre la farola: 1671380;25/02/2026;26/02/2026;1;cuad59;FINALIZADA;2,863929;-75,234347
Febrero;1977550;1671381;066800;na;na;PRE;3B;4;Se ha realizado el mantenimiento preventivo sobre la farola: 1671381;25/02/2026;26/02/2026;1;cuad59;FINALIZADA;2,864371;-75,234304
Febrero;1976622;1671382;067499;na;na;PRE;3B;4;Se ha realizado el mantenimiento preventivo sobre la farola: 1671382;24/02/2026;25/02/2026;1;cuad59;FINALIZADA;2,864739;-75,234281
Febrero;1960156;1671384;068770;na;na;PRE;28;30;Se ha realizado el mantenimiento preventivo sobre la farola: 1671384;05/02/2026;06/02/2026;1;cuad54;FINALIZADA;2,898218;-75,267139
Febrero;1969064;1671535;067516;na;na;PRE;25;22;Se ha realizado el mantenimiento preventivo sobre la farola: 1671535;14/02/2026;16/02/2026;2;cuad54;FINALIZADA;2,905786056;-75,27616004
Febrero;1969062;1671540;067502;na;na;PRE;25;22;Se ha realizado el mantenimiento preventivo sobre la farola: 1671540;14/02/2026;16/02/2026;2;cuad54;FINALIZADA;2,905496064;-75,276307
Febrero;1969066;1671541;067515;na;na;PRE;25C;22;Se ha realizado el mantenimiento preventivo sobre la farola: 1671541;14/02/2026;16/02/2026;2;cuad54;FINALIZADA;2,905411108;-75,27632803
Febrero;1969061;1671542;067538;na;na;PRE;25C;22;Se ha realizado el mantenimiento preventivo sobre la farola: 1671542;14/02/2026;16/02/2026;2;cuad54;FINALIZADA;2,905225092;-75,27637199
Febrero;1969309;1671543;028616;na;na;PRE;25C;22;Se ha realizado el mantenimiento preventivo sobre la farola: 1671543;16/02/2026;17/02/2026;1;cuad63;FINALIZADA;2,905207077;-75,27641697
Febrero;1969310;1671545;028903;na;na;PRE;25C;22;Se ha realizado el mantenimiento preventivo sobre la farola: 1671545;16/02/2026;17/02/2026;1;cuad63;FINALIZADA;2,905381032;-75,27685999
Febrero;1969289;1671546;027679;na;na;PRE;25C;22;Se ha realizado el mantenimiento preventivo sobre la farola: 1671546;16/02/2026;17/02/2026;1;cuad63;FINALIZADA;2,905430033;-75,27699597
Febrero;1969303;1671547;027606;na;na;PRE;26;22;Se ha realizado el mantenimiento preventivo sobre la farola: 1671547;16/02/2026;17/02/2026;1;cuad63;FINALIZADA;2,905102097;-75,27619298
Febrero;1969308;1671548;028630;na;na;PRE;26;22;Se ha realizado el mantenimiento preventivo sobre la farola: 1671548;16/02/2026;17/02/2026;1;cuad63;FINALIZADA;2,904990068;-75,27593696
Febrero;1969296;1671549;028650;na;na;PRE;26;22;Se ha realizado el mantenimiento preventivo sobre la farola: 1671549;16/02/2026;17/02/2026;1;cuad63;FINALIZADA;2,904929051;-75,27573098
Febrero;1969057;1671557;069610;na;na;PRE;22A;22;Se ha realizado el mantenimiento preventivo sobre la farola: 1671557;14/02/2026;17/02/2026;3;cuad54;FINALIZADA;2,908246086;-75,27514996
Febrero;1969058;1671564;069618;na;na;PRE;22;22;Se ha realizado el mantenimiento preventivo sobre la farola: 1671564;14/02/2026;17/02/2026;3;cuad54;FINALIZADA;2,908494081;-75,27507804
Febrero;1969059;1671570;069608;na;na;PRE;23;22;Se ha realizado el mantenimiento preventivo sobre la farola: 1671570;14/02/2026;17/02/2026;3;cuad54;FINALIZADA;2,907904086;-75,27525003
Febrero;1969054;1671571;069620;na;na;PRE;23;22;Se ha realizado el mantenimiento preventivo sobre la farola: 1671571;14/02/2026;17/02/2026;3;cuad54;FINALIZADA;2,908053102;-75,27519698
Febrero;1969055;1671572;069614;na;na;PRE;23;22;Se ha realizado el mantenimiento preventivo sobre la farola: 1671572;14/02/2026;17/02/2026;3;cuad54;FINALIZADA;2,907728098;-75,27534996
Febrero;1969291;1671675;028652;na;na;PRE;26;24;Se ha realizado el mantenimiento preventivo sobre la farola: 1671675;16/02/2026;17/02/2026;1;cuad63;FINALIZADA;2,904389037;-75,27424904
Febrero;1969294;1671676;028641;na;na;PRE;26;24;Se ha realizado el mantenimiento preventivo sobre la farola: 1671676;16/02/2026;17/02/2026;1;cuad63;FINALIZADA;2,904468061;-75,27444197
Febrero;1969505;1671677;037178;na;na;PRE;26;24;Se ha realizado el mantenimiento preventivo sobre la farola: 1671677;16/02/2026;17/02/2026;1;cuad54;FINALIZADA;2,904524112;-75,27460503
Febrero;1969507;1671678;028625;na;na;PRE;26;24;Se ha realizado el mantenimiento preventivo sobre la farola: 1671678;16/02/2026;17/02/2026;1;cuad54;FINALIZADA;2,904632074;-75,27484702
Febrero;1969286;1671679;028618;na;na;PRE;26;24;Se ha realizado el mantenimiento preventivo sobre la farola: 1671679;16/02/2026;17/02/2026;1;cuad63;FINALIZADA;2,904709095;-75,27508999
Febrero;1969498;1671680;028653;na;na;PRE;26;24;Se ha realizado el mantenimiento preventivo sobre la farola: 1671680;16/02/2026;17/02/2026;1;cuad54;FINALIZADA;2,904794079;-75,27532603
Febrero;1969305;1671681;028697;na;na;PRE;26;24;Se ha realizado el mantenimiento preventivo sobre la farola: 1671681;16/02/2026;17/02/2026;1;cuad63;FINALIZADA;2,904891095;-75,27556297
Febrero;1974828;1671796;064883;na;na;PRE;3A;5;Se ha realizado el mantenimiento preventivo sobre la farola: 1671796;23/02/2026;23/02/2026;0;cuad63;FINALIZADA;2,864986;-75,233527
Febrero;1976634;1671804;067467;na;na;PRE;5;4;Se ha realizado el mantenimiento preventivo sobre la farola: 1671804;24/02/2026;25/02/2026;1;cuad59;FINALIZADA;2,865348;-75,234176
Febrero;1976618;1671805;011518;na;na;PRE;5;4;Se ha realizado el mantenimiento preventivo sobre la farola: 1671805;24/02/2026;25/02/2026;1;cuad59;FINALIZADA;2,865351074;-75,23395602
Febrero;1976619;1671806;011538;na;na;PRE;5;4;Se ha realizado el mantenimiento preventivo sobre la farola: 1671806;24/02/2026;25/02/2026;1;cuad59;FINALIZADA;2,86536008;-75,23371497
Febrero;1977543;1671807;067490;na;na;PRE;5;4;Se ha realizado el mantenimiento preventivo sobre la farola: 1671807;25/02/2026;26/02/2026;1;cuad59;FINALIZADA;2,865325;-75,234249
Febrero;1977547;1671808;067438;na;na;PRE;5;4;Se ha realizado el mantenimiento preventivo sobre la farola: 1671808;25/02/2026;26/02/2026;1;cuad59;FINALIZADA;2,865367;-75,234462
Febrero;1978530;1671845;026016;na;na;PRE;5;5;Se ha realizado el mantenimiento preventivo sobre la farola: 1671845;26/02/2026;27/02/2026;1;cuad57;FINALIZADA;2,86534803;-75,23379802
Febrero;1978528;1671846;026067;na;na;PRE;5;5;Se ha realizado el mantenimiento preventivo sobre la farola: 1671846;26/02/2026;27/02/2026;1;cuad57;FINALIZADA;2,86527708;-75,23390499
Febrero;1976620;1671847;067449;na;na;PRE;5;5;Se ha realizado el mantenimiento preventivo sobre la farola: 1671847;24/02/2026;25/02/2026;1;cuad59;FINALIZADA;2,865084;-75,233526
Febrero;1978577;1671848;067477;na;na;PRE;5;5;Se ha realizado el mantenimiento preventivo sobre la farola: 1671848;26/02/2026;27/02/2026;1;cuad57;FINALIZADA;2,865338;-75,233523
Febrero;1975252;1671849;066902;na;na;PRE;5;4;Se ha realizado el mantenimiento preventivo sobre la farola: 1671849;23/02/2026;23/02/2026;0;cuad55;FINALIZADA;2,865413;-75,233244
Febrero;1978574;1671850;067455;na;na;PRE;5;4;Se ha realizado el mantenimiento preventivo sobre la farola: 1671850;26/02/2026;27/02/2026;1;cuad57;FINALIZADA;2,865534;-75,233524
Febrero;1976621;1671851;067469;na;na;PRE;5;4;Se ha realizado el mantenimiento preventivo sobre la farola: 1671851;24/02/2026;25/02/2026;1;cuad59;FINALIZADA;2,865735;-75,233522
Febrero;1975272;1671852;066910;na;na;PRE;5;4;Se ha realizado el mantenimiento preventivo sobre la farola: 1671852;23/02/2026;23/02/2026;0;cuad55;FINALIZADA;2,86587297;-75,23329166
Febrero;1975274;1671853;066932;na;na;PRE;5;4;Se ha realizado el mantenimiento preventivo sobre la farola: 1671853;23/02/2026;23/02/2026;0;cuad55;FINALIZADA;2,86596197;-75,23281444
Febrero;1975269;1671854;066934;na;na;PRE;5;4;Se ha realizado el mantenimiento preventivo sobre la farola: 1671854;23/02/2026;23/02/2026;0;cuad55;FINALIZADA;2,8658482;-75,23251706
Febrero;1975268;1671855;066905;na;na;PRE;5;4;Se ha realizado el mantenimiento preventivo sobre la farola: 1671855;23/02/2026;23/02/2026;0;cuad55;FINALIZADA;2,86567457;-75,23233023
Febrero;1976894;1671856;066915;na;na;PRE;5;4;Se ha realizado el mantenimiento preventivo sobre la farola: 1671856;25/02/2026;25/02/2026;0;cuad59;FINALIZADA;2,865517;-75,232149
Febrero;1975288;1671857;066913;na;na;PRE;5;4;Se ha realizado el mantenimiento preventivo sobre la farola: 1671857;23/02/2026;23/02/2026;0;cuad55;FINALIZADA;2,865406;-75,231981
Febrero;1976887;1671859;066911;na;na;PRE;3A;CALLE;Se ha realizado el mantenimiento preventivo sobre la farola: 1671859;25/02/2026;25/02/2026;0;cuad59;FINALIZADA;2,86442;-75,231871
Febrero;1976616;1671860;066844;na;na;PRE;3A;8;Se ha realizado el mantenimiento preventivo sobre la farola: 1671860;24/02/2026;25/02/2026;1;cuad59;FINALIZADA;2,864688;-75,230794
Febrero;1975265;1671861;066855;na;na;PRE;3A;8;Se ha realizado el mantenimiento preventivo sobre la farola: 1671861;23/02/2026;23/02/2026;0;cuad55;FINALIZADA;2,864407;-75,230852
Febrero;1974830;1671879;066858;na;na;PRE;3;7A;Se ha realizado el mantenimiento preventivo sobre la farola: 1671879;23/02/2026;23/02/2026;0;cuad63;FINALIZADA;2,864538;-75,229756
Febrero;1976884;1671882;066859;na;na;PRE;3;7A;Se ha realizado el mantenimiento preventivo sobre la farola: 1671882;25/02/2026;25/02/2026;0;cuad59;FINALIZADA;2,864844;-75,230897
Febrero;1976885;1671883;066862;na;na;PRE;3;7A;Se ha realizado el mantenimiento preventivo sobre la farola: 1671883;25/02/2026;25/02/2026;0;cuad59;FINALIZADA;2,864939;-75,230898
Febrero;1976883;1671884;066848;na;na;PRE;4;7B;Se ha realizado el mantenimiento preventivo sobre la farola: 1671884;25/02/2026;25/02/2026;0;cuad59;FINALIZADA;2,865143;-75,230952
Febrero;1978556;1671885;065138;na;na;PRE;4;7B;Se ha realizado el mantenimiento preventivo sobre la farola: 1671885;26/02/2026;27/02/2026;1;cuad57;FINALIZADA;2,864805;-75,231174
Febrero;1975280;1671886;066846;na;na;PRE;4;7B;Se ha realizado el mantenimiento preventivo sobre la farola: 1671886;23/02/2026;23/02/2026;0;cuad55;FINALIZADA;2,865016;-75,231159
Febrero;1974827;1671888;064690;na;na;PRE;4;7B;Se ha realizado el mantenimiento preventivo sobre la farola: 1671888;23/02/2026;23/02/2026;0;cuad63;FINALIZADA;2,864810105;-75,23153298
Febrero;1975276;1671889;066852;na;na;PRE;4;7;Se ha realizado el mantenimiento preventivo sobre la farola: 1671889;23/02/2026;23/02/2026;0;cuad55;FINALIZADA;2,865121;-75,231518
Febrero;1975250;1671891;066906;na;na;PRE;4;7;Se ha realizado el mantenimiento preventivo sobre la farola: 1671891;23/02/2026;23/02/2026;0;cuad55;FINALIZADA;2,865007;-75,231881
Febrero;1975271;1671892;066907;na;na;PRE;4;7;Se ha realizado el mantenimiento preventivo sobre la farola: 1671892;23/02/2026;23/02/2026;0;cuad55;FINALIZADA;2,865165;-75,23187
Febrero;1975284;1671894;066922;na;na;PRE;6;4;Se ha realizado el mantenimiento preventivo sobre la farola: 1671894;23/02/2026;23/02/2026;0;cuad55;FINALIZADA;2,865151;-75,23242
Febrero;1976899;1671895;066941;na;na;PRE;6;4;Se ha realizado el mantenimiento preventivo sobre la farola: 1671895;25/02/2026;25/02/2026;0;cuad59;FINALIZADA;2,865297;-75,232407
Febrero;1976900;1671896;066942;na;na;PRE;4;6;Se ha realizado el mantenimiento preventivo sobre la farola: 1671896;25/02/2026;25/02/2026;0;cuad59;FINALIZADA;2,865593;-75,232323
Febrero;1974826;1671897;018456;na;na;PRE;4;6;Se ha realizado el mantenimiento preventivo sobre la farola: 1671897;23/02/2026;23/02/2026;0;cuad63;FINALIZADA;2,864609094;-75,23191003
Febrero;1969095;1672026;027556;na;na;PRE;26;6;Se ha realizado el mantenimiento preventivo sobre la farola: 1672026;14/02/2026;16/02/2026;2;cuad63;FINALIZADA;2,903203032;-75,28280398
Febrero;1969189;1672027;027665;na;na;PRE;26;6;Se ha realizado el mantenimiento preventivo sobre la farola: 1672027;15/02/2026;17/02/2026;2;cuad63;FINALIZADA;2,903387108;-75,28256503
Febrero;1969099;1672028;027507;na;na;PRE;26;6;Se ha realizado el mantenimiento preventivo sobre la farola: 1672028;14/02/2026;16/02/2026;2;cuad63;FINALIZADA;2,903556075;-75,28232302
Febrero;1969098;1672029;027473;na;na;PRE;26;6;Se ha realizado el mantenimiento preventivo sobre la farola: 1672029;14/02/2026;16/02/2026;2;cuad63;FINALIZADA;2,903746106;-75,28214797
Febrero;1969102;1672030;027671;na;na;PRE;26;6;Se ha realizado el mantenimiento preventivo sobre la farola: 1672030;14/02/2026;16/02/2026;2;cuad63;FINALIZADA;2,904223042;-75,281504
Febrero;1969107;1672031;027669;na;na;PRE;26;6;Se ha realizado el mantenimiento preventivo sobre la farola: 1672031;14/02/2026;16/02/2026;2;cuad63;FINALIZADA;2,904370103;-75,28131301
Febrero;1969097;1672033;027653;na;na;PRE;26;6;Se ha realizado el mantenimiento preventivo sobre la farola: 1672033;14/02/2026;16/02/2026;2;cuad63;FINALIZADA;2,904659067;-75,28093804
Febrero;1969190;1672034;027517;na;na;PRE;26;6;Se ha realizado el mantenimiento preventivo sobre la farola: 1672034;15/02/2026;17/02/2026;2;cuad63;FINALIZADA;2,904746042;-75,280803
Febrero;1969093;1672035;027470;na;na;PRE;26;6;Se ha realizado el mantenimiento preventivo sobre la farola: 1672035;14/02/2026;16/02/2026;2;cuad63;FINALIZADA;2,905091096;-75,28042903
Febrero;1969188;1672036;027693;na;na;PRE;26;6;Se ha realizado el mantenimiento preventivo sobre la farola: 1672036;15/02/2026;17/02/2026;2;cuad63;FINALIZADA;2,905797098;-75,27943599
Febrero;1969193;1672037;027526;na;na;PRE;26;6;Se ha realizado el mantenimiento preventivo sobre la farola: 1672037;15/02/2026;17/02/2026;2;cuad63;FINALIZADA;2,905761064;-75,27918097
Febrero;1969276;1672038;027475;na;na;PRE;26;6;Se ha realizado el mantenimiento preventivo sobre la farola: 1672038;16/02/2026;17/02/2026;1;cuad63;FINALIZADA;2,905773081;-75,27887801
Febrero;1969495;1672059;028609;na;na;PRE;26;23;Se ha realizado el mantenimiento preventivo sobre la farola: 1672059;16/02/2026;17/02/2026;1;cuad54;FINALIZADA;2,904439103;-75,27484499
Febrero;1969299;1672060;028525;na;na;PRE;26;23;Se ha realizado el mantenimiento preventivo sobre la farola: 1672060;16/02/2026;17/02/2026;1;cuad63;FINALIZADA;2,904481033;-75,27504098
Febrero;1975246;1672221;066930;na;na;PRE;4;5;Se ha realizado el mantenimiento preventivo sobre la farola: 1672221;23/02/2026;23/02/2026;0;cuad55;FINALIZADA;2,864958;-75,232442
Febrero;1975255;1672223;066861;na;na;PRE;3;6;Se ha realizado el mantenimiento preventivo sobre la farola: 1672223;23/02/2026;23/02/2026;0;cuad55;FINALIZADA;2,864266;-75,232528
Febrero;1975282;1672225;066860;na;na;PRE;3;6;Se ha realizado el mantenimiento preventivo sobre la farola: 1672225;23/02/2026;23/02/2026;0;cuad55;FINALIZADA;2,863653;-75,232565
Febrero;1976898;1672227;066925;na;na;PRE;3;5;Se ha realizado el mantenimiento preventivo sobre la farola: 1672227;25/02/2026;25/02/2026;0;cuad59;FINALIZADA;2,863412;-75,232513
Febrero;1975283;1672230;066918;na;na;PRE;3A;7;Se ha realizado el mantenimiento preventivo sobre la farola: 1672230;23/02/2026;23/02/2026;0;cuad55;FINALIZADA;2,863519;-75,231865
Febrero;1975285;1672231;065916;na;na;PRE;3A;7;Se ha realizado el mantenimiento preventivo sobre la farola: 1672231;23/02/2026;23/02/2026;0;cuad55;FINALIZADA;2,863799;-75,231899
Febrero;1967281;1672256;035292;na;na;PRE;26;6;Se ha realizado el mantenimiento preventivo sobre la farola: 1672256;12/02/2026;13/02/2026;1;cuad55;FINALIZADA;2,901201065;-75,27975996
Febrero;1969277;1672274;066212;na;na;PRE;29;7;Se ha realizado el mantenimiento preventivo sobre la farola: 1672274;16/02/2026;17/02/2026;1;cuad63;FINALIZADA;2,905619051;-75,28017199
Febrero;1969285;1672275;066278;na;na;PRE;29;7;Se ha realizado el mantenimiento preventivo sobre la farola: 1672275;16/02/2026;17/02/2026;1;cuad63;FINALIZADA;2,905721091;-75,28021296
Febrero;1969282;1672302;066216;na;na;PRE;23;7;Se ha realizado el mantenimiento preventivo sobre la farola: 1672302;16/02/2026;17/02/2026;1;cuad63;FINALIZADA;2,905978114;-75,27949398
Febrero;1969279;1672303;066282;na;na;PRE;23;7;Se ha realizado el mantenimiento preventivo sobre la farola: 1672303;16/02/2026;17/02/2026;1;cuad63;FINALIZADA;2,905928046;-75,27964496
Febrero;1978578;1720423;067486;na;na;PRE;CORREGIMIENTOCAGUAN;CORREGIMIENTOCAGUAN;Se ha realizado el mantenimiento preventivo sobre la farola: 1720423;26/02/2026;27/02/2026;1;cuad57;FINALIZADA;2,864782027;-75,23390696
Febrero;1961805;1720450;068754;na;na;PRE;30;30S;Se ha realizado el mantenimiento preventivo sobre la farola: 1720450;07/02/2026;07/02/2026;0;cuad63;FINALIZADA;2,896137057;-75,26538701
Febrero;1974799;1720454;068737;na;na;PRE;30;26S;Se ha realizado el mantenimiento preventivo sobre la farola: 1720454;23/02/2026;23/02/2026;0;cuad63;FINALIZADA;2,89950611;-75,26824802
Febrero;1974803;1720455;068766;na;na;PRE;30;26S;Se ha realizado el mantenimiento preventivo sobre la farola: 1720455;23/02/2026;23/02/2026;0;cuad63;FINALIZADA;2,899661054;-75,26837898
Febrero;1974797;1720456;068714;na;na;PRE;30;26S;Se ha realizado el mantenimiento preventivo sobre la farola: 1720456;23/02/2026;23/02/2026;0;cuad63;FINALIZADA;2,899875061;-75,26856403
Febrero;1958590;1722528;016322;na;na;PRE;CUARTOCENTENARIO;CUARTOCENTENARIO;Se ha realizado el mantenimiento preventivo sobre la farola: 1722528;04/02/2026;04/02/2026;0;cuad54;FINALIZADA;2,90220503;-75,26121996
Febrero;1958594;1722531;016318;na;na;PRE;CUARTOCENTENARIO;CUARTOCENTENARIO;Se ha realizado el mantenimiento preventivo sobre la farola: 1722531;04/02/2026;04/02/2026;0;cuad54;FINALIZADA;2,903415069;-75,26042103
Febrero;1963120;1737500;062371;na;na;PRE;AVLATOMA;AVLATOMA;Se ha realizado el mantenimiento preventivo sobre la farola: 1737500;09/02/2026;10/02/2026;1;cuad55;FINALIZADA;2,89311332;-75,25746322
Febrero;1964710;1747657;028424;na;na;PRE;CARRERA28SUR;CL26SUR;Se ha realizado el mantenimiento preventivo sobre la farola: 1747657;11/02/2026;13/02/2026;2;cuad57;FINALIZADA;2,902111186;-75,27052777
Febrero;1964711;1747658;028402;na;na;PRE;CARRERA28SUR;CL26SUR;Se ha realizado el mantenimiento preventivo sobre la farola: 1747658;11/02/2026;13/02/2026;2;cuad57;FINALIZADA;2,902111186;-75,27052777
Febrero;1964694;1747659;028404;na;na;PRE;CARRERA28SUR;CL26SUR;Se ha realizado el mantenimiento preventivo sobre la farola: 1747659;11/02/2026;13/02/2026;2;cuad57;FINALIZADA;2,901888948;-75,27033336
Febrero;1964713;1747660;028405;na;na;PRE;CARRERA28SUR;CL26SUR;Se ha realizado el mantenimiento preventivo sobre la farola: 1747660;11/02/2026;13/02/2026;2;cuad57;FINALIZADA;2,901166784;-75,26972221
Febrero;1964716;1747661;067767;na;na;PRE;CARRERA28SUR;CL26SUR;Se ha realizado el mantenimiento preventivo sobre la farola: 1747661;11/02/2026;12/02/2026;1;cuad57;FINALIZADA;2,900923;-75,269512
Febrero;1964697;1747662;028423;na;na;PRE;CARRERA28SUR;CL26SUR;Se ha realizado el mantenimiento preventivo sobre la farola: 1747662;11/02/2026;12/02/2026;1;cuad57;FINALIZADA;2,900923;-75,269512
Febrero;1964700;1747663;037341;na;na;PRE;CARRERA28SUR;CL26SUR;Se ha realizado el mantenimiento preventivo sobre la farola: 1747663;11/02/2026;12/02/2026;1;cuad57;FINALIZADA;2,900611141;-75,26925004
Febrero;1964684;1747666;030145;na;na;PRE;CARRERA28SUR;CL26SUR;Se ha realizado el mantenimiento preventivo sobre la farola: 1747666;11/02/2026;13/02/2026;2;cuad57;FINALIZADA;2,900055588;-75,26877778
Febrero;1964686;1747669;070378;na;na;PRE;CARRERA28SUR;CL26SUR;Se ha realizado el mantenimiento preventivo sobre la farola: 1747669;11/02/2026;13/02/2026;2;cuad57;FINALIZADA;2,902755;-75,271076
Febrero;1964699;1747670;070413;na;na;PRE;CARRERA28SUR;CL26SUR;Se ha realizado el mantenimiento preventivo sobre la farola: 1747670;11/02/2026;13/02/2026;2;cuad57;FINALIZADA;2,902755;-75,271076
Febrero;1964702;1747671;028403;na;na;PRE;CARRERA28SUR;CL26SUR;Se ha realizado el mantenimiento preventivo sobre la farola: 1747671;11/02/2026;13/02/2026;2;cuad57;FINALIZADA;2,902583435;-75,27091669
Febrero;1964707;1747672;070380;na;na;PRE;CARRERA28SUR;CL26SUR;Se ha realizado el mantenimiento preventivo sobre la farola: 1747672;11/02/2026;13/02/2026;2;cuad57;FINALIZADA;2,902583435;-75,27091669
Febrero;1964708;1747673;028416;na;na;PRE;CARRERA28SUR;CL26SUR;Se ha realizado el mantenimiento preventivo sobre la farola: 1747673;11/02/2026;13/02/2026;2;cuad57;FINALIZADA;2,902348;-75,27073
Febrero;1962476;1749043;000047;na;na;PRE;CARRERA36;CALLE15A;Se ha realizado el mantenimiento preventivo sobre la farola: 1749043;09/02/2026;10/02/2026;1;cuad55;FINALIZADA;2,895643971;-75,26549587
Febrero;1962479;1749125;000045;na;na;PRE;CARRERA 8 BIS;CALLE 38;Se ha realizado el mantenimiento preventivo sobre la farola: 1749125;09/02/2026;10/02/2026;1;cuad55;FINALIZADA;2,894914901;-75,26653416
Febrero;1962480;1749133;000050;na;na;PRE;Carrera 1D BIS;Calle 17;Se ha realizado el mantenimiento preventivo sobre la farola: 1749133;09/02/2026;10/02/2026;1;cuad55;FINALIZADA;2,894954033;-75,26632848
Febrero;1962518;1749134;000059;na;na;PRE;Carrera 1D BIS;Calle 17;Se ha realizado el mantenimiento preventivo sobre la farola: 1749134;09/02/2026;11/02/2026;2;cuad54;FINALIZADA;2,895120366;-75,26611634
Febrero;1962516;1749135;000060;na;na;PRE;Carrera 1D BIS;Calle 17;Se ha realizado el mantenimiento preventivo sobre la farola: 1749135;09/02/2026;11/02/2026;2;cuad54;FINALIZADA;2,895291133;-75,26590592
Febrero;1962515;1749136;000076;na;na;PRE;Carrera 1D BIS;Calle 17;Se ha realizado el mantenimiento preventivo sobre la farola: 1749136;09/02/2026;11/02/2026;2;cuad54;FINALIZADA;2,895467145;-75,26570044
Febrero;1962005;1751229;061778;na;na;PRE;CARRERA58A;CALLE20;Se ha realizado el mantenimiento preventivo sobre la farola: 1751229;07/02/2026;07/02/2026;0;cuad59;FINALIZADA;2,895825863;-75,26529579
Febrero;1962466;1751232;061786;na;na;PRE;CARRERA8D;CALLE24;Se ha realizado el mantenimiento preventivo sobre la farola: 1751232;09/02/2026;10/02/2026;1;cuad55;FINALIZADA;2,894986582;-75,26679431
Febrero;1962010;1751272;048386;na;na;PRE;CALLE19;CARRERA53;Se ha realizado el mantenimiento preventivo sobre la farola: 1751272;07/02/2026;07/02/2026;0;cuad59;FINALIZADA;2,896000137;-75,27831324
Febrero;1962332;1751273;000042;na;na;PRE;CALLE19;CARRERA53;Se ha realizado el mantenimiento preventivo sobre la farola: 1751273;09/02/2026;10/02/2026;1;cuad55;FINALIZADA;2,896014184;-75,27858255
Febrero;1962293;1751274;048383;na;na;PRE;CALLE19;CARRERA53;Se ha realizado el mantenimiento preventivo sobre la farola: 1751274;09/02/2026;10/02/2026;1;cuad55;FINALIZADA;2,895697618;-75,27158271
Febrero;1962316;1751275;061774;na;na;PRE;CALLE19;CARRERA53;Se ha realizado el mantenimiento preventivo sobre la farola: 1751275;09/02/2026;10/02/2026;1;cuad55;FINALIZADA;2,895679137;-75,27131357
Febrero;1962349;1751276;000051;na;na;PRE;CALLE19;CARRERA53;Se ha realizado el mantenimiento preventivo sobre la farola: 1751276;09/02/2026;10/02/2026;1;cuad55;FINALIZADA;2,895657308;-75,2710447
Febrero;1962424;1751277;000043;na;na;PRE;CALLE19;CARRERA53;Se ha realizado el mantenimiento preventivo sobre la farola: 1751277;09/02/2026;10/02/2026;1;cuad55;FINALIZADA;2,895635569;-75,27077593
Febrero;1962014;1751278;061771;na;na;PRE;CALLE19;CARRERA53;Se ha realizado el mantenimiento preventivo sobre la farola: 1751278;07/02/2026;07/02/2026;0;cuad59;FINALIZADA;2,895613649;-75,27050697
Febrero;1962362;1751279;000044;na;na;PRE;CALLE19;CARRERA53;Se ha realizado el mantenimiento preventivo sobre la farola: 1751279;09/02/2026;10/02/2026;1;cuad55;FINALIZADA;2,895592634;-75,27023783
Febrero;1962368;1751280;000081;na;na;PRE;CALLE19;CARRERA53;Se ha realizado el mantenimiento preventivo sobre la farola: 1751280;09/02/2026;10/02/2026;1;cuad55;FINALIZADA;2,895571891;-75,26996906
Febrero;1962011;1751281;000067;na;na;PRE;CALLE19;CARRERA53;Se ha realizado el mantenimiento preventivo sobre la farola: 1751281;07/02/2026;07/02/2026;0;cuad59;FINALIZADA;2,895503105;-75,26970855
Febrero;1962006;1751282;000046;na;na;PRE;CALLE19;CARRERA53;Se ha realizado el mantenimiento preventivo sobre la farola: 1751282;07/02/2026;07/02/2026;0;cuad59;FINALIZADA;2,89543233;-75,26944786
Febrero;1962290;1751283;061770;na;na;PRE;CALLE19;CARRERA53;Se ha realizado el mantenimiento preventivo sobre la farola: 1751283;09/02/2026;10/02/2026;1;cuad55;FINALIZADA;2,89537594;-75,2691842
Febrero;1962007;1751284;061779;na;na;PRE;CALLE19;CARRERA53;Se ha realizado el mantenimiento preventivo sobre la farola: 1751284;07/02/2026;07/02/2026;0;cuad59;FINALIZADA;2,895325702;-75,26891883
Febrero;1962311;1751285;063039;na;na;PRE;CALLE19;CARRERA53;Se ha realizado el mantenimiento preventivo sobre la farola: 1751285;09/02/2026;10/02/2026;1;cuad55;FINALIZADA;2,895269673;-75,268655
Febrero;1962428;1751286;000052;na;na;PRE;CALLE19;CARRERA53;Se ha realizado el mantenimiento preventivo sobre la farola: 1751286;09/02/2026;10/02/2026;1;cuad55;FINALIZADA;2,895208578;-75,26839224
Febrero;1962012;1751287;000055;na;na;PRE;CALLE19;CARRERA53;Se ha realizado el mantenimiento preventivo sobre la farola: 1751287;07/02/2026;07/02/2026;0;cuad59;FINALIZADA;2,895152821;-75,26812813
Febrero;1962013;1751290;000048;na;na;PRE;CALLE19;CARRERA53;Se ha realizado el mantenimiento preventivo sobre la farola: 1751290;07/02/2026;07/02/2026;0;cuad59;FINALIZADA;2,895112173;-75,26786088
Febrero;1962008;1751291;063036;na;na;PRE;CALLE19;CARRERA53;Se ha realizado el mantenimiento preventivo sobre la farola: 1751291;07/02/2026;07/02/2026;0;cuad59;FINALIZADA;2,895081839;-75,26759228
Febrero;1962009;1751292;000080;na;na;PRE;CALLE19;CARRERA53;Se ha realizado el mantenimiento preventivo sobre la farola: 1751292;07/02/2026;07/02/2026;0;cuad59;FINALIZADA;2,89506987;-75,26732324
Febrero;1962328;1751295;000053;na;na;PRE;CALLE19;CARRERA53;Se ha realizado el mantenimiento preventivo sobre la farola: 1751295;09/02/2026;10/02/2026;1;cuad55;FINALIZADA;2,895057087;-75,26705374
Febrero;1974884;1751374;062055;na;na;PRE;CARRERA 37;CALLE 29;Se ha realizado el mantenimiento preventivo sobre la farola: 1751374;23/02/2026;23/02/2026;0;cuad54;FINALIZADA;2,90300645;-75,26115451
Febrero;1974876;1751375;062054;na;na;PRE;CARRERA 37;CALLE 29;Se ha realizado el mantenimiento preventivo sobre la farola: 1751375;23/02/2026;23/02/2026;0;cuad54;FINALIZADA;2,90281291;-75,26103716
Febrero;1974878;1751376;062056;na;na;PRE;CARRERA 37;CALLE 29;Se ha realizado el mantenimiento preventivo sobre la farola: 1751376;23/02/2026;23/02/2026;0;cuad54;FINALIZADA;2,90288054;-75,26135936
Febrero;1962557;1758300;048391;na;na;PRE;CARRERA 5;CALLE 10 SUR;Se ha realizado el mantenimiento preventivo sobre la farola: 1758300;09/02/2026;11/02/2026;2;cuad54;FINALIZADA;2,895828073;-75,2734663
Febrero;1962542;1758301;048398;na;na;PRE;CARRERA 5;CALLE 10 SUR;Se ha realizado el mantenimiento preventivo sobre la farola: 1758301;09/02/2026;11/02/2026;2;cuad54;FINALIZADA;2,895847187;-75,27373571
Febrero;1962546;1758302;048382;na;na;PRE;CARRERA 5;CALLE 10 SUR;Se ha realizado el mantenimiento preventivo sobre la farola: 1758302;09/02/2026;11/02/2026;2;cuad54;FINALIZADA;2,895866301;-75,27400476
Febrero;1962548;1758303;048396;na;na;PRE;CARRERA 5;CALLE 10 SUR;Se ha realizado el mantenimiento preventivo sobre la farola: 1758303;09/02/2026;11/02/2026;2;cuad54;FINALIZADA;2,895883425;-75,27427398
Febrero;1963114;1758304;048395;na;na;PRE;CARRERA 5;CALLE 10 SUR;Se ha realizado el mantenimiento preventivo sobre la farola: 1758304;09/02/2026;10/02/2026;1;cuad55;FINALIZADA;2,895901092;-75,2745433
Febrero;1962524;1758305;048393;na;na;PRE;CARRERA 5;CALLE 10 SUR;Se ha realizado el mantenimiento preventivo sobre la farola: 1758305;09/02/2026;11/02/2026;2;cuad54;FINALIZADA;2,895921653;-75,27481216
Febrero;1962520;1758306;048392;na;na;PRE;CARRERA 5;CALLE 10 SUR;Se ha realizado el mantenimiento preventivo sobre la farola: 1758306;09/02/2026;11/02/2026;2;cuad54;FINALIZADA;2,895941582;-75,27508121
Febrero;1962527;1758307;048390;na;na;PRE;CARRERA 5;CALLE 10 SUR;Se ha realizado el mantenimiento preventivo sobre la farola: 1758307;09/02/2026;11/02/2026;2;cuad54;FINALIZADA;2,895951287;-75,27535071
Febrero;1962526;1758308;048381;na;na;PRE;CARRERA 5;CALLE 10 SUR;Se ha realizado el mantenimiento preventivo sobre la farola: 1758308;09/02/2026;11/02/2026;2;cuad54;FINALIZADA;2,895961444;-75,27562038
Febrero;1962522;1758310;048380;na;na;PRE;CARRERA 5;CALLE 10 SUR;Se ha realizado el mantenimiento preventivo sobre la farola: 1758310;09/02/2026;11/02/2026;2;cuad54;FINALIZADA;2,895965654;-75,27616008
Febrero;1962523;1758311;061787;na;na;PRE;CARRERA 5;CALLE 10 SUR;Se ha realizado el mantenimiento preventivo sobre la farola: 1758311;09/02/2026;11/02/2026;2;cuad54;FINALIZADA;2,895981783;-75,27642904
Febrero;1962538;1758312;048358;na;na;PRE;CARRERA 5;CALLE 10 SUR;Se ha realizado el mantenimiento preventivo sobre la farola: 1758312;09/02/2026;11/02/2026;2;cuad54;FINALIZADA;2,895997911;-75,27669854
Febrero;1962540;1758313;048389;na;na;PRE;CARRERA 5;CALLE 10 SUR;Se ha realizado el mantenimiento preventivo sobre la farola: 1758313;09/02/2026;11/02/2026;2;cuad54;FINALIZADA;2,896013948;-75,27696794
Febrero;1962525;1758314;048397;na;na;PRE;CARRERA 5;CALLE 10 SUR;Se ha realizado el mantenimiento preventivo sobre la farola: 1758314;09/02/2026;11/02/2026;2;cuad54;FINALIZADA;2,895945849;-75,27723544
Febrero;1962528;1758315;000041;na;na;PRE;CARRERA 5;CALLE 10 SUR;Se ha realizado el mantenimiento preventivo sobre la farola: 1758315;09/02/2026;11/02/2026;2;cuad54;FINALIZADA;2,895959082;-75,27750484
Febrero;1962529;1758316;048388;na;na;PRE;CARRERA 5;CALLE 10 SUR;Se ha realizado el mantenimiento preventivo sobre la farola: 1758316;09/02/2026;11/02/2026;2;cuad54;FINALIZADA;2,895973129;-75,27777434
Febrero;1962543;1758317;048394;na;na;PRE;CARRERA 5;CALLE 10 SUR;Se ha realizado el mantenimiento preventivo sobre la farola: 1758317;09/02/2026;11/02/2026;2;cuad54;FINALIZADA;2,895986542;-75,27804374
Febrero;1962449;1758325;061789;na;na;PRE;CARRERA 7;TRANSVERSAL 5;Se ha realizado el mantenimiento preventivo sobre la farola: 1758325;09/02/2026;10/02/2026;1;cuad55;FINALIZADA;2,89576322;-75,27265979
Febrero;1962451;1758326;048375;na;na;PRE;CARRERA 7;TRANSVERSAL 5;Se ha realizado el mantenimiento preventivo sobre la farola: 1758326;09/02/2026;10/02/2026;1;cuad55;FINALIZADA;2,895783963;-75,27292884
Febrero;1962438;1758327;048399;na;na;PRE;CARRERA 7;TRANSVERSAL 5;Se ha realizado el mantenimiento preventivo sobre la farola: 1758327;09/02/2026;10/02/2026;1;cuad55;FINALIZADA;2,895806516;-75,27319771
Febrero;1962453;1758349;048384;na;na;PRE;CARRERA 7;TRANSVERSAL 5;Se ha realizado el mantenimiento preventivo sobre la farola: 1758349;09/02/2026;10/02/2026;1;cuad55;FINALIZADA;2,895717004;-75,27185184
Febrero;1962464;1758350;048387;na;na;PRE;CARRERA 7;TRANSVERSAL 5;Se ha realizado el mantenimiento preventivo sobre la farola: 1758350;09/02/2026;10/02/2026;1;cuad55;FINALIZADA;2,895732229;-75,27212107
Febrero;1962454;1758351;048385;na;na;PRE;CARRERA 7;TRANSVERSAL 5;Se ha realizado el mantenimiento preventivo sobre la farola: 1758351;09/02/2026;10/02/2026;1;cuad55;FINALIZADA;2,895747906;-75,27239048
Febrero;1964620;1758354;062379;na;na;PRE;CARRERA 33;CALLE 45 SUR;Se ha realizado el mantenimiento preventivo sobre la farola: 1758354;11/02/2026;12/02/2026;1;cuad54;FINALIZADA;2,89303348;-75,25994752
Febrero;1963119;1758355;062498;na;na;PRE;CARRERA 33;CALLE 45 SUR;Se ha realizado el mantenimiento preventivo sobre la farola: 1758355;09/02/2026;10/02/2026;1;cuad55;FINALIZADA;2,89304532;-75,25972339
Febrero;1964147;1758356;062362;na;na;PRE;CARRERA 33;CALLE 45 SUR;Se ha realizado el mantenimiento preventivo sobre la farola: 1758356;10/02/2026;12/02/2026;2;cuad54;FINALIZADA;2,89305515;-75,25949869
Febrero;1964621;1758357;062359;na;na;PRE;CARRERA 33;CALLE 45 SUR;Se ha realizado el mantenimiento preventivo sobre la farola: 1758357;11/02/2026;12/02/2026;1;cuad54;FINALIZADA;2,89305515;-75,25949869
Febrero;1964134;1758358;062353;na;na;PRE;CARRERA 33;CALLE 45 SUR;Se ha realizado el mantenimiento preventivo sobre la farola: 1758358;10/02/2026;11/02/2026;1;cuad54;FINALIZADA;2,89306584;-75,25905457
Febrero;1963125;1758359;062352;na;na;PRE;CARRERA 33;CALLE 45 SUR;Se ha realizado el mantenimiento preventivo sobre la farola: 1758359;09/02/2026;10/02/2026;1;cuad55;FINALIZADA;2,89306584;-75,25905457
Febrero;1964156;1758360;062357;na;na;PRE;CARRERA 33;CALLE 45 SUR;Se ha realizado el mantenimiento preventivo sobre la farola: 1758360;10/02/2026;11/02/2026;1;cuad54;FINALIZADA;2,89307471;-75,25882893
Febrero;1964149;1758361;062301;na;na;PRE;CARRERA 33;CALLE 45 SUR;Se ha realizado el mantenimiento preventivo sobre la farola: 1758361;10/02/2026;11/02/2026;1;cuad54;FINALIZADA;2,89307471;-75,25882893
Febrero;1964207;1758362;062347;na;na;PRE;CARRERA 33;CALLE 45 SUR;Se ha realizado el mantenimiento preventivo sobre la farola: 1758362;10/02/2026;11/02/2026;1;cuad54;FINALIZADA;2,89307919;-75,25860148
Febrero;1964612;1758363;062356;na;na;PRE;CARRERA 33;CALLE 45 SUR;Se ha realizado el mantenimiento preventivo sobre la farola: 1758363;11/02/2026;12/02/2026;1;cuad54;FINALIZADA;2,89307919;-75,25860148
Febrero;1963127;1758364;062355;na;na;PRE;CARRERA 33;CALLE 45 SUR;Se ha realizado el mantenimiento preventivo sobre la farola: 1758364;09/02/2026;10/02/2026;1;cuad55;FINALIZADA;2,89308527;-75,25838186
Febrero;1964617;1758365;062363;na;na;PRE;CARRERA 33;CALLE 45 SUR;Se ha realizado el mantenimiento preventivo sobre la farola: 1758365;11/02/2026;12/02/2026;1;cuad54;FINALIZADA;2,89309091;-75,25815983
Febrero;1964624;1758366;026817;na;na;PRE;CARRERA 33;CALLE 45 SUR;Se ha realizado el mantenimiento preventivo sobre la farola: 1758366;11/02/2026;12/02/2026;1;cuad54;FINALIZADA;2,893096647;-75,25792675
Febrero;1964135;1758367;062349;na;na;PRE;CARRERA 33;CALLE 45 SUR;Se ha realizado el mantenimiento preventivo sobre la farola: 1758367;10/02/2026;11/02/2026;1;cuad54;FINALIZADA;2,89309656;-75,25792673
Febrero;1964165;1758368;062373;na;na;PRE;CARRERA 33;CALLE 45 SUR;Se ha realizado el mantenimiento preventivo sobre la farola: 1758368;10/02/2026;11/02/2026;1;cuad54;FINALIZADA;2,89311332;-75,25746322
Febrero;1964127;1758369;062375;na;na;PRE;CARRERA 33;CALLE 45 SUR;Se ha realizado el mantenimiento preventivo sobre la farola: 1758369;10/02/2026;11/02/2026;1;cuad54;FINALIZADA;2,89311762;-75,25724223
Febrero;1964136;1758370;062341;na;na;PRE;CARRERA 33;CALLE 45 SUR;Se ha realizado el mantenimiento preventivo sobre la farola: 1758370;10/02/2026;11/02/2026;1;cuad54;FINALIZADA;2,89312888;-75,25680109
Febrero;1964228;1758371;062350;na;na;PRE;CARRERA 33;CALLE 45 SUR;Se ha realizado el mantenimiento preventivo sobre la farola: 1758371;10/02/2026;11/02/2026;1;cuad54;FINALIZADA;2,89312888;-75,25680109
Febrero;1963115;1758372;062360;na;na;PRE;CARRERA 33;CALLE 45 SUR;Se ha realizado el mantenimiento preventivo sobre la farola: 1758372;09/02/2026;10/02/2026;1;cuad55;FINALIZADA;2,89313872;-75,25657104
Febrero;1964132;1758373;062365;na;na;PRE;CARRERA 33;CALLE 45 SUR;Se ha realizado el mantenimiento preventivo sobre la farola: 1758373;10/02/2026;12/02/2026;2;cuad54;FINALIZADA;2,89314158;-75,2563477
Febrero;1974811;1758374;062370;na;na;PRE;CARRERA 33;CALLE 45 SUR;Se ha realizado el mantenimiento preventivo sobre la farola: 1758374;23/02/2026;23/02/2026;0;cuad63;FINALIZADA;2,89314158;-75,2563477
Febrero;1974812;1758375;062340;na;na;PRE;CARRERA 33;CALLE 45 SUR;Se ha realizado el mantenimiento preventivo sobre la farola: 1758375;23/02/2026;23/02/2026;0;cuad63;FINALIZADA;2,89314753;-75,25613333
Febrero;1964139;1758376;062367;na;na;PRE;CARRERA 33;CALLE 45 SUR;Se ha realizado el mantenimiento preventivo sobre la farola: 1758376;10/02/2026;11/02/2026;1;cuad54;FINALIZADA;2,89314753;-75,25613333
Febrero;1964195;1758377;062400;na;na;PRE;CARRERA 33;CALLE 45 SUR;Se ha realizado el mantenimiento preventivo sobre la farola: 1758377;10/02/2026;11/02/2026;1;cuad54;FINALIZADA;2,89315244;-75,25591552
Febrero;1964130;1758378;062382;na;na;PRE;CARRERA 33;CALLE 45 SUR;Se ha realizado el mantenimiento preventivo sobre la farola: 1758378;10/02/2026;11/02/2026;1;cuad54;FINALIZADA;2,8931601;-75,25568748
Febrero;1964622;1758379;062376;na;na;PRE;CARRERA 33;CALLE 45 SUR;Se ha realizado el mantenimiento preventivo sobre la farola: 1758379;11/02/2026;12/02/2026;1;cuad54;FINALIZADA;2,89317157;-75,25524323
Febrero;1964129;1758380;062492;na;na;PRE;CARRERA 33;CALLE 45 SUR;Se ha realizado el mantenimiento preventivo sobre la farola: 1758380;10/02/2026;12/02/2026;2;cuad54;FINALIZADA;2,8931764;-75,25502594
Febrero;1974817;1758381;062399;na;na;PRE;CARRERA 33;CALLE 45 SUR;Se ha realizado el mantenimiento preventivo sobre la farola: 1758381;23/02/2026;23/02/2026;0;cuad63;FINALIZADA;2,89318305;-75,25480031
Febrero;1974814;1758382;062387;na;na;PRE;CARRERA 33;CALLE 45 SUR;Se ha realizado el mantenimiento preventivo sobre la farola: 1758382;23/02/2026;23/02/2026;0;cuad63;FINALIZADA;2,89318305;-75,25480031
Febrero;1964625;1758383;062384;na;na;PRE;CARRERA 33;CALLE 45 SUR;Se ha realizado el mantenimiento preventivo sobre la farola: 1758383;11/02/2026;12/02/2026;1;cuad54;FINALIZADA;2,89319729;-75,25435409
Febrero;1964144;1758384;062377;na;na;PRE;CARRERA 33;CALLE 45 SUR;Se ha realizado el mantenimiento preventivo sobre la farola: 1758384;10/02/2026;11/02/2026;1;cuad54;FINALIZADA;2,89319729;-75,25435409
Febrero;1964611;1758385;062378;na;na;PRE;CARRERA 33;CALLE 45 SUR;Se ha realizado el mantenimiento preventivo sobre la farola: 1758385;11/02/2026;12/02/2026;1;cuad54;FINALIZADA;2,89320021;-75,2539476
Febrero;1964205;1758386;062390;na;na;PRE;CARRERA 33;CALLE 45 SUR;Se ha realizado el mantenimiento preventivo sobre la farola: 1758386;10/02/2026;11/02/2026;1;cuad54;FINALIZADA;2,89320021;-75,2539476
Febrero;1964199;1758387;062494;na;na;PRE;CARRERA 33;CALLE 45 SUR;Se ha realizado el mantenimiento preventivo sobre la farola: 1758387;10/02/2026;11/02/2026;1;cuad54;FINALIZADA;2,89320021;-75,2539476
Febrero;1964222;1758388;062386;na;na;PRE;CARRERA 33;CALLE 45 SUR;Se ha realizado el mantenimiento preventivo sobre la farola: 1758388;10/02/2026;11/02/2026;1;cuad54;FINALIZADA;2,89320186;-75,25412908
Febrero;1964623;1758389;062496;na;na;PRE;CARRERA 33;CALLE 45 SUR;Se ha realizado el mantenimiento preventivo sobre la farola: 1758389;11/02/2026;12/02/2026;1;cuad54;FINALIZADA;2,89331767;-75,25383252
Febrero;1964133;1758390;062499;na;na;PRE;CARRERA 33;CALLE 45 SUR;Se ha realizado el mantenimiento preventivo sobre la farola: 1758390;10/02/2026;11/02/2026;1;cuad54;FINALIZADA;2,89328689;-75,25365248
Febrero;1965310;1758391;029991;na;na;PRE;CARRERA 33;CALLE 45 SUR;Se ha realizado el mantenimiento preventivo sobre la farola: 1758391;11/02/2026;12/02/2026;1;cuad55;FINALIZADA;2,89302445;-75,25385494
Febrero;1963124;1758406;062351;na;na;PRE;CRA 31-38;CLL 19;Se ha realizado el mantenimiento preventivo sobre la farola: 1758406;09/02/2026;10/02/2026;1;cuad55;FINALIZADA;2,89306166;-75,25927537
Enero;1926972;1630539;031257;LED;150;PRE;26;8;Se ha realizado el mantenimiento preventivo sobre la farola: 1630539;20/12/2025;06/01/2026;17;cuad55;FINALIZADA;2,942836066;-75,28811802
Enero;1926967;1635234;068526;LED;106,5;PRE;6A;CL 26 CON CRA 6B;Se ha realizado el mantenimiento preventivo sobre la farola: 1635234;20/12/2025;06/01/2026;17;cuad55;FINALIZADA;2,94236023;-75,29175558
Enero;1926962;1640716;068538;LED;106,5;PRE;6A;CL 26 CON CRA 6B;Se ha realizado el mantenimiento preventivo sobre la farola: 1640716;20/12/2025;06/01/2026;17;cuad55;FINALIZADA;2,94245005;-75,29149909
Enero;1926961;1640720;069218 ;LED;106,5;PRE;27;CL 26 CON CRA 6B;Se ha realizado el mantenimiento preventivo sobre la farola: 1640720;20/12/2025;06/01/2026;17;cuad55;FINALIZADA;2,943075499;-75,29035554
Enero;1938535;1641375;040036;LED;106,5;PRE;18;52;Se ha realizado el mantenimiento preventivo sobre la farola: 1641375;13/01/2026;13/01/2026;0;cuad56;FINALIZADA;2,939331061;-75,24731897
Enero;1941812;1641376;069564;LED;106,5;PRE;18;52;Se ha realizado el mantenimiento preventivo sobre la farola: 1641376;16/01/2026;20/01/2026;4;cuad54;FINALIZADA;2,93907;-75,247248
Enero;1944261;1641377;069582;LED;106,5;PRE;18;52;Se ha realizado el mantenimiento preventivo sobre la farola: 1641377;20/01/2026;21/01/2026;1;cuad63;FINALIZADA;2,93907;-75,247248
Enero;1941809;1641378;069568;LED;106,5;PRE;17;52;Se ha realizado el mantenimiento preventivo sobre la farola: 1641378;16/01/2026;20/01/2026;4;cuad54;FINALIZADA;2,938838;-75,247168
Enero;1938533;1641379;069580;LED;106,5;PRE;17;52;Se ha realizado el mantenimiento preventivo sobre la farola: 1641379;13/01/2026;13/01/2026;0;cuad56;FINALIZADA;2,938838;-75,247168
Enero;1941808;1641380;069595;LED;106,5;PRE;17;52;Se ha realizado el mantenimiento preventivo sobre la farola: 1641380;16/01/2026;20/01/2026;4;cuad54;FINALIZADA;2,938594;-75,247103
Enero;1933507;1641381;069563;LED;106,5;PRE;17;52;Se ha realizado el mantenimiento preventivo sobre la farola: 1641381;05/01/2026;20/01/2026;15;cuad54;FINALIZADA;2,938594;-75,247103
Enero;1938515;1641382;069559;LED;106,5;PRE;17;52;Se ha realizado el mantenimiento preventivo sobre la farola: 1641382;13/01/2026;13/01/2026;0;cuad56;FINALIZADA;2,93837;-75,24704
Enero;1933533;1641383;069562;LED;106,5;PRE;17;52;Se ha realizado el mantenimiento preventivo sobre la farola: 1641383;05/01/2026;06/01/2026;1;cuad56;FINALIZADA;2,93837;-75,24704
Enero;1933530;1641384;069572;LED;106,5;PRE;17;52;Se ha realizado el mantenimiento preventivo sobre la farola: 1641384;05/01/2026;06/01/2026;1;cuad56;FINALIZADA;2,938038;-75,24695
Enero;1938529;1641385;069585;LED;106,5;PRE;16;52;Se ha realizado el mantenimiento preventivo sobre la farola: 1641385;13/01/2026;13/01/2026;0;cuad56;FINALIZADA;2,938038;-75,24695
Enero;1933538;1641386;069590;LED;106,5;PRE;16;52;Se ha realizado el mantenimiento preventivo sobre la farola: 1641386;05/01/2026;06/01/2026;1;cuad56;FINALIZADA;2,937757;-75,246873
Enero;1933523;1641387;069596;LED;106,5;PRE;16;52;Se ha realizado el mantenimiento preventivo sobre la farola: 1641387;05/01/2026;06/01/2026;1;cuad56;FINALIZADA;2,937757;-75,246873
Enero;1938530;1641388;069588;LED;106,5;PRE;16;52;Se ha realizado el mantenimiento preventivo sobre la farola: 1641388;13/01/2026;13/01/2026;0;cuad56;FINALIZADA;2,937398;-75,246746
Enero;1933527;1641389;069583;LED;106,5;PRE;16;52;Se ha realizado el mantenimiento preventivo sobre la farola: 1641389;05/01/2026;06/01/2026;1;cuad56;FINALIZADA;2,937398;-75,246746
Enero;1938528;1641390;069551;LED;106,5;PRE;16;52;Se ha realizado el mantenimiento preventivo sobre la farola: 1641390;13/01/2026;13/01/2026;0;cuad56;FINALIZADA;2,937398;-75,246746
Enero;1938521;1641391;069587;LED;106,5;PRE;16;52;Se ha realizado el mantenimiento preventivo sobre la farola: 1641391;13/01/2026;13/01/2026;0;cuad56;FINALIZADA;2,937135;-75,24669
Enero;1933550;1641392;069597;LED;106,5;PRE;15;52;Se ha realizado el mantenimiento preventivo sobre la farola: 1641392;05/01/2026;06/01/2026;1;cuad56;FINALIZADA;2,936832;-75,246603
Enero;1933521;1641393;069571;LED;106,5;PRE;15;52;Se ha realizado el mantenimiento preventivo sobre la farola: 1641393;05/01/2026;06/01/2026;1;cuad56;FINALIZADA;2,936832;-75,246603
Enero;1938349;1641394;069598;LED;106,5;PRE;15;52;Se ha realizado el mantenimiento preventivo sobre la farola: 1641394;12/01/2026;13/01/2026;1;cuad54;FINALIZADA;2,936516;-75,246512
Enero;1938520;1641395;069560;LED;106,5;PRE;15;52;Se ha realizado el mantenimiento preventivo sobre la farola: 1641395;13/01/2026;13/01/2026;0;cuad56;FINALIZADA;2,936516;-75,246512
Enero;1938517;1641396;069589;LED;106,5;PRE;15;52;Se ha realizado el mantenimiento preventivo sobre la farola: 1641396;13/01/2026;13/01/2026;0;cuad56;FINALIZADA;2,936289;-75,24643
Enero;1938350;1641397;069592;LED;106,5;PRE;14;52;Se ha realizado el mantenimiento preventivo sobre la farola: 1641397;12/01/2026;13/01/2026;1;cuad54;FINALIZADA;2,936289;-75,24643
Enero;1938518;1641398;069591;LED;106,5;PRE;14;52;Se ha realizado el mantenimiento preventivo sobre la farola: 1641398;13/01/2026;13/01/2026;0;cuad56;FINALIZADA;2,936015;-75,246356
Enero;1933547;1641399;069586;LED;106,5;PRE;14;52;Se ha realizado el mantenimiento preventivo sobre la farola: 1641399;05/01/2026;06/01/2026;1;cuad56;FINALIZADA;2,936015;-75,246356
Enero;1933504;1641400;069594;LED;106,5;PRE;13;52;Se ha realizado el mantenimiento preventivo sobre la farola: 1641400;05/01/2026;06/01/2026;1;cuad56;FINALIZADA;2,935765;-75,246278
Enero;1933541;1641401;069593;LED;106,5;PRE;13;52;Se ha realizado el mantenimiento preventivo sobre la farola: 1641401;05/01/2026;06/01/2026;1;cuad56;FINALIZADA;2,935765;-75,246278
Enero;1938531;1641402;069599;LED;106,5;PRE;13;52;Se ha realizado el mantenimiento preventivo sobre la farola: 1641402;13/01/2026;13/01/2026;0;cuad56;FINALIZADA;2,935508;-75,246198
Enero;1941811;1641403;069600;LED;106,5;PRE;12;52;Se ha realizado el mantenimiento preventivo sobre la farola: 1641403;16/01/2026;20/01/2026;4;cuad54;FINALIZADA;2,935508;-75,246198
Enero;1938527;1641404;069289;LED;106,5;PRE;12;52;Se ha realizado el mantenimiento preventivo sobre la farola: 1641404;13/01/2026;13/01/2026;0;cuad56;FINALIZADA;2,935228068;-75,24610004
Enero;1941801;1641405;069257;LED;106,5;PRE;12;52;Se ha realizado el mantenimiento preventivo sobre la farola: 1641405;16/01/2026;20/01/2026;4;cuad54;FINALIZADA;2,935228068;-75,24610004
Enero;1944264;1641406;069248;LED;106,5;PRE;12;52;Se ha realizado el mantenimiento preventivo sobre la farola: 1641406;20/01/2026;21/01/2026;1;cuad63;FINALIZADA;2,934950074;-75,24601297
Enero;1933502;1641407;069288;LED;106,5;PRE;12;52;Se ha realizado el mantenimiento preventivo sobre la farola: 1641407;05/01/2026;06/01/2026;1;cuad56;FINALIZADA;2,934950074;-75,24601297
Enero;1933514;1641408;069277;LED;106,5;PRE;12;52;Se ha realizado el mantenimiento preventivo sobre la farola: 1641408;05/01/2026;06/01/2026;1;cuad56;FINALIZADA;2,934698039;-75,24594596
Enero;1938519;1641410;069253;LED;106,5;PRE;10;52;Se ha realizado el mantenimiento preventivo sobre la farola: 1641410;13/01/2026;13/01/2026;0;cuad56;FINALIZADA;2,934434065;-75,24586699
Enero;1933501;1641411;069252;LED;106,5;PRE;9;52;Se ha realizado el mantenimiento preventivo sobre la farola: 1641411;05/01/2026;06/01/2026;1;cuad56;FINALIZADA;2,934434065;-75,24586699
Enero;1944265;1641412;069217;LED;106,5;PRE;9;52;Se ha realizado el mantenimiento preventivo sobre la farola: 1641412;20/01/2026;21/01/2026;1;cuad63;FINALIZADA;2,934184114;-75,24579099
Enero;1941803;1641413;069278;LED;106,5;PRE;8;52;Se ha realizado el mantenimiento preventivo sobre la farola: 1641413;16/01/2026;20/01/2026;4;cuad54;FINALIZADA;2,934184114;-75,24579099
Enero;1933059;1641937;037414;LED;74,1;PRE;20;22;Se ha realizado el mantenimiento preventivo sobre la farola: 1641937;05/01/2026;05/01/2026;0;cuad56;FINALIZADA;2,93958624;-75,27491961
Enero;1933061;1641938;037413;LED;74,1;PRE;19;20;Se ha realizado el mantenimiento preventivo sobre la farola: 1641938;05/01/2026;05/01/2026;0;cuad56;FINALIZADA;2,93958624;-75,27491961
Enero;1933060;1641939;037418;LED;74,1;PRE;19;20;Se ha realizado el mantenimiento preventivo sobre la farola: 1641939;05/01/2026;05/01/2026;0;cuad56;FINALIZADA;2,93892828;-75,27589997
Enero;1933049;1641943;037404;LED;74,1;PRE;18;20;Se ha realizado el mantenimiento preventivo sobre la farola: 1641943;05/01/2026;05/01/2026;0;cuad56;FINALIZADA;2,93860135;-75,27636024
Enero;1933063;1641944;037403;LED;74,1;PRE;18;20;Se ha realizado el mantenimiento preventivo sobre la farola: 1641944;05/01/2026;05/01/2026;0;cuad56;FINALIZADA;2,93860135;-75,27636024
Enero;1926968;1643641;062994;LED;106,5;PRE;25C;7;Se ha realizado el mantenimiento preventivo sobre la farola: 1643641;20/12/2025;06/01/2026;17;cuad55;FINALIZADA;2,942541113;-75,28994102
Enero;1926970;1643649;040196;LED;60,2;PRE;25C;7;Se ha realizado el mantenimiento preventivo sobre la farola: 1643649;20/12/2025;06/01/2026;17;cuad55;FINALIZADA;2,94157412;-75,289804
Enero;1926969;1643652;030763;LED;106,5;PRE;25C;7;Se ha realizado el mantenimiento preventivo sobre la farola: 1643652;20/12/2025;06/01/2026;17;cuad55;FINALIZADA;2,941076105;-75,28972702
Enero;1926964;1643653;030772;LED;106,5;PRE;25C;7;Se ha realizado el mantenimiento preventivo sobre la farola: 1643653;20/12/2025;06/01/2026;17;cuad55;FINALIZADA;2,941076105;-75,28972702
Enero;1926971;1643655;040179;LED;106,5;PRE;25C;7;Se ha realizado el mantenimiento preventivo sobre la farola: 1643655;20/12/2025;06/01/2026;17;cuad55;FINALIZADA;2,940822074;-75,28969501
Enero;1926963;1643656;030769;LED;106,5;PRE;25C;7;Se ha realizado el mantenimiento preventivo sobre la farola: 1643656;20/12/2025;06/01/2026;17;cuad55;FINALIZADA;2,940591109;-75,28968199
Enero;1926965;1643658;030770;LED;106,5;PRE;25C;7;Se ha realizado el mantenimiento preventivo sobre la farola: 1643658;20/12/2025;06/01/2026;17;cuad55;FINALIZADA;2,94039109;-75,28964604
Enero;1926966;1643659;030766;LED;106,5;PRE;25C;7;Se ha realizado el mantenimiento preventivo sobre la farola: 1643659;20/12/2025;06/01/2026;17;cuad55;FINALIZADA;2,94039109;-75,28964604
Enero;1944293;1643820;062920;LED;106,5;PRE;19;52;Se ha realizado el mantenimiento preventivo sobre la farola: 1643820;20/01/2026;21/01/2026;1;cuad63;FINALIZADA;2,940723;-75,247733
Enero;1944268;1643821;068595;LED;106,5;PRE;19;52;Se ha realizado el mantenimiento preventivo sobre la farola: 1643821;20/01/2026;21/01/2026;1;cuad63;FINALIZADA;2,940723;-75,247733
Enero;1944276;1643822;068554;LED;106,5;PRE;19;52;Se ha realizado el mantenimiento preventivo sobre la farola: 1643822;20/01/2026;21/01/2026;1;cuad63;FINALIZADA;2,941004;-75,247832
Enero;1944267;1643823;068596;LED;106,5;PRE;19;52;Se ha realizado el mantenimiento preventivo sobre la farola: 1643823;20/01/2026;21/01/2026;1;cuad63;FINALIZADA;2,941004;-75,247832
Enero;1944270;1643824;068573;LED;106,5;PRE;19;52;Se ha realizado el mantenimiento preventivo sobre la farola: 1643824;20/01/2026;21/01/2026;1;cuad63;FINALIZADA;2,941285;-75,247921
Enero;1944269;1643825;068577;LED;106,5;PRE;19;52;Se ha realizado el mantenimiento preventivo sobre la farola: 1643825;20/01/2026;21/01/2026;1;cuad63;FINALIZADA;2,941285;-75,247921
Enero;1944278;1643826;068547;LED;106,5;PRE;19;52;Se ha realizado el mantenimiento preventivo sobre la farola: 1643826;20/01/2026;21/01/2026;1;cuad63;FINALIZADA;2,940451;-75,247653
Enero;1944277;1643828;068552;LED;106,5;PRE;18;52;Se ha realizado el mantenimiento preventivo sobre la farola: 1643828;20/01/2026;21/01/2026;1;cuad63;FINALIZADA;2,940116;-75,247556
Enero;1944273;1643829;068555;LED;106,5;PRE;18;52;Se ha realizado el mantenimiento preventivo sobre la farola: 1643829;20/01/2026;21/01/2026;1;cuad63;FINALIZADA;2,940116;-75,247556
Enero;1933500;1643830;069573;LED;106,5;PRE;18;52;Se ha realizado el mantenimiento preventivo sobre la farola: 1643830;05/01/2026;06/01/2026;1;cuad56;FINALIZADA;2,939861;-75,247482
Enero;1944263;1643831;069570;LED;106,5;PRE;18;52;Se ha realizado el mantenimiento preventivo sobre la farola: 1643831;20/01/2026;21/01/2026;1;cuad63;FINALIZADA;2,939861;-75,247482
Enero;1933512;1643832;069584;LED;106,5;PRE;18;52;Se ha realizado el mantenimiento preventivo sobre la farola: 1643832;05/01/2026;06/01/2026;1;cuad56;FINALIZADA;2,93953;-75,247378
Enero;1944262;1643833;069581;LED;106,5;PRE;18;52;Se ha realizado el mantenimiento preventivo sobre la farola: 1643833;20/01/2026;21/01/2026;1;cuad63;FINALIZADA;2,93953;-75,247378
Enero;1947649;1643834;034261;LED;46,3;PRE;18B;54;Se ha realizado el mantenimiento preventivo sobre la farola: 1643834;23/01/2026;26/01/2026;3;cuad54;FINALIZADA;2,94155426;-75,24505186
Enero;1947646;1643835;034260;LED;46,3;PRE;18B;54;Se ha realizado el mantenimiento preventivo sobre la farola: 1643835;23/01/2026;26/01/2026;3;cuad54;FINALIZADA;2,94151055;-75,24533781
Enero;1947656;1643837;034263;LED;46,3;PRE;18B;54;Se ha realizado el mantenimiento preventivo sobre la farola: 1643837;23/01/2026;26/01/2026;3;cuad54;FINALIZADA;2,94145437;-75,2456312
Enero;1947644;1643840;034208;LED;46,3;PRE;18B;54;Se ha realizado el mantenimiento preventivo sobre la farola: 1643840;23/01/2026;26/01/2026;3;cuad54;FINALIZADA;2,941332042;-75,24624004
Enero;1938356;1643884;067801;LED;74,1;PRE;19;48;Se ha realizado el mantenimiento preventivo sobre la farola: 1643884;12/01/2026;13/01/2026;1;cuad54;FINALIZADA;2,94013109;-75,251578
Enero;1938363;1643885;066678;LED;74,1;PRE;19;48;Se ha realizado el mantenimiento preventivo sobre la farola: 1643885;12/01/2026;13/01/2026;1;cuad54;FINALIZADA;2,94013109;-75,251578
Enero;1938351;1643886;069865;LED;74,1;PRE;19;48;Se ha realizado el mantenimiento preventivo sobre la farola: 1643886;12/01/2026;13/01/2026;1;cuad54;FINALIZADA;2,94015893;-75,25124393
Enero;1938352;1643887;069816;LED;74,1;PRE;19;48;Se ha realizado el mantenimiento preventivo sobre la farola: 1643887;12/01/2026;13/01/2026;1;cuad54;FINALIZADA;2,94015893;-75,25124393
Enero;1938362;1643888;069815;LED;74,1;PRE;19;49;Se ha realizado el mantenimiento preventivo sobre la farola: 1643888;12/01/2026;13/01/2026;1;cuad54;FINALIZADA;2,94018536;-75,25089499
Enero;1938355;1643889;069864;LED;74,1;PRE;19;49;Se ha realizado el mantenimiento preventivo sobre la farola: 1643889;12/01/2026;13/01/2026;1;cuad54;FINALIZADA;2,94018536;-75,25089499
Enero;1938472;1643891;069841;LED;74,1;PRE;19;49;Se ha realizado el mantenimiento preventivo sobre la farola: 1643891;13/01/2026;13/01/2026;0;cuad56;FINALIZADA;2,94022291;-75,25060207
Enero;1933035;1643895;069825;LED;74,1;PRE;19;49;Se ha realizado el mantenimiento preventivo sobre la farola: 1643895;05/01/2026;05/01/2026;0;cuad56;FINALIZADA;2,94037021;-75,25001885
Enero;1933038;1643896;069828;LED;74,1;PRE;19;50;Se ha realizado el mantenimiento preventivo sobre la farola: 1643896;05/01/2026;05/01/2026;0;cuad56;FINALIZADA;2,9404391;-75,24975133
Enero;1938505;1643897;069838;LED;74,1;PRE;19;50;Se ha realizado el mantenimiento preventivo sobre la farola: 1643897;13/01/2026;13/01/2026;0;cuad56;FINALIZADA;2,9404391;-75,24975133
Enero;1933036;1643898;069831;LED;74,1;PRE;19;50;Se ha realizado el mantenimiento preventivo sobre la farola: 1643898;05/01/2026;05/01/2026;0;cuad56;FINALIZADA;2,94055196;-75,24945268
Enero;1938507;1643899;069835;LED;74,1;PRE;19;50;Se ha realizado el mantenimiento preventivo sobre la farola: 1643899;13/01/2026;13/01/2026;0;cuad56;FINALIZADA;2,94055196;-75,24945268
Enero;1938476;1643900;069830;LED;74,1;PRE;19;50;Se ha realizado el mantenimiento preventivo sobre la farola: 1643900;13/01/2026;13/01/2026;0;cuad56;FINALIZADA;2,9406603;-75,2492424
Enero;1933037;1643903;069829;LED;74,1;PRE;19;51;Se ha realizado el mantenimiento preventivo sobre la farola: 1643903;05/01/2026;05/01/2026;0;cuad56;FINALIZADA;2,94080037;-75,24900569
Enero;1938509;1643906;069848;LED;74,1;PRE;19;51;Se ha realizado el mantenimiento preventivo sobre la farola: 1643906;13/01/2026;13/01/2026;0;cuad56;FINALIZADA;2,94108951;-75,24854403
Enero;1938479;1643907;069839;LED;74,1;PRE;19;51;Se ha realizado el mantenimiento preventivo sobre la farola: 1643907;13/01/2026;13/01/2026;0;cuad56;FINALIZADA;2,94108951;-75,24854403
Enero;1938511;1643908;069843;LED;74,1;PRE;19;52;Se ha realizado el mantenimiento preventivo sobre la farola: 1643908;13/01/2026;13/01/2026;0;cuad56;FINALIZADA;2,94123129;-75,2483148
Enero;1938361;1643912;069874;LED;74,1;PRE;19;47;Se ha realizado el mantenimiento preventivo sobre la farola: 1643912;12/01/2026;13/01/2026;1;cuad54;FINALIZADA;2,94011729;-75,25184886
Enero;1938357;1643913;069855;LED;74,1;PRE;19;47;Se ha realizado el mantenimiento preventivo sobre la farola: 1643913;12/01/2026;13/01/2026;1;cuad54;FINALIZADA;2,94011729;-75,25184886
Enero;1938359;1643914;069813;LED;74,1;PRE;19;47;Se ha realizado el mantenimiento preventivo sobre la farola: 1643914;12/01/2026;13/01/2026;1;cuad54;FINALIZADA;2,94010004;-75,25211668
Enero;1938364;1643915;069861;LED;74,1;PRE;19;47;Se ha realizado el mantenimiento preventivo sobre la farola: 1643915;12/01/2026;13/01/2026;1;cuad54;FINALIZADA;2,94010004;-75,25211668
Enero;1938360;1643916;069862;LED;74,1;PRE;19;47;Se ha realizado el mantenimiento preventivo sobre la farola: 1643916;12/01/2026;13/01/2026;1;cuad54;FINALIZADA;2,94007709;-75,25238537
Enero;1938460;1643917;069877;LED;74,1;PRE;19;47;Se ha realizado el mantenimiento preventivo sobre la farola: 1643917;13/01/2026;13/01/2026;0;cuad56;FINALIZADA;2,94007709;-75,25238537
Enero;1938353;1643918;069845;LED;74,1;PRE;19;47;Se ha realizado el mantenimiento preventivo sobre la farola: 1643918;12/01/2026;13/01/2026;1;cuad54;FINALIZADA;2,9400642;-75,25265463
Enero;1938358;1643919;069873;LED;74,1;PRE;19;47;Se ha realizado el mantenimiento preventivo sobre la farola: 1643919;12/01/2026;13/01/2026;1;cuad54;FINALIZADA;2,9400642;-75,25265463
Enero;1938354;1643921;069859;LED;74,1;PRE;19;47;Se ha realizado el mantenimiento preventivo sobre la farola: 1643921;12/01/2026;13/01/2026;1;cuad54;FINALIZADA;2,94005586;-75,25292675
Enero;1934288;1643993;037304;LED;74,1;PRE;19;34;Se ha realizado el mantenimiento preventivo sobre la farola: 1643993;06/01/2026;06/01/2026;0;cuad55;FINALIZADA;2,940856069;-75,26515302
Enero;1934291;1643994;037306;LED;74,1;PRE;19;34;Se ha realizado el mantenimiento preventivo sobre la farola: 1643994;06/01/2026;06/01/2026;0;cuad55;FINALIZADA;2,940856069;-75,26515302
Enero;1934296;1643995;037303;LED;74,1;PRE;19;34;Se ha realizado el mantenimiento preventivo sobre la farola: 1643995;06/01/2026;06/01/2026;0;cuad55;FINALIZADA;2,940856068;-75,26553401
Enero;1934302;1643998;028276;LED;74,1;PRE;19;34;Se ha realizado el mantenimiento preventivo sobre la farola: 1643998;06/01/2026;06/01/2026;0;cuad55;FINALIZADA;2,940846041;-75,26585102
Enero;1934294;1643999;037587;LED;74,1;PRE;19;33;Se ha realizado el mantenimiento preventivo sobre la farola: 1643999;06/01/2026;06/01/2026;0;cuad55;FINALIZADA;2,940793;-75,26619036
Enero;1934293;1644000;037598;LED;74,1;PRE;19;33;Se ha realizado el mantenimiento preventivo sobre la farola: 1644000;06/01/2026;06/01/2026;0;cuad55;FINALIZADA;2,940793;-75,26619036
Enero;1933568;1644001;037301;LED;74,1;PRE;19;33;Se ha realizado el mantenimiento preventivo sobre la farola: 1644001;05/01/2026;06/01/2026;1;cuad56;FINALIZADA;2,94078652;-75,26641229
Enero;1933554;1644002;037308;LED;74,1;PRE;19;33;Se ha realizado el mantenimiento preventivo sobre la farola: 1644002;05/01/2026;06/01/2026;1;cuad56;FINALIZADA;2,94078652;-75,26641229
Enero;1934337;1644003;068380;LED;92,6;PRE;19;32;Se ha realizado el mantenimiento preventivo sobre la farola: 1644003;06/01/2026;06/01/2026;0;cuad55;FINALIZADA;2,94079193;-75,26685555
Enero;1934871;1644004;068388;LED;92,6;PRE;19;32;Se ha realizado el mantenimiento preventivo sobre la farola: 1644004;07/01/2026;07/01/2026;0;cuad56;FINALIZADA;2,94076071;-75,26688134
Enero;1934872;1644005;068303;LED;92,6;PRE;19;32;Se ha realizado el mantenimiento preventivo sobre la farola: 1644005;07/01/2026;07/01/2026;0;cuad56;FINALIZADA;2,94075273;-75,26710114
Enero;1938346;1644006;068390;LED;92,6;PRE;19;32;Se ha realizado el mantenimiento preventivo sobre la farola: 1644006;12/01/2026;13/01/2026;1;cuad54;FINALIZADA;2,94075273;-75,26710114
Enero;1938348;1644007;068387;LED;92,6;PRE;19;31;Se ha realizado el mantenimiento preventivo sobre la farola: 1644007;12/01/2026;13/01/2026;1;cuad54;FINALIZADA;2,9407412;-75,26740527
Enero;1938347;1644008;068364;LED;92,6;PRE;19;31;Se ha realizado el mantenimiento preventivo sobre la farola: 1644008;12/01/2026;13/01/2026;1;cuad54;FINALIZADA;2,9407412;-75,26740527
Enero;1934336;1644009;068392;LED;92,6;PRE;19;31;Se ha realizado el mantenimiento preventivo sobre la farola: 1644009;06/01/2026;06/01/2026;0;cuad55;FINALIZADA;2,9407414;-75,26767867
Enero;1934339;1644010;068320;LED;92,6;PRE;19;31;Se ha realizado el mantenimiento preventivo sobre la farola: 1644010;06/01/2026;06/01/2026;0;cuad55;FINALIZADA;2,9407414;-75,26767867
Enero;1934338;1644011;068372;LED;92,6;PRE;19;30;Se ha realizado el mantenimiento preventivo sobre la farola: 1644011;06/01/2026;06/01/2026;0;cuad55;FINALIZADA;2,94073885;-75,26793326
Enero;1934870;1644012;068361;LED;92,6;PRE;19;30;Se ha realizado el mantenimiento preventivo sobre la farola: 1644012;07/01/2026;07/01/2026;0;cuad56;FINALIZADA;2,94073885;-75,26793326
Enero;1938345;1644013;068373;LED;92,6;PRE;19;30;Se ha realizado el mantenimiento preventivo sobre la farola: 1644013;12/01/2026;13/01/2026;1;cuad54;FINALIZADA;2,94073345;-75,26820518
Enero;1934333;1644015;037599;LED;74,1;PRE;19;29;Se ha realizado el mantenimiento preventivo sobre la farola: 1644015;06/01/2026;06/01/2026;0;cuad55;FINALIZADA;2,94072574;-75,26846922
Enero;1934304;1644016;037574;LED;74,1;PRE;19;29;Se ha realizado el mantenimiento preventivo sobre la farola: 1644016;06/01/2026;06/01/2026;0;cuad55;FINALIZADA;2,94072574;-75,26846922
Enero;1934307;1644019;037355;LED;74,1;PRE;19;27;Se ha realizado el mantenimiento preventivo sobre la farola: 1644019;06/01/2026;06/01/2026;0;cuad55;FINALIZADA;2,9407137;-75,2692333
Enero;1934309;1644020;036202;LED;74,1;PRE;19;27;Se ha realizado el mantenimiento preventivo sobre la farola: 1644020;06/01/2026;06/01/2026;0;cuad55;FINALIZADA;2,9407137;-75,2692333
Enero;1934332;1644021;037362;LED;74,1;PRE;19;27;Se ha realizado el mantenimiento preventivo sobre la farola: 1644021;06/01/2026;06/01/2026;0;cuad55;FINALIZADA;2,9407108;-75,2695432
Enero;1934335;1644022;037287;LED;74,1;PRE;19;27;Se ha realizado el mantenimiento preventivo sobre la farola: 1644022;06/01/2026;06/01/2026;0;cuad55;FINALIZADA;2,9407108;-75,2695432
Enero;1933041;1644032;037578;LED;74,1;PRE;20;26;Se ha realizado el mantenimiento preventivo sobre la farola: 1644032;05/01/2026;05/01/2026;0;cuad56;FINALIZADA;2,94074948;-75,27071362
Enero;1933040;1644034;036201;LED;74,1;PRE;20;26;Se ha realizado el mantenimiento preventivo sobre la farola: 1644034;05/01/2026;05/01/2026;0;cuad56;FINALIZADA;2,94076534;-75,27106082
Enero;1933042;1644039;037283;LED;74,1;PRE;20;25;Se ha realizado el mantenimiento preventivo sobre la farola: 1644039;05/01/2026;05/01/2026;0;cuad56;FINALIZADA;2,94079982;-75,27180735
Enero;1933064;1644045;037535;LED;74,1;PRE;20;24;Se ha realizado el mantenimiento preventivo sobre la farola: 1644045;05/01/2026;05/01/2026;0;cuad56;FINALIZADA;2,94083087;-75,27248894
Enero;1933044;1644046;037411;LED;74,1;PRE;20;24;Se ha realizado el mantenimiento preventivo sobre la farola: 1644046;05/01/2026;05/01/2026;0;cuad56;FINALIZADA;2,94083087;-75,27248894
Enero;1933055;1644642;037426;LED;74,1;PRE;20;23;Se ha realizado el mantenimiento preventivo sobre la farola: 1644642;05/01/2026;05/01/2026;0;cuad56;FINALIZADA;2,94068354;-75,27335642
Enero;1933045;1644645;037528;LED;74,1;PRE;20;23;Se ha realizado el mantenimiento preventivo sobre la farola: 1644645;05/01/2026;05/01/2026;0;cuad56;FINALIZADA;2,94054648;-75,27358372
Enero;1933047;1644646;037342;LED;74,1;PRE;20;23;Se ha realizado el mantenimiento preventivo sobre la farola: 1644646;05/01/2026;05/01/2026;0;cuad56;FINALIZADA;2,94042819;-75,27375487
Enero;1933062;1644647;037329;LED;74,1;PRE;20;23;Se ha realizado el mantenimiento preventivo sobre la farola: 1644647;05/01/2026;05/01/2026;0;cuad56;FINALIZADA;2,94042819;-75,27375487
Enero;1933050;1644648;037337;LED;74,1;PRE;20;23;Se ha realizado el mantenimiento preventivo sobre la farola: 1644648;05/01/2026;05/01/2026;0;cuad56;FINALIZADA;2,94027634;-75,27396794
Enero;1933056;1644649;037330;LED;74,1;PRE;20;23;Se ha realizado el mantenimiento preventivo sobre la farola: 1644649;05/01/2026;05/01/2026;0;cuad56;FINALIZADA;2,94027634;-75,27396794
Enero;1933051;1644650;037334;LED;74,1;PRE;20;23;Se ha realizado el mantenimiento preventivo sobre la farola: 1644650;05/01/2026;05/01/2026;0;cuad56;FINALIZADA;2,94010092;-75,27420462
Enero;1933046;1644651;037333;LED;74,1;PRE;20;22;Se ha realizado el mantenimiento preventivo sobre la farola: 1644651;05/01/2026;05/01/2026;0;cuad56;FINALIZADA;2,94010092;-75,27420462
Enero;1933057;1644652;037336;LED;74,1;PRE;20;22;Se ha realizado el mantenimiento preventivo sobre la farola: 1644652;05/01/2026;05/01/2026;0;cuad56;FINALIZADA;2,93991777;-75,27444499
Enero;1933048;1644653;037348;LED;74,1;PRE;20;22;Se ha realizado el mantenimiento preventivo sobre la farola: 1644653;05/01/2026;05/01/2026;0;cuad56;FINALIZADA;2,93991777;-75,27444499
Enero;1933054;1644654;037344;LED;74,1;PRE;20;22;Se ha realizado el mantenimiento preventivo sobre la farola: 1644654;05/01/2026;05/01/2026;0;cuad56;FINALIZADA;2,93975478;-75,27468624
Enero;1933053;1644655;037347;LED;74,1;PRE;20;22;Se ha realizado el mantenimiento preventivo sobre la farola: 1644655;05/01/2026;05/01/2026;0;cuad56;FINALIZADA;2,93975478;-75,27468624
Enero;1933058;1644663;036797;LED;74,1;PRE;18;20;Se ha realizado el mantenimiento preventivo sobre la farola: 1644663;05/01/2026;06/01/2026;1;cuad56;FINALIZADA;2,938439089;-75,27661803
Enero;1933052;1644664;037422;LED;74,1;PRE;18A;19;Se ha realizado el mantenimiento preventivo sobre la farola: 1644664;05/01/2026;05/01/2026;0;cuad56;FINALIZADA;2,93831727;-75,27693559
Enero;1933039;1644669;037368;LED;74,1;PRE;18;19;Se ha realizado el mantenimiento preventivo sobre la farola: 1644669;05/01/2026;05/01/2026;0;cuad56;FINALIZADA;2,93816418;-75,27749255
Enero;1933566;1653210;037582;LED;74,1;PRE;21A;34B;Se ha realizado el mantenimiento preventivo sobre la farola: 1653210;05/01/2026;06/01/2026;1;cuad56;FINALIZADA;2,94089611;-75,26454797
Enero;1945309;1661974;064948;LED;27,8;PRE;19;54;Se ha realizado el mantenimiento preventivo sobre la farola: 1661974;21/01/2026;22/01/2026;1;cuad59;FINALIZADA;2,942697;-75,245799
Enero;1947657;1662766;064927;LED;27,8;PRE;18A;54;Se ha realizado el mantenimiento preventivo sobre la farola: 1662766;23/01/2026;26/01/2026;3;cuad54;FINALIZADA;2,941753;-75,245967
Enero;1945303;1662894;065393;LED;27,8;PRE;19;55;Se ha realizado el mantenimiento preventivo sobre la farola: 1662894;21/01/2026;22/01/2026;1;cuad59;FINALIZADA;2,94264;-75,24513
Enero;1945296;1662895;065407;LED;27,8;PRE;19;55;Se ha realizado el mantenimiento preventivo sobre la farola: 1662895;21/01/2026;22/01/2026;1;cuad59;FINALIZADA;2,942675;-75,244932
Enero;1945291;1662896;065113;LED;27,8;PRE;19;55;Se ha realizado el mantenimiento preventivo sobre la farola: 1662896;21/01/2026;22/01/2026;1;cuad59;FINALIZADA;2,942727;-75,244678
Enero;1945300;1662897;065346;LED;27,8;PRE;19;55;Se ha realizado el mantenimiento preventivo sobre la farola: 1662897;21/01/2026;22/01/2026;1;cuad59;FINALIZADA;2,942767;-75,244433
Enero;1945306;1662898;065411;LED;27,8;PRE;19;55;Se ha realizado el mantenimiento preventivo sobre la farola: 1662898;21/01/2026;22/01/2026;1;cuad59;FINALIZADA;2,942582;-75,24537
Enero;1945298;1662899;065385;LED;27,8;PRE;19;55;Se ha realizado el mantenimiento preventivo sobre la farola: 1662899;21/01/2026;22/01/2026;1;cuad59;FINALIZADA;2,94255;-75,2456
Enero;1945312;1662900;064978;LED;27,8;PRE;19;55;Se ha realizado el mantenimiento preventivo sobre la farola: 1662900;21/01/2026;22/01/2026;1;cuad59;FINALIZADA;2,942519;-75,245846
Enero;1945313;1662901;003295;LED;27,8;PRE;19;55;Se ha realizado el mantenimiento preventivo sobre la farola: 1662901;21/01/2026;22/01/2026;1;cuad59;FINALIZADA;2,942475077;-75,24606797
Enero;1945316;1718872;053038;LED;37;PRE;54B;20;Se ha realizado el mantenimiento preventivo sobre la farola: 1718872;21/01/2026;22/01/2026;1;cuad59;FINALIZADA;2,943427075;-75,24532698
Junio;2070385;1630454;041391;;;PRE;5A;26;Se ha realizado el mantenimiento preventivo sobre la farola: 1630454;02/06/2026;03/06/2026;1;cuad63;FINALIZADA;2,942209;-75,29251
Junio;2076612;1634783;032529;;;PRE;77;7;Se ha realizado el mantenimiento preventivo sobre la farola: 1634783;10/06/2026;10/06/2026;0;cuad57;FINALIZADA;2,970926094;-75,28589
Junio;2076630;1634832;067757;;;PRE;CARRERA;CALLE;Se ha realizado el mantenimiento preventivo sobre la farola: 1634832;10/06/2026;10/06/2026;0;cuad57;FINALIZADA;3,018470092;-75,25551101
Junio;2076657;1634999;067880;;;PRE;77;3;Se ha realizado el mantenimiento preventivo sobre la farola: 1634999;10/06/2026;10/06/2026;0;cuad57;FINALIZADA;2,971494;-75,288332
Junio;2076653;1635001;067802;;;PRE;77B;3;Se ha realizado el mantenimiento preventivo sobre la farola: 1635001;10/06/2026;10/06/2026;0;cuad57;FINALIZADA;2,972034;-75,288101
Junio;2076650;1635002;067977;;;PRE;77B;3;Se ha realizado el mantenimiento preventivo sobre la farola: 1635002;10/06/2026;10/06/2026;0;cuad57;FINALIZADA;2,972177;-75,287962
Junio;2087846;1635042;050850;;;PRE;CARRERA;0;Se ha realizado el mantenimiento preventivo sobre la farola: 1635042;19/06/2026;19/06/2026;0;cuad54;FINALIZADA;3,024660167;-75,25300801
Junio;2085683;1635217;052120;;;PRE;45;7;Se ha realizado el mantenimiento preventivo sobre la farola: 1635217;17/06/2026;17/06/2026;0;cuad54;FINALIZADA;2,953262046;-75,29056496
Junio;2068368;1635227;041318;;;PRE;26;6A;Se ha realizado el mantenimiento preventivo sobre la farola: 1635227;01/06/2026;04/06/2026;3;cuad54;FINALIZADA;2,942437;-75,291651
Junio;2068338;1635228;041383;;;PRE;26A;6;Se ha realizado el mantenimiento preventivo sobre la farola: 1635228;01/06/2026;01/06/2026;0;cuad54;FINALIZADA;2,942647;-75,291225
Junio;2070421;1635229;054205;;;PRE;26;6;Se ha realizado el mantenimiento preventivo sobre la farola: 1635229;02/06/2026;03/06/2026;1;cuad63;FINALIZADA;2,942827105;-75,29091203
Junio;2068337;1635232;041385;;;PRE;26A;6A;Se ha realizado el mantenimiento preventivo sobre la farola: 1635232;01/06/2026;01/06/2026;0;cuad54;FINALIZADA;2,942504;-75,291461
Junio;2068336;1635235;041382;;;PRE;6A;26;Se ha realizado el mantenimiento preventivo sobre la farola: 1635235;01/06/2026;01/06/2026;0;cuad54;FINALIZADA;2,942582;-75,29127
Junio;2068334;1635237;041399;;;PRE;6;26;Se ha realizado el mantenimiento preventivo sobre la farola: 1635237;01/06/2026;01/06/2026;0;cuad54;FINALIZADA;2,942744;-75,290696
Junio;2068339;1635238;041384;;;PRE;6;26;Se ha realizado el mantenimiento preventivo sobre la farola: 1635238;01/06/2026;01/06/2026;0;cuad54;FINALIZADA;2,942843;-75,290555
Junio;2072959;1635239;068532;;;PRE;6;CL 26 CON CRA 6B;Se ha realizado el mantenimiento preventivo sobre la farola: 1635239;04/06/2026;05/06/2026;1;cuad63;FINALIZADA;2,94277649;-75,29080047
Junio;2070387;1635246;041389;;;PRE;5A;26;Se ha realizado el mantenimiento preventivo sobre la farola: 1635246;02/06/2026;03/06/2026;1;cuad63;FINALIZADA;2,942172;-75,292021
Junio;2070388;1635249;041394;;;PRE;26;5;Se ha realizado el mantenimiento preventivo sobre la farola: 1635249;02/06/2026;03/06/2026;1;cuad63;FINALIZADA;2,941883;-75,293909
Junio;2068367;1635250;041393;;;PRE;26;5;Se ha realizado el mantenimiento preventivo sobre la farola: 1635250;01/06/2026;03/06/2026;2;cuad55;FINALIZADA;2,941888;-75,293648
Junio;2076652;1640243;068776;;;PRE;78A;2;Se ha realizado el mantenimiento preventivo sobre la farola: 1640243;10/06/2026;10/06/2026;0;cuad57;FINALIZADA;2,972312;-75,28809
Junio;2076651;1640244;068787;;;PRE;78A;2;Se ha realizado el mantenimiento preventivo sobre la farola: 1640244;10/06/2026;10/06/2026;0;cuad57;FINALIZADA;2,972555;-75,287908
Junio;2076654;1640247;068701;;;PRE;79A;3;Se ha realizado el mantenimiento preventivo sobre la farola: 1640247;10/06/2026;10/06/2026;0;cuad57;FINALIZADA;2,973292;-75,287559
Junio;2076644;1640257;067930;;;PRE;79;3;Se ha realizado el mantenimiento preventivo sobre la farola: 1640257;10/06/2026;10/06/2026;0;cuad57;FINALIZADA;2,972527;-75,287774
Junio;2076655;1640258;067756;;;PRE;78B;3;Se ha realizado el mantenimiento preventivo sobre la farola: 1640258;10/06/2026;10/06/2026;0;cuad57;FINALIZADA;2,972241;-75,287892
Junio;2071429;1640282;026120;;;PRE;30;1;Se ha realizado el mantenimiento preventivo sobre la farola: 1640282;03/06/2026;04/06/2026;1;cuad55;FINALIZADA;2,946014005;-75,2979931
Junio;2071424;1640285;026116;;;PRE;32;1;Se ha realizado el mantenimiento preventivo sobre la farola: 1640285;03/06/2026;04/06/2026;1;cuad55;FINALIZADA;2,946770234;-75,29801651
Junio;2068326;1640288;020738;;;PRE;34;2;Se ha realizado el mantenimiento preventivo sobre la farola: 1640288;01/06/2026;01/06/2026;0;cuad54;FINALIZADA;2,94748834;-75,29614314
Junio;2070372;1640289;020753;;;PRE;34;2;Se ha realizado el mantenimiento preventivo sobre la farola: 1640289;02/06/2026;03/06/2026;1;cuad63;FINALIZADA;2,947779673;-75,29606349
Junio;2068369;1640291;020527;;;PRE;34;2;Se ha realizado el mantenimiento preventivo sobre la farola: 1640291;01/06/2026;01/06/2026;0;cuad55;FINALIZADA;2,948317376;-75,29590652
Junio;2070404;1640293;023588;;;PRE;29;2;Se ha realizado el mantenimiento preventivo sobre la farola: 1640293;02/06/2026;03/06/2026;1;cuad63;FINALIZADA;2,945296212;-75,29667454
Junio;2068366;1640296;020539;;;PRE;28;2;Se ha realizado el mantenimiento preventivo sobre la farola: 1640296;01/06/2026;01/06/2026;0;cuad55;FINALIZADA;2,944470722;-75,29684611
Junio;2070435;1640298;026745;;;PRE;29;1;Se ha realizado el mantenimiento preventivo sobre la farola: 1640298;02/06/2026;03/06/2026;1;cuad63;FINALIZADA;2,945440895;-75,2979421
Junio;2071428;1640303;030394;;;PRE;34;1;Se ha realizado el mantenimiento preventivo sobre la farola: 1640303;03/06/2026;04/06/2026;1;cuad55;FINALIZADA;2,948356333;-75,2980631
Junio;2071425;1640304;030395;;;PRE;34;1;Se ha realizado el mantenimiento preventivo sobre la farola: 1640304;03/06/2026;04/06/2026;1;cuad55;FINALIZADA;2,948288563;-75,29809358
Junio;2071427;1640305;026144;;;PRE;34;1;Se ha realizado el mantenimiento preventivo sobre la farola: 1640305;03/06/2026;04/06/2026;1;cuad55;FINALIZADA;2,947979976;-75,29807703
Junio;2070434;1640311;030903;;;PRE;37;2;Se ha realizado el mantenimiento preventivo sobre la farola: 1640311;02/06/2026;03/06/2026;1;cuad63;FINALIZADA;2,948934777;-75,29576693
Junio;2070424;1640313;030905;;;PRE;37;2;Se ha realizado el mantenimiento preventivo sobre la farola: 1640313;02/06/2026;03/06/2026;1;cuad63;FINALIZADA;2,949389508;-75,29564908
Junio;2071430;1640316;027080;;;PRE;27;1;Se ha realizado el mantenimiento preventivo sobre la farola: 1640316;03/06/2026;05/06/2026;2;cuad55;FINALIZADA;2,943190375;-75,29794213
Junio;2071433;1640317;027082;;;PRE;27;1;Se ha realizado el mantenimiento preventivo sobre la farola: 1640317;03/06/2026;05/06/2026;2;cuad55;FINALIZADA;2,942962047;-75,29787846
Junio;2071432;1640320;027081;;;PRE;27;1;Se ha realizado el mantenimiento preventivo sobre la farola: 1640320;03/06/2026;05/06/2026;2;cuad55;FINALIZADA;2,942026704;-75,29780109
Junio;2071434;1640321;027079;;;PRE;27;1;Se ha realizado el mantenimiento preventivo sobre la farola: 1640321;03/06/2026;05/06/2026;2;cuad55;FINALIZADA;2,943509299;-75,29787257
Junio;2071431;1640322;027031;;;PRE;27;1;Se ha realizado el mantenimiento preventivo sobre la farola: 1640322;03/06/2026;05/06/2026;2;cuad55;FINALIZADA;2,943753451;-75,29796712
Junio;2072866;1640361;028020;;;PRE;53;1A;Se ha realizado el mantenimiento preventivo sobre la farola: 1640361;04/06/2026;06/06/2026;2;cuad55;FINALIZADA;2,958127035;-75,29707001
Junio;2068353;1640368;019922;;;PRE;52;2;Se ha realizado el mantenimiento preventivo sobre la farola: 1640368;01/06/2026;01/06/2026;0;cuad55;FINALIZADA;2,955010035;-75,29422898
Junio;2068354;1640373;021378;;;PRE;55;2;Se ha realizado el mantenimiento preventivo sobre la farola: 1640373;01/06/2026;01/06/2026;0;cuad55;FINALIZADA;2,957853112;-75,29361702
Junio;2068357;1640380;061118;;;PRE;58;CANDIDO;Se ha realizado el mantenimiento preventivo sobre la farola: 1640380;01/06/2026;01/06/2026;0;cuad55;FINALIZADA;2,957621416;-75,29361036
Junio;2072936;1640514;028513;;;PRE;55;1;Se ha realizado el mantenimiento preventivo sobre la farola: 1640514;04/06/2026;05/06/2026;1;cuad63;FINALIZADA;2,958338101;-75,29706701
Junio;2072944;1640515;028019;;;PRE;55;1;Se ha realizado el mantenimiento preventivo sobre la farola: 1640515;04/06/2026;05/06/2026;1;cuad63;FINALIZADA;2,958540041;-75,29702297
Junio;2087380;1640517;028034;;;PRE;55;1;Se ha realizado el mantenimiento preventivo sobre la farola: 1640517;18/06/2026;18/06/2026;0;cuad54;FINALIZADA;2,959125047;-75,29691002
Junio;2072921;1640518;028519;;;PRE;55;1;Se ha realizado el mantenimiento preventivo sobre la farola: 1640518;04/06/2026;05/06/2026;1;cuad63;FINALIZADA;2,959473086;-75,29689904
Junio;2087386;1640519;028055;;;PRE;55;1;Se ha realizado el mantenimiento preventivo sobre la farola: 1640519;18/06/2026;18/06/2026;0;cuad54;FINALIZADA;2,959473086;-75,29689904
Junio;2072913;1640520;029304;;;PRE;55;1;Se ha realizado el mantenimiento preventivo sobre la farola: 1640520;04/06/2026;05/06/2026;1;cuad63;FINALIZADA;2,959534057;-75,29692002
Junio;2072941;1640521;028071;;;PRE;55;1;Se ha realizado el mantenimiento preventivo sobre la farola: 1640521;04/06/2026;05/06/2026;1;cuad63;FINALIZADA;2,959534057;-75,29692002
Junio;2072939;1640523;028095;;;PRE;55;1;Se ha realizado el mantenimiento preventivo sobre la farola: 1640523;04/06/2026;05/06/2026;1;cuad63;FINALIZADA;2,959737113;-75,29676296
Junio;2072932;1640524;028054;;;PRE;56A;1;Se ha realizado el mantenimiento preventivo sobre la farola: 1640524;04/06/2026;05/06/2026;1;cuad63;FINALIZADA;2,960004082;-75,29678697
Junio;2071497;1640549;028047;;;PRE;51A;1;Se ha realizado el mantenimiento preventivo sobre la farola: 1640549;03/06/2026;04/06/2026;1;cuad63;FINALIZADA;2,956753105;-75,29729299
Junio;2071498;1640551;028066;;;PRE;51A;1;Se ha realizado el mantenimiento preventivo sobre la farola: 1640551;03/06/2026;04/06/2026;1;cuad63;FINALIZADA;2,956491088;-75,29735897
Junio;2088704;1640555;068782;;;PRE;48;1;Se ha realizado el mantenimiento preventivo sobre la farola: 1640555;19/06/2026;19/06/2026;0;cuad54;FINALIZADA;2,956228088;-75,29737501
Junio;2075395;1640561;001105;;;PRE;48;1;Se ha realizado el mantenimiento preventivo sobre la farola: 1640561;09/06/2026;10/06/2026;1;cuad54;FINALIZADA;2,955230073;-75,29754796
Junio;2071496;1640566;028021;;;PRE;45;1;Se ha realizado el mantenimiento preventivo sobre la farola: 1640566;03/06/2026;04/06/2026;1;cuad63;FINALIZADA;2,954632115;-75,297715
Junio;2071494;1640567;028040;;;PRE;45;1;Se ha realizado el mantenimiento preventivo sobre la farola: 1640567;03/06/2026;04/06/2026;1;cuad63;FINALIZADA;2,954632115;-75,297715
Junio;2074796;1640594;069509;;;PRE;34;26;Se ha realizado el mantenimiento preventivo sobre la farola: 1640594;06/06/2026;06/06/2026;0;cuad55;FINALIZADA;2,947001;-75,288309
Junio;2074778;1640595;069256;;;PRE;34;26;Se ha realizado el mantenimiento preventivo sobre la farola: 1640595;06/06/2026;06/06/2026;0;cuad55;FINALIZADA;2,947001;-75,288309
Junio;2074801;1640611;069212;;;PRE;37;26;Se ha realizado el mantenimiento preventivo sobre la farola: 1640611;06/06/2026;06/06/2026;0;cuad55;FINALIZADA;2,948918;-75,288597
Junio;2074775;1640613;069207;;;PRE;37;26;Se ha realizado el mantenimiento preventivo sobre la farola: 1640613;06/06/2026;06/06/2026;0;cuad55;FINALIZADA;2,949169;-75,288704
Junio;2074804;1640614;069227;;;PRE;37;26;Se ha realizado el mantenimiento preventivo sobre la farola: 1640614;06/06/2026;06/06/2026;0;cuad55;FINALIZADA;2,949169;-75,288704
Junio;2074800;1640615;069513;;;PRE;37;26;Se ha realizado el mantenimiento preventivo sobre la farola: 1640615;06/06/2026;06/06/2026;0;cuad55;FINALIZADA;2,948652;-75,28859
Junio;2074769;1640617;069516;;;PRE;37;26;Se ha realizado el mantenimiento preventivo sobre la farola: 1640617;06/06/2026;06/06/2026;0;cuad55;FINALIZADA;2,948088;-75,288444
Junio;2074802;1640618;069272;;;PRE;37;26;Se ha realizado el mantenimiento preventivo sobre la farola: 1640618;06/06/2026;06/06/2026;0;cuad55;FINALIZADA;2,948088;-75,288444
Junio;2074786;1640619;069255;;;PRE;35;26;Se ha realizado el mantenimiento preventivo sobre la farola: 1640619;06/06/2026;06/06/2026;0;cuad55;FINALIZADA;2,947835;-75,288385
Junio;2074792;1640620;069260;;;PRE;35;26;Se ha realizado el mantenimiento preventivo sobre la farola: 1640620;06/06/2026;06/06/2026;0;cuad55;FINALIZADA;2,947835;-75,288385
Junio;2074794;1640621;069550;;;PRE;35;26;Se ha realizado el mantenimiento preventivo sobre la farola: 1640621;06/06/2026;06/06/2026;0;cuad55;FINALIZADA;2,94757;-75,288325
Junio;2074797;1640622;069261;;;PRE;35;26;Se ha realizado el mantenimiento preventivo sobre la farola: 1640622;06/06/2026;06/06/2026;0;cuad55;FINALIZADA;2,94757;-75,288325
Junio;2074790;1640623;069512;;;PRE;35;26;Se ha realizado el mantenimiento preventivo sobre la farola: 1640623;06/06/2026;06/06/2026;0;cuad55;FINALIZADA;2,947296;-75,288295
Junio;2074783;1640624;069259;;;PRE;35;26;Se ha realizado el mantenimiento preventivo sobre la farola: 1640624;06/06/2026;06/06/2026;0;cuad55;FINALIZADA;2,947296;-75,288295
Junio;2074803;1640644;069220;;;PRE;41;26;Se ha realizado el mantenimiento preventivo sobre la farola: 1640644;06/06/2026;06/06/2026;0;cuad55;FINALIZADA;2,950303;-75,289481
Junio;2074772;1640645;069233;;;PRE;41;26;Se ha realizado el mantenimiento preventivo sobre la farola: 1640645;06/06/2026;06/06/2026;0;cuad55;FINALIZADA;2,950303;-75,289481
Junio;2074762;1640711;068537;;;PRE;6B;CL 26 CON CRA 6B;Se ha realizado el mantenimiento preventivo sobre la farola: 1640711;06/06/2026;06/06/2026;0;cuad55;FINALIZADA;2,94265097;-75,29101718
Junio;2072960;1640715;068528;;;PRE;6A;CL 26 CON CRA 6B;Se ha realizado el mantenimiento preventivo sobre la farola: 1640715;04/06/2026;05/06/2026;1;cuad63;FINALIZADA;2,94245005;-75,29149909
Junio;2072964;1640719;068533;;;PRE;27;CL 26 CON CRA 6B;Se ha realizado el mantenimiento preventivo sobre la farola: 1640719;04/06/2026;05/06/2026;1;cuad63;FINALIZADA;2,94307542;-75,29035556
Junio;2074788;1640721;068529;;;PRE;5A;26;Se ha realizado el mantenimiento preventivo sobre la farola: 1640721;06/06/2026;06/06/2026;0;cuad55;FINALIZADA;2,942041;-75,293283
Junio;2075403;1640722;068584;;;PRE;5A;26;Se ha realizado el mantenimiento preventivo sobre la farola: 1640722;09/06/2026;10/06/2026;1;cuad54;FINALIZADA;2,942041;-75,293283
Junio;2075401;1640723;068579;;;PRE;5A;26;Se ha realizado el mantenimiento preventivo sobre la farola: 1640723;09/06/2026;10/06/2026;1;cuad54;FINALIZADA;2,942005;-75,293526
Junio;2075402;1640724;068580;;;PRE;5A;26;Se ha realizado el mantenimiento preventivo sobre la farola: 1640724;09/06/2026;10/06/2026;1;cuad54;FINALIZADA;2,942005;-75,293526
Junio;2074807;1640725;069566;;;PRE;5A;26;Se ha realizado el mantenimiento preventivo sobre la farola: 1640725;06/06/2026;06/06/2026;0;cuad55;FINALIZADA;2,942067;-75,292968
Junio;2074805;1640726;069553;;;PRE;5A;26;Se ha realizado el mantenimiento preventivo sobre la farola: 1640726;06/06/2026;06/06/2026;0;cuad55;FINALIZADA;2,942067;-75,292968
Junio;2074813;1640727;068530;;;PRE;5A;26;Se ha realizado el mantenimiento preventivo sobre la farola: 1640727;06/06/2026;09/06/2026;3;cuad55;FINALIZADA;2,942089;-75,292695
Junio;2074810;1640728;068587;;;PRE;5A;26;Se ha realizado el mantenimiento preventivo sobre la farola: 1640728;06/06/2026;09/06/2026;3;cuad55;FINALIZADA;2,942089;-75,292695
Junio;2075397;1640729;068520;;;PRE;5A;26;Se ha realizado el mantenimiento preventivo sobre la farola: 1640729;09/06/2026;10/06/2026;1;cuad54;FINALIZADA;2,942152;-75,292423
Junio;2075398;1640730;068522;;;PRE;5A;26;Se ha realizado el mantenimiento preventivo sobre la farola: 1640730;09/06/2026;10/06/2026;1;cuad54;FINALIZADA;2,942152;-75,292423
Junio;2075399;1640731;068525;;;PRE;5A;26;Se ha realizado el mantenimiento preventivo sobre la farola: 1640731;09/06/2026;10/06/2026;1;cuad54;FINALIZADA;2,942216;-75,292132
Junio;2075400;1640732;068527;;;PRE;5A;26;Se ha realizado el mantenimiento preventivo sobre la farola: 1640732;09/06/2026;10/06/2026;1;cuad54;FINALIZADA;2,942216;-75,292132
Junio;2071422;1640733;036042;;;PRE;26;5;Se ha realizado el mantenimiento preventivo sobre la farola: 1640733;03/06/2026;04/06/2026;1;cuad55;FINALIZADA;2,941761;-75,294102
Junio;2076579;1641063;036046;;;PRE;23;1H;Se ha realizado el mantenimiento preventivo sobre la farola: 1641063;10/06/2026;10/06/2026;0;cuad57;FINALIZADA;2,937659114;-75,29573904
Junio;2087757;1641574;025489;;;PRE;CARRERA;36;Se ha realizado el mantenimiento preventivo sobre la farola: 1641574;19/06/2026;19/06/2026;0;cuad54;FINALIZADA;2,942542084;-75,26316503
Junio;2076603;1642054;062946;;;PRE;9;8;Se ha realizado el mantenimiento preventivo sobre la farola: 1642054;10/06/2026;10/06/2026;0;cuad57;FINALIZADA;2,929581088;-75,286382
Junio;2076596;1642058;069532;;;PRE;9;8;Se ha realizado el mantenimiento preventivo sobre la farola: 1642058;10/06/2026;10/06/2026;0;cuad57;FINALIZADA;2,929506062;-75,28683801
Junio;2087748;1642154;024770;;;PRE;11;23B;Se ha realizado el mantenimiento preventivo sobre la farola: 1642154;19/06/2026;19/06/2026;0;cuad54;FINALIZADA;2,935224067;-75,274059
Junio;2076634;1643103;067633;;;PRE;CARRERA;CALLE;Se ha realizado el mantenimiento preventivo sobre la farola: 1643103;10/06/2026;10/06/2026;0;cuad57;FINALIZADA;2,984001;-75,279885
Junio;2088633;1643445;030189;;;PRE;55;1;Se ha realizado el mantenimiento preventivo sobre la farola: 1643445;19/06/2026;19/06/2026;0;cuad54;FINALIZADA;2,958540041;-75,29702297
Junio;2072943;1643446;030181;;;PRE;55;1;Se ha realizado el mantenimiento preventivo sobre la farola: 1643446;04/06/2026;05/06/2026;1;cuad63;FINALIZADA;2,958837073;-75,29694404
Junio;2087377;1643447;028069;;;PRE;55;1;Se ha realizado el mantenimiento preventivo sobre la farola: 1643447;18/06/2026;18/06/2026;0;cuad54;FINALIZADA;2,959125047;-75,29691002
Junio;2074767;1643448;069519;;;PRE;26;7;Se ha realizado el mantenimiento preventivo sobre la farola: 1643448;06/06/2026;09/06/2026;3;cuad55;FINALIZADA;2,943405;-75,289945
Junio;2072952;1643449;069540;;;PRE;26;7;Se ha realizado el mantenimiento preventivo sobre la farola: 1643449;04/06/2026;05/06/2026;1;cuad63;FINALIZADA;2,943405;-75,289945
Junio;2087764;1644055;025437;;;PRE;19;35;Se ha realizado el mantenimiento preventivo sobre la farola: 1644055;19/06/2026;19/06/2026;0;cuad54;FINALIZADA;2,94113;-75,263527
Junio;2087765;1644056;025403;;;PRE;19;35;Se ha realizado el mantenimiento preventivo sobre la farola: 1644056;19/06/2026;19/06/2026;0;cuad54;FINALIZADA;2,94113;-75,263527
Junio;2076593;1644303;038874;;;PRE;CARRERA;CIRCUMVALAR;Se ha realizado el mantenimiento preventivo sobre la farola: 1644303;10/06/2026;10/06/2026;0;cuad57;FINALIZADA;2,929948063;-75,29664602
Junio;2087848;1646042;068440;;;PRE;CARRERA;0;Se ha realizado el mantenimiento preventivo sobre la farola: 1646042;19/06/2026;19/06/2026;0;cuad54;FINALIZADA;3,024609;-75,253009
Junio;2087849;1646045;068445;;;PRE;CARRERA;0;Se ha realizado el mantenimiento preventivo sobre la farola: 1646045;19/06/2026;19/06/2026;0;cuad54;FINALIZADA;3,025375;-75,25271
Junio;2087844;1646060;067929;;;PRE;CARRERA;CALLE;Se ha realizado el mantenimiento preventivo sobre la farola: 1646060;19/06/2026;19/06/2026;0;cuad54;FINALIZADA;3,017201;-75,25614
Junio;2070412;1646151;020587;;;PRE;34;26;Se ha realizado el mantenimiento preventivo sobre la farola: 1646151;02/06/2026;03/06/2026;1;cuad63;FINALIZADA;2,947316083;-75,28826297
Junio;2072950;1646160;069527;;;PRE;28;26;Se ha realizado el mantenimiento preventivo sobre la farola: 1646160;04/06/2026;05/06/2026;1;cuad63;FINALIZADA;2,94407;-75,289346
Junio;2072963;1646161;069539;;;PRE;28;26;Se ha realizado el mantenimiento preventivo sobre la farola: 1646161;04/06/2026;05/06/2026;1;cuad63;FINALIZADA;2,94407;-75,289346
Junio;2072978;1646162;069524;;;PRE;28;26;Se ha realizado el mantenimiento preventivo sobre la farola: 1646162;04/06/2026;05/06/2026;1;cuad63;FINALIZADA;2,944301;-75,289161
Junio;2072953;1646163;069548;;;PRE;28;26;Se ha realizado el mantenimiento preventivo sobre la farola: 1646163;04/06/2026;05/06/2026;1;cuad63;FINALIZADA;2,944301;-75,289161
Junio;2072955;1646164;069520;;;PRE;28;26;Se ha realizado el mantenimiento preventivo sobre la farola: 1646164;04/06/2026;05/06/2026;1;cuad63;FINALIZADA;2,943908;-75,289482
Junio;2072965;1646165;069525;;;PRE;28;26;Se ha realizado el mantenimiento preventivo sobre la farola: 1646165;04/06/2026;05/06/2026;1;cuad63;FINALIZADA;2,943908;-75,289482
Junio;2072967;1646166;069529;;;PRE;28;26;Se ha realizado el mantenimiento preventivo sobre la farola: 1646166;04/06/2026;05/06/2026;1;cuad63;FINALIZADA;2,943654;-75,289709
Junio;2074763;1646167;069542;;;PRE;28;26;Se ha realizado el mantenimiento preventivo sobre la farola: 1646167;06/06/2026;09/06/2026;3;cuad55;FINALIZADA;2,943654;-75,289709
Junio;2074780;1646171;069549;;;PRE;37;26;Se ha realizado el mantenimiento preventivo sobre la farola: 1646171;06/06/2026;09/06/2026;3;cuad55;FINALIZADA;2,948652;-75,28859
Junio;2072904;1646761;028032;;;PRE;CARRERA;CALLE;Se ha realizado el mantenimiento preventivo sobre la farola: 1646761;04/06/2026;05/06/2026;1;cuad63;FINALIZADA;2,958082089;-75,29700503
Junio;2076656;1649166;067975;;;PRE;79A;3;Se ha realizado el mantenimiento preventivo sobre la farola: 1649166;10/06/2026;10/06/2026;0;cuad57;FINALIZADA;2,972766;-75,287665
Junio;2070440;1649811;036233;;;PRE;26;CALLE;Se ha realizado el mantenimiento preventivo sobre la farola: 1649811;02/06/2026;03/06/2026;1;cuad63;FINALIZADA;2,9410155;-75,29832289
Junio;2074768;1649817;040011;;;PRE;26;CALLE;Se ha realizado el mantenimiento preventivo sobre la farola: 1649817;06/06/2026;09/06/2026;3;cuad55;FINALIZADA;2,94112264;-75,29840268
Junio;2072962;1649818;040012;;;PRE;26;CALLE;Se ha realizado el mantenimiento preventivo sobre la farola: 1649818;04/06/2026;05/06/2026;1;cuad63;FINALIZADA;2,94112264;-75,29840268
Junio;2070438;1649839;036153;;;PRE;26;CALLE;Se ha realizado el mantenimiento preventivo sobre la farola: 1649839;02/06/2026;03/06/2026;1;cuad63;FINALIZADA;2,94139922;-75,29792625
Junio;2070439;1649842;036243;;;PRE;26;1;Se ha realizado el mantenimiento preventivo sobre la farola: 1649842;02/06/2026;03/06/2026;1;cuad63;FINALIZADA;2,94135636;-75,29785015
Junio;2070448;1649846;036160;;;PRE;26;CALLE;Se ha realizado el mantenimiento preventivo sobre la farola: 1649846;02/06/2026;03/06/2026;1;cuad63;FINALIZADA;2,94104161;-75,29801141
Junio;2070445;1649990;036158;;;PRE;26;CALLE;Se ha realizado el mantenimiento preventivo sobre la farola: 1649990;02/06/2026;03/06/2026;1;cuad63;FINALIZADA;2,94107945;-75,2975256
Junio;2070441;1649994;027456;;;PRE;26;CALLE;Se ha realizado el mantenimiento preventivo sobre la farola: 1649994;02/06/2026;03/06/2026;1;cuad63;FINALIZADA;2,94191045;-75,29782044
Junio;2068362;1652250;021604;;;PRE;57;2;Se ha realizado el mantenimiento preventivo sobre la farola: 1652250;01/06/2026;01/06/2026;0;cuad55;FINALIZADA;2,959314098;-75,29329904
Junio;2070410;1652281;019466;;;PRE;52;1D;Se ha realizado el mantenimiento preventivo sobre la farola: 1652281;02/06/2026;03/06/2026;1;cuad63;FINALIZADA;2,95657309;-75,29384003
Junio;2068328;1652383;019392;;;PRE;31;6W;Se ha realizado el mantenimiento preventivo sobre la farola: 1652383;01/06/2026;04/06/2026;3;cuad54;FINALIZADA;2,946237032;-75,30193402
Junio;2068315;1652384;020757;;;PRE;32;6W;Se ha realizado el mantenimiento preventivo sobre la farola: 1652384;01/06/2026;04/06/2026;3;cuad54;FINALIZADA;2,946731079;-75,30195899
Junio;2068342;1652385;019607;;;PRE;36;6W;Se ha realizado el mantenimiento preventivo sobre la farola: 1652385;01/06/2026;03/06/2026;2;cuad55;FINALIZADA;2,948190075;-75,301979
Junio;2068341;1652409;035053;;;PRE;40;6W;Se ha realizado el mantenimiento preventivo sobre la farola: 1652409;01/06/2026;03/06/2026;2;cuad55;FINALIZADA;2,950345052;-75,30200199
Junio;2068351;1652410;041488;;;PRE;42A;6W;Se ha realizado el mantenimiento preventivo sobre la farola: 1652410;01/06/2026;03/06/2026;2;cuad55;FINALIZADA;2,951619117;-75,302061
Junio;2068355;1652412;035747;;;PRE;42;6W;Se ha realizado el mantenimiento preventivo sobre la farola: 1652412;01/06/2026;03/06/2026;2;cuad55;FINALIZADA;2,951353049;-75,30205202
Junio;2071495;1652628;028037;;;PRE;51A;1;Se ha realizado el mantenimiento preventivo sobre la farola: 1652628;03/06/2026;04/06/2026;1;cuad63;FINALIZADA;2,956753105;-75,29729299
Junio;2087745;1653623;024132;;;PRE;12;24;Se ha realizado el mantenimiento preventivo sobre la farola: 1653623;19/06/2026;19/06/2026;0;cuad54;FINALIZADA;2,935507105;-75,27238699
Junio;2087746;1653675;024569;;;PRE;12;20;Se ha realizado el mantenimiento preventivo sobre la farola: 1653675;19/06/2026;19/06/2026;0;cuad54;FINALIZADA;2,934302083;-75,277378
Junio;2087747;1653677;023492;;;PRE;12;19;Se ha realizado el mantenimiento preventivo sobre la farola: 1653677;19/06/2026;19/06/2026;0;cuad54;FINALIZADA;2,93411706;-75,277789
Junio;2076639;1655130;068778;;;PRE;77;COMBEIMA;Se ha realizado el mantenimiento preventivo sobre la farola: 1655130;10/06/2026;10/06/2026;0;cuad57;FINALIZADA;2,971283;-75,288946
Junio;2087387;1655298;012574;;;PRE;80;1;Se ha realizado el mantenimiento preventivo sobre la farola: 1655298;18/06/2026;18/06/2026;0;cuad54;FINALIZADA;2,973679081;-75,28900803
Junio;2087393;1655420;011969;;;PRE;80;2;Se ha realizado el mantenimiento preventivo sobre la farola: 1655420;18/06/2026;18/06/2026;0;cuad54;FINALIZADA;2,973668117;-75,28838298
Junio;2087392;1655421;011984;;;PRE;80;2;Se ha realizado el mantenimiento preventivo sobre la farola: 1655421;18/06/2026;18/06/2026;0;cuad54;FINALIZADA;2,97372008;-75,28860301
Junio;2087390;1655422;012561;;;PRE;80;2;Se ha realizado el mantenimiento preventivo sobre la farola: 1655422;18/06/2026;18/06/2026;0;cuad54;FINALIZADA;2,973731058;-75,28882897
Junio;2076632;1655823;068421;;;PRE;5;2;Se ha realizado el mantenimiento preventivo sobre la farola: 1655823;10/06/2026;10/06/2026;0;cuad57;FINALIZADA;3,03819;-75,250484
Junio;2068325;1656562;020747;;;PRE;32;2;Se ha realizado el mantenimiento preventivo sobre la farola: 1656562;01/06/2026;01/06/2026;0;cuad54;FINALIZADA;2,946657227;-75,29636833
Junio;2068322;1656583;020746;;;PRE;29;2;Se ha realizado el mantenimiento preventivo sobre la farola: 1656583;01/06/2026;01/06/2026;0;cuad54;FINALIZADA;2,945578755;-75,29664897
Junio;2068321;1656587;020760;;;PRE;31;1;Se ha realizado el mantenimiento preventivo sobre la farola: 1656587;01/06/2026;01/06/2026;0;cuad54;FINALIZADA;2,946273621;-75,29642402
Junio;2072854;1656611;029305;;;PRE;36;1C;Se ha realizado el mantenimiento preventivo sobre la farola: 1656611;04/06/2026;05/06/2026;1;cuad55;FINALIZADA;2,94944248;-75,29560608
Junio;2071499;1656612;030180;;;PRE;37;1C;Se ha realizado el mantenimiento preventivo sobre la farola: 1656612;03/06/2026;04/06/2026;1;cuad63;FINALIZADA;2,94944248;-75,29560608
Junio;2070433;1656635;030911;;;PRE;39;2;Se ha realizado el mantenimiento preventivo sobre la farola: 1656635;02/06/2026;03/06/2026;1;cuad63;FINALIZADA;2,949948469;-75,29549833
Junio;2070430;1656636;054385;;;PRE;40;2;Se ha realizado el mantenimiento preventivo sobre la farola: 1656636;02/06/2026;03/06/2026;1;cuad63;FINALIZADA;2,950232561;-75,29543325
Junio;2068331;1656637;019588;;;PRE;40;2;Se ha realizado el mantenimiento preventivo sobre la farola: 1656637;01/06/2026;01/06/2026;0;cuad54;FINALIZADA;2,950617982;-75,29535489
Junio;2068333;1656639;019482;;;PRE;40;2;Se ha realizado el mantenimiento preventivo sobre la farola: 1656639;01/06/2026;01/06/2026;0;cuad54;FINALIZADA;2,951185366;-75,29516958
Junio;2068329;1656743;019235;;;PRE;32;5W;Se ha realizado el mantenimiento preventivo sobre la farola: 1656743;01/06/2026;04/06/2026;3;cuad54;FINALIZADA;2,946581405;-75,3017644
Junio;2068314;1657058;005483;;;PRE;57;1;Se ha realizado el mantenimiento preventivo sobre la farola: 1657058;01/06/2026;01/06/2026;0;cuad54;FINALIZADA;2,960376056;-75,29658703
Junio;2072847;1657061;005407;;;PRE;56A;1;Se ha realizado el mantenimiento preventivo sobre la farola: 1657061;04/06/2026;05/06/2026;1;cuad55;FINALIZADA;2,960031074;-75,29666703
Junio;2068311;1657065;005405;;;PRE;56;1A;Se ha realizado el mantenimiento preventivo sobre la farola: 1657065;01/06/2026;01/06/2026;0;cuad54;FINALIZADA;2,959739053;-75,29661404
Junio;2068363;1657153;021608;;;PRE;58;1E;Se ha realizado el mantenimiento preventivo sobre la farola: 1657153;01/06/2026;01/06/2026;0;cuad55;FINALIZADA;2,959848089;-75,29315097
Junio;2068365;1657164;021606;;;PRE;56;2;Se ha realizado el mantenimiento preventivo sobre la farola: 1657164;01/06/2026;01/06/2026;0;cuad55;FINALIZADA;2,958501108;-75,293415
Junio;2072942;1657231;028023;;;PRE;53;1;Se ha realizado el mantenimiento preventivo sobre la farola: 1657231;04/06/2026;05/06/2026;1;cuad63;FINALIZADA;2,958001119;-75,29700402
Junio;2070405;1657244;020394;;;PRE;47;2;Se ha realizado el mantenimiento preventivo sobre la farola: 1657244;02/06/2026;03/06/2026;1;cuad63;FINALIZADA;2,95390804;-75,29451296
Junio;2070409;1657245;019947;;;PRE;47;2;Se ha realizado el mantenimiento preventivo sobre la farola: 1657245;02/06/2026;03/06/2026;1;cuad63;FINALIZADA;2,954207056;-75,29446102
Junio;2070416;1657247;020396;;;PRE;47;2;Se ha realizado el mantenimiento preventivo sobre la farola: 1657247;02/06/2026;03/06/2026;1;cuad63;FINALIZADA;2,95486869;-75,29430441
Junio;2068352;1657285;019923;;;PRE;52;2;Se ha realizado el mantenimiento preventivo sobre la farola: 1657285;01/06/2026;01/06/2026;0;cuad55;FINALIZADA;2,955941118;-75,29399797
Junio;2068348;1657287;020377;;;PRE;52;2;Se ha realizado el mantenimiento preventivo sobre la farola: 1657287;01/06/2026;01/06/2026;0;cuad55;FINALIZADA;2,955653039;-75,29408896
Junio;2068349;1657288;019157;;;PRE;52;2;Se ha realizado el mantenimiento preventivo sobre la farola: 1657288;01/06/2026;01/06/2026;0;cuad55;FINALIZADA;2,955340089;-75,29414898
Junio;2068360;1657327;021371;;;PRE;52;CANDIDO;Se ha realizado el mantenimiento preventivo sobre la farola: 1657327;01/06/2026;01/06/2026;0;cuad55;FINALIZADA;2,957296774;-75,29368558
Junio;2068361;1657329;021326;;;PRE;52;CANDIDO;Se ha realizado el mantenimiento preventivo sobre la farola: 1657329;01/06/2026;01/06/2026;0;cuad55;FINALIZADA;2,956777119;-75,29376396
Junio;2085710;1657360;039233;;;PRE;48;18;Se ha realizado el mantenimiento preventivo sobre la farola: 1657360;17/06/2026;17/06/2026;0;cuad54;FINALIZADA;2,95552104;-75,28477698
Junio;2071110;1657762;029209;;;PRE;31;2;Se ha realizado el mantenimiento preventivo sobre la farola: 1657762;03/06/2026;04/06/2026;1;cuad55;FINALIZADA;2,94632331;-75,29639631
Junio;2072850;1657764;028517;;;PRE;32;2;Se ha realizado el mantenimiento preventivo sobre la farola: 1657764;04/06/2026;05/06/2026;1;cuad55;FINALIZADA;2,94658588;-75,29633043
Junio;2072863;1657765;029224;;;PRE;32;2;Se ha realizado el mantenimiento preventivo sobre la farola: 1657765;04/06/2026;05/06/2026;1;cuad55;FINALIZADA;2,94658588;-75,29633043
Junio;2072852;1657766;028521;;;PRE;33;2;Se ha realizado el mantenimiento preventivo sobre la farola: 1657766;04/06/2026;05/06/2026;1;cuad55;FINALIZADA;2,94684488;-75,29626333
Junio;2072853;1657767;028527;;;PRE;33;2;Se ha realizado el mantenimiento preventivo sobre la farola: 1657767;04/06/2026;05/06/2026;1;cuad55;FINALIZADA;2,94684488;-75,29626333
Junio;2071404;1657768;028523;;;PRE;33;2;Se ha realizado el mantenimiento preventivo sobre la farola: 1657768;03/06/2026;05/06/2026;2;cuad55;FINALIZADA;2,94710455;-75,29619877
Junio;2072927;1657769;028529;;;PRE;33;2;Se ha realizado el mantenimiento preventivo sobre la farola: 1657769;04/06/2026;05/06/2026;1;cuad63;FINALIZADA;2,94710455;-75,29619877
Junio;2071489;1657772;037003;;;PRE;34;2;Se ha realizado el mantenimiento preventivo sobre la farola: 1657772;03/06/2026;04/06/2026;1;cuad63;FINALIZADA;2,94761008;-75,29607015
Junio;2071385;1657773;037087;;;PRE;34;2;Se ha realizado el mantenimiento preventivo sobre la farola: 1657773;03/06/2026;05/06/2026;2;cuad55;FINALIZADA;2,94761008;-75,29607015
Junio;2071435;1657774;037100;;;PRE;34;2;Se ha realizado el mantenimiento preventivo sobre la farola: 1657774;03/06/2026;04/06/2026;1;cuad55;FINALIZADA;2,94787857;-75,2960016
Junio;2071406;1657776;037004;;;PRE;34;2;Se ha realizado el mantenimiento preventivo sobre la farola: 1657776;03/06/2026;04/06/2026;1;cuad55;FINALIZADA;2,94839043;-75,29587385
Junio;2071089;1657777;037090;;;PRE;34;2;Se ha realizado el mantenimiento preventivo sobre la farola: 1657777;03/06/2026;04/06/2026;1;cuad55;FINALIZADA;2,94839043;-75,29587385
Junio;2071493;1657778;037016;;;PRE;34;2;Se ha realizado el mantenimiento preventivo sobre la farola: 1657778;03/06/2026;04/06/2026;1;cuad63;FINALIZADA;2,9481395;-75,29593504
Junio;2071114;1657779;037096;;;PRE;34;2;Se ha realizado el mantenimiento preventivo sobre la farola: 1657779;02/06/2026;04/06/2026;2;cuad55;FINALIZADA;2,9481395;-75,29593504
Junio;2071437;1657782;037018;;;PRE;37;2;Se ha realizado el mantenimiento preventivo sobre la farola: 1657782;03/06/2026;04/06/2026;1;cuad55;FINALIZADA;2,94864836;-75,29580824
Junio;2071505;1657784;030159;;;PRE;38;2;Se ha realizado el mantenimiento preventivo sobre la farola: 1657784;03/06/2026;04/06/2026;1;cuad63;FINALIZADA;2,94892203;-75,29573792
Junio;2072858;1657785;030161;;;PRE;38;2;Se ha realizado el mantenimiento preventivo sobre la farola: 1657785;04/06/2026;05/06/2026;1;cuad55;FINALIZADA;2,94892203;-75,29573792
Junio;2072860;1657787;030194;;;PRE;38;2;Se ha realizado el mantenimiento preventivo sobre la farola: 1657787;04/06/2026;05/06/2026;1;cuad55;FINALIZADA;2,94917981;-75,29567379
Junio;2071502;1657789;030198;;;PRE;39;2;Se ha realizado el mantenimiento preventivo sobre la farola: 1657789;03/06/2026;04/06/2026;1;cuad63;FINALIZADA;2,94970596;-75,29553848
Junio;2071508;1657790;030175;;;PRE;39;2;Se ha realizado el mantenimiento preventivo sobre la farola: 1657790;03/06/2026;04/06/2026;1;cuad63;FINALIZADA;2,9499836;-75,29546974
Junio;2071509;1657792;030162;;;PRE;40;2;Se ha realizado el mantenimiento preventivo sobre la farola: 1657792;03/06/2026;04/06/2026;1;cuad63;FINALIZADA;2,95023195;-75,2954062
Junio;2072859;1657793;030173;;;PRE;40;2;Se ha realizado el mantenimiento preventivo sobre la farola: 1657793;04/06/2026;05/06/2026;1;cuad55;FINALIZADA;2,95023195;-75,2954062
Junio;2072856;1657807;030151;;;PRE;43;2;Se ha realizado el mantenimiento preventivo sobre la farola: 1657807;04/06/2026;05/06/2026;1;cuad55;FINALIZADA;2,95206748;-75,29494442
Junio;2071526;1657819;029357;;;PRE;47;2;Se ha realizado el mantenimiento preventivo sobre la farola: 1657819;03/06/2026;04/06/2026;1;cuad63;FINALIZADA;2,95419015;-75,29440998
Junio;2071523;1657822;029355;;;PRE;47;2;Se ha realizado el mantenimiento preventivo sobre la farola: 1657822;03/06/2026;04/06/2026;1;cuad63;FINALIZADA;2,95392704;-75,29447602
Junio;2071533;1657825;029367;;;PRE;47;2;Se ha realizado el mantenimiento preventivo sobre la farola: 1657825;03/06/2026;04/06/2026;1;cuad63;FINALIZADA;2,95445691;-75,29434022
Junio;2071522;1657829;029373;;;PRE;49;2;Se ha realizado el mantenimiento preventivo sobre la farola: 1657829;03/06/2026;04/06/2026;1;cuad63;FINALIZADA;2,9549757;-75,29421027
Junio;2071534;1657830;029358;;;PRE;49;2;Se ha realizado el mantenimiento preventivo sobre la farola: 1657830;03/06/2026;04/06/2026;1;cuad63;FINALIZADA;2,95526048;-75,29413719
Junio;2071511;1657831;029361;;;PRE;49;2;Se ha realizado el mantenimiento preventivo sobre la farola: 1657831;03/06/2026;04/06/2026;1;cuad63;FINALIZADA;2,95526048;-75,29413719
Junio;2071512;1657832;029362;;;PRE;49;2;Se ha realizado el mantenimiento preventivo sobre la farola: 1657832;03/06/2026;04/06/2026;1;cuad63;FINALIZADA;2,95550756;-75,29407448
Junio;2071503;1657833;029369;;;PRE;49;2;Se ha realizado el mantenimiento preventivo sobre la farola: 1657833;03/06/2026;04/06/2026;1;cuad63;FINALIZADA;2,95550756;-75,29407448
Junio;2071518;1657838;029335;;;PRE;52;2;Se ha realizado el mantenimiento preventivo sobre la farola: 1657838;03/06/2026;04/06/2026;1;cuad63;FINALIZADA;2,95630012;-75,29387361
Junio;2071514;1657841;029370;;;PRE;52;2;Se ha realizado el mantenimiento preventivo sobre la farola: 1657841;03/06/2026;04/06/2026;1;cuad63;FINALIZADA;2,9565605;-75,2938082
Junio;2071535;1657843;029376;;;PRE;52;2;Se ha realizado el mantenimiento preventivo sobre la farola: 1657843;03/06/2026;04/06/2026;1;cuad63;FINALIZADA;2,95680136;-75,29374738
Junio;2071520;1657844;029325;;;PRE;52;2;Se ha realizado el mantenimiento preventivo sobre la farola: 1657844;03/06/2026;04/06/2026;1;cuad63;FINALIZADA;2,95707814;-75,2936769
Junio;2072855;1657845;029326;;;PRE;52;2;Se ha realizado el mantenimiento preventivo sobre la farola: 1657845;04/06/2026;05/06/2026;1;cuad55;FINALIZADA;2,95707814;-75,2936769
Junio;2071515;1657846;029322;;;PRE;52;2;Se ha realizado el mantenimiento preventivo sobre la farola: 1657846;03/06/2026;04/06/2026;1;cuad63;FINALIZADA;2,95735259;-75,29360475
Junio;2071536;1657847;029330;;;PRE;52;2;Se ha realizado el mantenimiento preventivo sobre la farola: 1657847;03/06/2026;04/06/2026;1;cuad63;FINALIZADA;2,95735259;-75,29360475
Junio;2071468;1657862;037526;;;PRE;57;2;Se ha realizado el mantenimiento preventivo sobre la farola: 1657862;03/06/2026;04/06/2026;1;cuad63;FINALIZADA;2,95921756;-75,29319327
Junio;2071483;1657864;037537;;;PRE;57;2;Se ha realizado el mantenimiento preventivo sobre la farola: 1657864;03/06/2026;04/06/2026;1;cuad63;FINALIZADA;2,95949209;-75,29313606
Junio;2071414;1657865;036796;;;PRE;57;2;Se ha realizado el mantenimiento preventivo sobre la farola: 1657865;03/06/2026;04/06/2026;1;cuad55;FINALIZADA;2,95949209;-75,29313606
Junio;2071412;1657866;037527;;;PRE;57;2;Se ha realizado el mantenimiento preventivo sobre la farola: 1657866;03/06/2026;04/06/2026;1;cuad55;FINALIZADA;2,95989293;-75,29305226
Junio;2071401;1657867;037547;;;PRE;57;2;Se ha realizado el mantenimiento preventivo sobre la farola: 1657867;03/06/2026;04/06/2026;1;cuad55;FINALIZADA;2,95968239;-75,29309419
Junio;2071415;1657868;067653;;;PRE;57;2;Se ha realizado el mantenimiento preventivo sobre la farola: 1657868;03/06/2026;04/06/2026;1;cuad55;FINALIZADA;2,95968239;-75,29309419
Junio;2071410;1657869;029230;;;PRE;27;2;Se ha realizado el mantenimiento preventivo sobre la farola: 1657869;03/06/2026;05/06/2026;2;cuad55;FINALIZADA;2,94190788;-75,29758184
Junio;2071491;1657873;029243;;;PRE;27;2;Se ha realizado el mantenimiento preventivo sobre la farola: 1657873;03/06/2026;04/06/2026;1;cuad63;FINALIZADA;2,94299058;-75,29730294
Junio;2070443;1657885;026279;;;PRE;27;2;Se ha realizado el mantenimiento preventivo sobre la farola: 1657885;02/06/2026;03/06/2026;1;cuad63;FINALIZADA;2,944217472;-75,29694268
Junio;2071486;1657888;029229;;;PRE;27;2;Se ha realizado el mantenimiento preventivo sobre la farola: 1657888;03/06/2026;04/06/2026;1;cuad63;FINALIZADA;2,94454605;-75,29683901
Junio;2072908;1657891;028511;;;PRE;28;2;Se ha realizado el mantenimiento preventivo sobre la farola: 1657891;04/06/2026;05/06/2026;1;cuad63;FINALIZADA;2,94476766;-75,29678772
Junio;2071411;1657896;029208;;;PRE;30;2;Se ha realizado el mantenimiento preventivo sobre la farola: 1657896;03/06/2026;05/06/2026;2;cuad55;FINALIZADA;2,9455394;-75,29659285
Junio;2072946;1657899;028526;;;PRE;30;2;Se ha realizado el mantenimiento preventivo sobre la farola: 1657899;04/06/2026;05/06/2026;1;cuad63;FINALIZADA;2,94579898;-75,29652719
Junio;2071097;1657900;029214;;;PRE;31;2;Se ha realizado el mantenimiento preventivo sobre la farola: 1657900;03/06/2026;04/06/2026;1;cuad55;FINALIZADA;2,94606132;-75,29645993
Junio;2072928;1657901;028528;;;PRE;31;2;Se ha realizado el mantenimiento preventivo sobre la farola: 1657901;04/06/2026;05/06/2026;1;cuad63;FINALIZADA;2,94606132;-75,29645993
Junio;2068324;1658199;019391;;;PRE;30;6W;Se ha realizado el mantenimiento preventivo sobre la farola: 1658199;01/06/2026;04/06/2026;3;cuad54;FINALIZADA;2,946130097;-75,30193597
Junio;2068327;1658211;020431;;;PRE;32;6W;Se ha realizado el mantenimiento preventivo sobre la farola: 1658211;01/06/2026;04/06/2026;3;cuad54;FINALIZADA;2,946507089;-75,30191304
Junio;2068317;1658218;020451;;;PRE;33;6W;Se ha realizado el mantenimiento preventivo sobre la farola: 1658218;01/06/2026;04/06/2026;3;cuad54;FINALIZADA;2,946961058;-75,30193899
Junio;2068347;1658223;035071;;;PRE;36;6W;Se ha realizado el mantenimiento preventivo sobre la farola: 1658223;01/06/2026;03/06/2026;2;cuad55;FINALIZADA;2,948117063;-75,30198897
Junio;2068345;1658226;040719;;;PRE;35;6W;Se ha realizado el mantenimiento preventivo sobre la farola: 1658226;01/06/2026;03/06/2026;2;cuad55;FINALIZADA;2,947854058;-75,30202696
Junio;2068310;1658227;017549;;;PRE;35;6W;Se ha realizado el mantenimiento preventivo sobre la farola: 1658227;01/06/2026;01/06/2026;0;cuad54;FINALIZADA;2,947636113;-75,302044
Junio;2068344;1658228;035082;;;PRE;36A;6W;Se ha realizado el mantenimiento preventivo sobre la farola: 1658228;01/06/2026;03/06/2026;2;cuad55;FINALIZADA;2,948311037;-75,30196401
Junio;2068319;1658268;019255;;;PRE;38;1H;Se ha realizado el mantenimiento preventivo sobre la farola: 1658268;01/06/2026;01/06/2026;0;cuad54;FINALIZADA;2,949087046;-75,30189027
Junio;2068316;1658270;040725;;;PRE;37;1H;Se ha realizado el mantenimiento preventivo sobre la farola: 1658270;01/06/2026;01/06/2026;0;cuad54;FINALIZADA;2,948834447;-75,30191036
Junio;2068340;1658331;035005;;;PRE;39A;6W;Se ha realizado el mantenimiento preventivo sobre la farola: 1658331;01/06/2026;03/06/2026;2;cuad55;FINALIZADA;2,94992545;-75,30188379
Junio;2068318;1658332;019153;;;PRE;39;6W;Se ha realizado el mantenimiento preventivo sobre la farola: 1658332;01/06/2026;01/06/2026;0;cuad54;FINALIZADA;2,949464007;-75,30188715
Junio;2068343;1658370;035020;;;PRE;41;6W;Se ha realizado el mantenimiento preventivo sobre la farola: 1658370;01/06/2026;03/06/2026;2;cuad55;FINALIZADA;2,950436055;-75,30203603
Junio;2068350;1658381;041428;;;PRE;42;6W;Se ha realizado el mantenimiento preventivo sobre la farola: 1658381;01/06/2026;03/06/2026;2;cuad55;FINALIZADA;2,951173106;-75,30204999
Junio;2068358;1658386;035074;;;PRE;42;6W;Se ha realizado el mantenimiento preventivo sobre la farola: 1658386;01/06/2026;03/06/2026;2;cuad55;FINALIZADA;2,950926035;-75,302043
Junio;2087730;1658390;028159;;;PRE;42C;6W;Se ha realizado el mantenimiento preventivo sobre la farola: 1658390;19/06/2026;19/06/2026;0;cuad54;FINALIZADA;2,951837055;-75,30207204
Junio;2072949;1658399;028127;;;PRE;42D;6W;Se ha realizado el mantenimiento preventivo sobre la farola: 1658399;04/06/2026;05/06/2026;1;cuad63;FINALIZADA;2,952291112;-75,30210501
Junio;2068356;1658403;041425;;;PRE;42B;6W;Se ha realizado el mantenimiento preventivo sobre la farola: 1658403;01/06/2026;03/06/2026;2;cuad55;FINALIZADA;2,951623047;-75,30191604
Junio;2068359;1658407;035068;;;PRE;42B;6W;Se ha realizado el mantenimiento preventivo sobre la farola: 1658407;01/06/2026;03/06/2026;2;cuad55;FINALIZADA;2,951837103;-75,30189504
Junio;2072923;1658597;028065;;;PRE;54;1W;Se ha realizado el mantenimiento preventivo sobre la farola: 1658597;04/06/2026;05/06/2026;1;cuad63;FINALIZADA;2,957969059;-75,29712999
Junio;2076626;1659308;042957;;;PRE;70;23;Se ha realizado el mantenimiento preventivo sobre la farola: 1659308;10/06/2026;10/06/2026;0;cuad57;FINALIZADA;2,963865089;-75,27860904
Junio;2076625;1659309;042939;;;PRE;70;23;Se ha realizado el mantenimiento preventivo sobre la farola: 1659309;10/06/2026;10/06/2026;0;cuad57;FINALIZADA;2,963847044;-75,27841503
Junio;2076618;1659904;040323;;;PRE;72A;20;Se ha realizado el mantenimiento preventivo sobre la farola: 1659904;10/06/2026;10/06/2026;0;cuad54;FINALIZADA;2,966425094;-75,27902398
Junio;2076619;1659905;040264;;;PRE;72A;20;Se ha realizado el mantenimiento preventivo sobre la farola: 1659905;10/06/2026;10/06/2026;0;cuad57;FINALIZADA;2,966453087;-75,27923096
Junio;2076621;1659954;040228;;;PRE;73;22;Se ha realizado el mantenimiento preventivo sobre la farola: 1659954;10/06/2026;10/06/2026;0;cuad57;FINALIZADA;2,966167067;-75,27976801
Junio;2068335;1660221;041400;;;PRE;28;26;Se ha realizado el mantenimiento preventivo sobre la farola: 1660221;01/06/2026;01/06/2026;0;cuad54;FINALIZADA;2,944286;-75,289295
Junio;2068330;1660222;041381;;;PRE;28;26;Se ha realizado el mantenimiento preventivo sobre la farola: 1660222;01/06/2026;01/06/2026;0;cuad54;FINALIZADA;2,944089;-75,289425
Junio;2070386;1660520;041390;;;PRE;5A;26;Se ha realizado el mantenimiento preventivo sobre la farola: 1660520;02/06/2026;03/06/2026;1;cuad63;FINALIZADA;2,942099;-75,292241
Junio;2072956;1721029;068531;;;PRE;AV26;CL 26 CON CRA 6B;Se ha realizado el mantenimiento preventivo sobre la farola: 1721029;04/06/2026;05/06/2026;1;cuad63;FINALIZADA;2,94277649;-75,29080047
Junio;2068364;1721138;021602;;;PRE;CANDIDO;CANDIDO;Se ha realizado el mantenimiento preventivo sobre la farola: 1721138;01/06/2026;01/06/2026;0;cuad55;FINALIZADA;2,959738099;-75,29273197
Junio;2068320;1722316;040721;;;PRE;SANTAINES;SANTAINES;Se ha realizado el mantenimiento preventivo sobre la farola: 1722316;01/06/2026;04/06/2026;3;cuad54;FINALIZADA;2,948717115;-75,30177497
Junio;2068346;1722329;019609;;;PRE;SANTAINES;SANTAINES;Se ha realizado el mantenimiento preventivo sobre la farola: 1722329;01/06/2026;03/06/2026;2;cuad55;FINALIZADA;2,948082098;-75,30181799
Junio;2087376;1722420;019648;;;PRE;SANTAINES;CANDIDO;Se ha realizado el mantenimiento preventivo sobre la farola: 1722420;18/06/2026;18/06/2026;0;cuad54;FINALIZADA;2,949010057;-75,30177001
Junio;2076636;1722536;029434;;;PRE;MIRARIO;MIRARIO;Se ha realizado el mantenimiento preventivo sobre la farola: 1722536;10/06/2026;10/06/2026;0;cuad57;FINALIZADA;2,965951;-75,295707
Junio;2076610;1723962;015955;;;PRE;VDAELVENADO;VDAELVENADO;Se ha realizado el mantenimiento preventivo sobre la farola: 1723962;10/06/2026;10/06/2026;0;cuad57;FINALIZADA;2,985024045;-75,27785099
Junio;2076624;1723971;017987;;;PRE;VDAELVENADO;VDAELVENADO;Se ha realizado el mantenimiento preventivo sobre la farola: 1723971;10/06/2026;10/06/2026;0;cuad57;FINALIZADA;2,984742055;-75,27461199
Junio;2076608;1723973;017832;;;PRE;VDAELVENADO;VDAELVENADO;Se ha realizado el mantenimiento preventivo sobre la farola: 1723973;10/06/2026;10/06/2026;0;cuad57;FINALIZADA;2,98538509;-75,27685501
Junio;2076623;1723974;017985;;;PRE;VDAELVENADO;VDAELVENADO;Se ha realizado el mantenimiento preventivo sobre la farola: 1723974;10/06/2026;10/06/2026;0;cuad57;FINALIZADA;2,984590099;-75,27448003
Junio;2076622;1723977;017866;;;PRE;VDAELVENADO;VDAELVENADO;Se ha realizado el mantenimiento preventivo sobre la farola: 1723977;10/06/2026;10/06/2026;0;cuad57;FINALIZADA;2,983369069;-75,27360298
Junio;2087843;1735541;028640;;;PRE;SANTAROSA;SANTAROSA;Se ha realizado el mantenimiento preventivo sobre la farola: 1735541;19/06/2026;19/06/2026;0;cuad54;FINALIZADA;2,972555;-75,287908
Junio;2087733;1737242;011403;;;PRE;ELTESORO;ELTESORO;Se ha realizado el mantenimiento preventivo sobre la farola: 1737242;19/06/2026;19/06/2026;0;cuad54;FINALIZADA;2,947015982;-75,2651237
Junio;2085707;1737764;011689;;;PRE;VILLAESMERALDA;VILLAESMERALDA;Se ha realizado el mantenimiento preventivo sobre la farola: 1737764;17/06/2026;17/06/2026;0;cuad54;FINALIZADA;2,959135;-75,283342
Junio;2085705;1737765;011443;;;PRE;VILLAESMERALDA;VILLAESMERALDA;Se ha realizado el mantenimiento preventivo sobre la farola: 1737765;17/06/2026;17/06/2026;0;cuad54;FINALIZADA;2,958756;-75,283421
Junio;2085694;1737766;011100;;;PRE;VILLAESMERALDA;VILLAESMERALDA;Se ha realizado el mantenimiento preventivo sobre la farola: 1737766;17/06/2026;17/06/2026;0;cuad54;FINALIZADA;2,957847;-75,283795
Junio;2085699;1737767;011695;;;PRE;VILLAESMERALDA;VILLAESMERALDA;Se ha realizado el mantenimiento preventivo sobre la farola: 1737767;17/06/2026;17/06/2026;0;cuad54;FINALIZADA;2,958021;-75,28364
Junio;2085702;1737768;011359;;;PRE;VILLAESMERALDA;VILLAESMERALDA;Se ha realizado el mantenimiento preventivo sobre la farola: 1737768;17/06/2026;17/06/2026;0;cuad54;FINALIZADA;2,958142;-75,283706
Junio;2076628;1739202;052102;;;PRE;VILLACAROLINA;16;Se ha realizado el mantenimiento preventivo sobre la farola: 1739202;10/06/2026;10/06/2026;0;cuad57;FINALIZADA;2,954921462;-75,28840305
Junio;2085686;1739203;051447;;;PRE;VILLACAROLINA;17A;Se ha realizado el mantenimiento preventivo sobre la farola: 1739203;17/06/2026;17/06/2026;0;cuad54;FINALIZADA;2,955468703;-75,28739824
Junio;2085687;1739204;009505;;;PRE;VILLACAROLINA;17A;Se ha realizado el mantenimiento preventivo sobre la farola: 1739204;17/06/2026;17/06/2026;0;cuad54;FINALIZADA;2,955627813;-75,287151
Junio;2085690;1739210;009315;;;PRE;VILLACAROLINA;VILLACAROLINA;Se ha realizado el mantenimiento preventivo sobre la farola: 1739210;17/06/2026;17/06/2026;0;cuad59;FINALIZADA;2,956486;-75,285702
Junio;2085714;1739212;050407;;;PRE;VILLACAROLINA;VILLACAROLINA;Se ha realizado el mantenimiento preventivo sobre la farola: 1739212;17/06/2026;17/06/2026;0;cuad54;FINALIZADA;2,954656874;-75,28652661
Junio;2071068;1739924;027335;;;PRE;CARLOSPIZARRO;CARLOSPIZARRO;Se ha realizado el mantenimiento preventivo sobre la farola: 1739924;03/06/2026;04/06/2026;1;cuad54;FINALIZADA;2,960481051;-75,29673625
Junio;2087704;1739929;027786;;;PRE;CARLOSPIZARRO;CARLOSPIZARRO;Se ha realizado el mantenimiento preventivo sobre la farola: 1739929;19/06/2026;19/06/2026;0;cuad54;FINALIZADA;2,952149634;-75,29804431
Junio;2071421;1739931;027353;;;PRE;CARLOSPIZARRO;CARLOSPIZARRO;Se ha realizado el mantenimiento preventivo sobre la farola: 1739931;03/06/2026;04/06/2026;1;cuad55;FINALIZADA;2,950207659;-75,29821944
Junio;2070455;1739934;027797;;;PRE;SANTAINES;SANTAINES;Se ha realizado el mantenimiento preventivo sobre la farola: 1739934;02/06/2026;03/06/2026;1;cuad63;FINALIZADA;2,94679446;-75,2980913
Junio;2071070;1739935;027795;;;PRE;SANTAINES;SANTAINES;Se ha realizado el mantenimiento preventivo sobre la farola: 1739935;03/06/2026;04/06/2026;1;cuad54;FINALIZADA;2,946554082;-75,29809285
Junio;2070461;1739936;027781;;;PRE;SANTAINES;SANTAINES;Se ha realizado el mantenimiento preventivo sobre la farola: 1739936;02/06/2026;03/06/2026;1;cuad63;FINALIZADA;2,946174203;-75,29808375
Junio;2070476;1739938;027338;;;PRE;SANTAINES;SANTAINES;Se ha realizado el mantenimiento preventivo sobre la farola: 1739938;02/06/2026;03/06/2026;1;cuad63;FINALIZADA;2,945717248;-75,29805655
Junio;2095608;1739939;027337;;;PRE;SANTAINES;SANTAINES;Se ha realizado el mantenimiento preventivo sobre la farola: 1739939;25/06/2026;25/06/2026;0;cuad54;FINALIZADA;2,94569915;-75,29807463
Junio;2070472;1739940;027782;;;PRE;SANTAINES;SANTAINES;Se ha realizado el mantenimiento preventivo sobre la farola: 1739940;02/06/2026;03/06/2026;1;cuad63;FINALIZADA;2,945550237;-75,29807477
Junio;2070468;1739944;027787;;;PRE;SANTAINES;SANTAINES;Se ha realizado el mantenimiento preventivo sobre la farola: 1739944;02/06/2026;03/06/2026;1;cuad63;FINALIZADA;2,948652138;-75,29817422
Junio;2071064;1739946;027340;;;PRE;SANTAINES;SANTAINES;Se ha realizado el mantenimiento preventivo sobre la farola: 1739946;03/06/2026;04/06/2026;1;cuad54;FINALIZADA;2,94814569;-75,29817417
Junio;2070464;1739948;027346;;;PRE;SANTAINES;SANTAINES;Se ha realizado el mantenimiento preventivo sobre la farola: 1739948;02/06/2026;03/06/2026;1;cuad63;FINALIZADA;2,947519288;-75,29814107
Junio;2071423;1739949;027796;;;PRE;SANTAINES;SANTAINES;Se ha realizado el mantenimiento preventivo sobre la farola: 1739949;03/06/2026;04/06/2026;1;cuad55;FINALIZADA;2,94737391;-75,29811548
Julio;2122621;1652805;021070;LED;37;PRE;28;38A;Se ha realizado el mantenimiento preventivo sobre la farola: 1652805;22/07/2026;28/07/2026;6;cuad55;FINALIZADA;2,95062904;-75,26145604
Julio;2122619;1652809;020865;LED;37;PRE;CARRERA;38A;Se ha realizado el mantenimiento preventivo sobre la farola: 1652809;22/07/2026;28/07/2026;6;cuad55;FINALIZADA;2,950747084;-75,262304
Julio;2122605;1661244;021705;LED;37;PRE;28;38A;Se ha realizado el mantenimiento preventivo sobre la farola: 1661244;22/07/2026;28/07/2026;6;cuad55;FINALIZADA;2,950633093;-75,26114902
Julio;2123245;1661245;021785;LED;37;PRE;28;38A;Se ha realizado el mantenimiento preventivo sobre la farola: 1661245;22/07/2026;28/07/2026;6;cuad55;FINALIZADA;2,950598083;-75,26075802
Julio;2122601;1661246;021072;LED;37;PRE;CARRERA;38A;Se ha realizado el mantenimiento preventivo sobre la farola: 1661246;22/07/2026;28/07/2026;6;cuad55;FINALIZADA;2,950677118;-75,26167499
Julio;2122617;1661247;020867;LED;37;PRE;28;38A;Se ha realizado el mantenimiento preventivo sobre la farola: 1661247;22/07/2026;28/07/2026;6;cuad55;FINALIZADA;2,950717109;-75,26204304
Julio;2102052;1635497;067918;LED;74,1;PRE;19;38;Se ha realizado el mantenimiento preventivo sobre la farola: 1635497;01/07/2026;02/07/2026;1;cuad55;FINALIZADA;2,940373056;-75,26092904
Julio;2103962;1635506;034010;LED;46,3;PRE;19;35;Se ha realizado el mantenimiento preventivo sobre la farola: 1635506;03/07/2026;03/07/2026;0;cuad55;FINALIZADA;2,940948036;-75,26303904
Julio;2107798;1635831;021530;LED;37;PRE;20;27;Se ha realizado el mantenimiento preventivo sobre la farola: 1635831;07/07/2026;08/07/2026;1;cuad55;FINALIZADA;2,94153503;-75,27083802
Julio;2107832;1635832;021571;LED;37;PRE;21;27;Se ha realizado el mantenimiento preventivo sobre la farola: 1635832;07/07/2026;08/07/2026;1;cuad55;FINALIZADA;2,94283105;-75,27066899
Julio;2122464;1635841;"063551	";LED;60,2;PRE;18;20;Se ha realizado el mantenimiento preventivo sobre la farola: 1635841;22/07/2026;22/07/2026;0;cuad55;FINALIZADA;2,946170083;-75,25980199
Julio;2111097;1635966;010281;LED;27,8;PRE;9;8;Se ha realizado el mantenimiento preventivo sobre la farola: 1635966;10/07/2026;14/07/2026;4;cuad54;FINALIZADA;2,929530072;-75,28634698
Julio;2111098;1635968;018483;LED;27,8;PRE;9;8;Se ha realizado el mantenimiento preventivo sobre la farola: 1635968;10/07/2026;14/07/2026;4;cuad54;FINALIZADA;2,929404072;-75,28695496
Julio;2103977;1635998;024768;LED;46,3;PRE;12;23B;Se ha realizado el mantenimiento preventivo sobre la farola: 1635998;03/07/2026;03/07/2026;0;cuad55;FINALIZADA;2,935280039;-75,27381102
Julio;2111957;1640245;068747;LED;74,1;PRE;78A;2;Se ha realizado el mantenimiento preventivo sobre la farola: 1640245;10/07/2026;11/07/2026;1;cuad56;FINALIZADA;2,972801;-75,287804
Julio;2111756;1640256;067850;LED;74,1;PRE;79A;3;Se ha realizado el mantenimiento preventivo sobre la farola: 1640256;10/07/2026;11/07/2026;1;cuad56;FINALIZADA;2,973228;-75,287401
Julio;2111755;1640269;068739;LED;74,1;PRE;77A;3;Se ha realizado el mantenimiento preventivo sobre la farola: 1640269;10/07/2026;11/07/2026;1;cuad56;FINALIZADA;2,971511;-75,288462
Julio;2111969;1640270;068757;LED;74,1;PRE;77;3;Se ha realizado el mantenimiento preventivo sobre la farola: 1640270;10/07/2026;11/07/2026;1;cuad56;FINALIZADA;2,971276;-75,288656
Julio;2114190;1640529;030127;LED;74,1;PRE;58;1;Se ha realizado el mantenimiento preventivo sobre la farola: 1640529;14/07/2026;15/07/2026;1;cuad59;FINALIZADA;2,960843051;-75,29661604
Julio;2114188;1640530;030185;LED;74,1;PRE;58;1;Se ha realizado el mantenimiento preventivo sobre la farola: 1640530;14/07/2026;15/07/2026;1;cuad59;FINALIZADA;2,960843051;-75,29661604
Julio;2111961;1640531;030137;LED;74,1;PRE;58;1;Se ha realizado el mantenimiento preventivo sobre la farola: 1640531;10/07/2026;11/07/2026;1;cuad56;FINALIZADA;2,961107049;-75,29658704
Julio;2111968;1640532;030106;LED;74,1;PRE;59;1;Se ha realizado el mantenimiento preventivo sobre la farola: 1640532;10/07/2026;11/07/2026;1;cuad56;FINALIZADA;2,961368071;-75,29652097
Julio;2111960;1640533;030143;LED;74,1;PRE;59;1;Se ha realizado el mantenimiento preventivo sobre la farola: 1640533;10/07/2026;11/07/2026;1;cuad56;FINALIZADA;2,961368071;-75,29652097
Julio;2111972;1640534;030190;LED;74,1;PRE;60;1;Se ha realizado el mantenimiento preventivo sobre la farola: 1640534;10/07/2026;11/07/2026;1;cuad56;FINALIZADA;2,961393042;-75,29651603
Julio;2111971;1640536;030140;LED;74,1;PRE;60;1;Se ha realizado el mantenimiento preventivo sobre la farola: 1640536;10/07/2026;11/07/2026;1;cuad56;FINALIZADA;2,961909104;-75,29642798
Julio;2111963;1640537;030141;LED;74,1;PRE;61;1;Se ha realizado el mantenimiento preventivo sobre la farola: 1640537;10/07/2026;11/07/2026;1;cuad56;FINALIZADA;2,962131032;-75,29640402
Julio;2111965;1640538;030187;LED;74,1;PRE;61;1;Se ha realizado el mantenimiento preventivo sobre la farola: 1640538;10/07/2026;11/07/2026;1;cuad56;FINALIZADA;2,962131032;-75,29640402
Julio;2111967;1640540;030149;LED;74,1;PRE;62;1;Se ha realizado el mantenimiento preventivo sobre la farola: 1640540;10/07/2026;11/07/2026;1;cuad56;FINALIZADA;2,962448052;-75,29634804
Julio;2111981;1640638;069237;LED;106,5;PRE;41;26;Se ha realizado el mantenimiento preventivo sobre la farola: 1640638;10/07/2026;11/07/2026;1;cuad56;FINALIZADA;2,950876;-75,290033
Julio;2111984;1640639;069240;LED;106,5;PRE;41;26;Se ha realizado el mantenimiento preventivo sobre la farola: 1640639;10/07/2026;11/07/2026;1;cuad56;FINALIZADA;2,950876;-75,290033
Julio;2111982;1640642;069203;LED;106,5;PRE;41;26;Se ha realizado el mantenimiento preventivo sobre la farola: 1640642;10/07/2026;11/07/2026;1;cuad56;FINALIZADA;2,950439;-75,289605
Julio;2112007;1640643;069238;LED;106,5;PRE;41;26;Se ha realizado el mantenimiento preventivo sobre la farola: 1640643;10/07/2026;11/07/2026;1;cuad56;FINALIZADA;2,950439;-75,289605
Julio;2112012;1640659;069210;LED;106,5;PRE;45;7;Se ha realizado el mantenimiento preventivo sobre la farola: 1640659;10/07/2026;11/07/2026;1;cuad56;FINALIZADA;2,952762;-75,290607
Julio;2111983;1640661;069219;LED;106,5;PRE;45;7;Se ha realizado el mantenimiento preventivo sobre la farola: 1640661;10/07/2026;11/07/2026;1;cuad56;FINALIZADA;2,95242;-75,290701
Julio;2114185;1640666;069283;LED;106,5;PRE;45;7;Se ha realizado el mantenimiento preventivo sobre la farola: 1640666;14/07/2026;15/07/2026;1;cuad59;FINALIZADA;2,953323;-75,290446
Julio;2114184;1640671;069266;LED;106,5;PRE;46;7;Se ha realizado el mantenimiento preventivo sobre la farola: 1640671;14/07/2026;15/07/2026;1;cuad59;FINALIZADA;2,954207;-75,290185
Julio;2114186;1640709;069293;LED;106,5;PRE;5A;5A;Se ha realizado el mantenimiento preventivo sobre la farola: 1640709;14/07/2026;15/07/2026;1;cuad59;FINALIZADA;2,95710405;-75,28940596
Julio;2114193;1640779;036754;LED;74,1;PRE;21;14;Se ha realizado el mantenimiento preventivo sobre la farola: 1640779;14/07/2026;15/07/2026;1;cuad59;FINALIZADA;2,940174095;-75,28281503
Julio;2102042;1641565;026925;LED;60,2;PRE;CARRERA;36;Se ha realizado el mantenimiento preventivo sobre la farola: 1641565;01/07/2026;02/07/2026;1;cuad55;FINALIZADA;2,944973051;-75,26297996
Julio;2102050;1641567;026923;LED;60,2;PRE;CARRERA;36;Se ha realizado el mantenimiento preventivo sobre la farola: 1641567;01/07/2026;02/07/2026;1;cuad55;FINALIZADA;2,944438068;-75,26312903
Julio;2102041;1641568;026942;LED;60,2;PRE;CARRERA;36;Se ha realizado el mantenimiento preventivo sobre la farola: 1641568;01/07/2026;02/07/2026;1;cuad55;FINALIZADA;2,944211036;-75,26331399
Julio;2102035;1641575;026943;LED;60,2;PRE;CARRERA;36;Se ha realizado el mantenimiento preventivo sobre la farola: 1641575;01/07/2026;02/07/2026;1;cuad55;FINALIZADA;2,942246061;-75,26318998
Julio;2111106;1641685;007402;LED;27,8;PRE;10;1G;Se ha realizado el mantenimiento preventivo sobre la farola: 1641685;10/07/2026;14/07/2026;4;cuad54;FINALIZADA;2,927743114;-75,29331796
Julio;2104817;1641940;037524;LED;74,1;PRE;19;20;Se ha realizado el mantenimiento preventivo sobre la farola: 1641940;04/07/2026;04/07/2026;0;cuad55;FINALIZADA;2,93892828;-75,27589997
Julio;2104813;1641941;037408;LED;74,1;PRE;19;20;Se ha realizado el mantenimiento preventivo sobre la farola: 1641941;04/07/2026;04/07/2026;0;cuad55;FINALIZADA;2,93876081;-75,276141
Julio;2104810;1641942;037539;LED;74,1;PRE;19;20;Se ha realizado el mantenimiento preventivo sobre la farola: 1641942;04/07/2026;04/07/2026;0;cuad55;FINALIZADA;2,93876081;-75,276141
Julio;2105944;1643686;040060;LED;106,5;PRE;26;1;Se ha realizado el mantenimiento preventivo sobre la farola: 1643686;06/07/2026;06/07/2026;0;cuad57;FINALIZADA;2,941704036;-75,30034998
Julio;2105993;1643687;040068;LED;106,5;PRE;26;1;Se ha realizado el mantenimiento preventivo sobre la farola: 1643687;06/07/2026;06/07/2026;0;cuad57;FINALIZADA;2,941704036;-75,30034998
Julio;2105921;1643688;040046;LED;106,5;PRE;26;1;Se ha realizado el mantenimiento preventivo sobre la farola: 1643688;06/07/2026;06/07/2026;0;cuad57;FINALIZADA;2,941792047;-75,30074396
Julio;2105939;1643689;040054;LED;106,5;PRE;26;1;Se ha realizado el mantenimiento preventivo sobre la farola: 1643689;06/07/2026;06/07/2026;0;cuad57;FINALIZADA;2,941792047;-75,30074396
Julio;2114195;1643827;068570;LED;106,5;PRE;19;52;Se ha realizado el mantenimiento preventivo sobre la farola: 1643827;14/07/2026;15/07/2026;1;cuad59;FINALIZADA;2,940451;-75,247653
Julio;2111030;1643974;066696;LED;74,1;PRE;19;38;Se ha realizado el mantenimiento preventivo sobre la farola: 1643974;10/07/2026;10/07/2026;0;cuad59;FINALIZADA;2,940373056;-75,26092904
Julio;2103968;1643977;067342;LED;46,3;PRE;19;37;Se ha realizado el mantenimiento preventivo sobre la farola: 1643977;03/07/2026;03/07/2026;0;cuad55;FINALIZADA;2,940364113;-75,26163803
Julio;2103933;1643978;065208;LED;46,3;PRE;19;37;Se ha realizado el mantenimiento preventivo sobre la farola: 1643978;03/07/2026;03/07/2026;0;cuad55;FINALIZADA;2,940364113;-75,26163803
Julio;2114194;1644014;037370;LED;74,1;PRE;19;30;Se ha realizado el mantenimiento preventivo sobre la farola: 1644014;14/07/2026;15/07/2026;1;cuad59;FINALIZADA;2,94073345;-75,26820518
Julio;2107825;1644023;021562;LED;37;PRE;19;20;Se ha realizado el mantenimiento preventivo sobre la farola: 1644023;07/07/2026;08/07/2026;1;cuad55;FINALIZADA;2,940914041;-75,26862003
Julio;2104808;1644041;037562;LED;74,1;PRE;20;25;Se ha realizado el mantenimiento preventivo sobre la farola: 1644041;04/07/2026;04/07/2026;0;cuad55;FINALIZADA;2,94080951;-75,27202276
Julio;2103928;1644048;034013;LED;46,3;PRE;19;35;Se ha realizado el mantenimiento preventivo sobre la farola: 1644048;03/07/2026;03/07/2026;0;cuad55;FINALIZADA;2,940834081;-75,26250397
Julio;2103965;1644049;034007;LED;46,3;PRE;19;35;Se ha realizado el mantenimiento preventivo sobre la farola: 1644049;03/07/2026;03/07/2026;0;cuad55;FINALIZADA;2,940834081;-75,26250397
Julio;2103927;1644050;034009;LED;46,3;PRE;19;35;Se ha realizado el mantenimiento preventivo sobre la farola: 1644050;03/07/2026;04/07/2026;1;cuad55;FINALIZADA;2,9409681;-75,26274498
Julio;2103967;1644051;034014;LED;46,3;PRE;19;35;Se ha realizado el mantenimiento preventivo sobre la farola: 1644051;03/07/2026;03/07/2026;0;cuad55;FINALIZADA;2,9409681;-75,26274498
Julio;2103940;1644052;034012;LED;46,3;PRE;19;35;Se ha realizado el mantenimiento preventivo sobre la farola: 1644052;03/07/2026;03/07/2026;0;cuad55;FINALIZADA;2,940967057;-75,26294699
Julio;2103938;1644053;034003;LED;46,3;PRE;19;35;Se ha realizado el mantenimiento preventivo sobre la farola: 1644053;03/07/2026;03/07/2026;0;cuad55;FINALIZADA;2,940967057;-75,26294699
Julio;2103929;1644054;034011;LED;46,3;PRE;19;35;Se ha realizado el mantenimiento preventivo sobre la farola: 1644054;03/07/2026;03/07/2026;0;cuad55;FINALIZADA;2,940948036;-75,26303904
Julio;2103958;1644057;034005;LED;46,3;PRE;19;35;Se ha realizado el mantenimiento preventivo sobre la farola: 1644057;03/07/2026;03/07/2026;0;cuad55;FINALIZADA;2,940947061;-75,26371896
Julio;2103970;1644058;034008;LED;46,3;PRE;19;35;Se ha realizado el mantenimiento preventivo sobre la farola: 1644058;03/07/2026;03/07/2026;0;cuad55;FINALIZADA;2,940947061;-75,26371896
Julio;2103932;1644059;034001;LED;46,3;PRE;19;35;Se ha realizado el mantenimiento preventivo sobre la farola: 1644059;03/07/2026;03/07/2026;0;cuad55;FINALIZADA;2,940940048;-75,263918
Julio;2103972;1644060;034002;LED;46,3;PRE;19;35;Se ha realizado el mantenimiento preventivo sobre la farola: 1644060;03/07/2026;03/07/2026;0;cuad55;FINALIZADA;2,940940048;-75,263918
Julio;2103936;1644061;067375;LED;46,3;PRE;19;35;Se ha realizado el mantenimiento preventivo sobre la farola: 1644061;03/07/2026;03/07/2026;0;cuad55;FINALIZADA;2,940927036;-75,26422998
Julio;2103971;1644062;067355;LED;46,3;PRE;19;35;Se ha realizado el mantenimiento preventivo sobre la farola: 1644062;03/07/2026;03/07/2026;0;cuad55;FINALIZADA;2,940927036;-75,26422998
Julio;2104827;1644293;040042;LED;106,5;PRE;26;10W;Se ha realizado el mantenimiento preventivo sobre la farola: 1644293;04/07/2026;04/07/2026;0;cuad55;FINALIZADA;2,942651071;-75,30728999
Julio;2104828;1644440;040057;LED;106,5;PRE;26;6W;Se ha realizado el mantenimiento preventivo sobre la farola: 1644440;04/07/2026;04/07/2026;0;cuad55;FINALIZADA;2,941881044;-75,30116798
Julio;2111110;1644601;030815;LED;106,5;PRE;10;4;Se ha realizado el mantenimiento preventivo sobre la farola: 1644601;10/07/2026;14/07/2026;4;cuad54;FINALIZADA;2,928746105;-75,29037901
Julio;2111111;1644602;030812;LED;106,5;PRE;10;4;Se ha realizado el mantenimiento preventivo sobre la farola: 1644602;10/07/2026;14/07/2026;4;cuad54;FINALIZADA;2,928746105;-75,29037901
Julio;2104819;1644656;037345;LED;74,1;PRE;19;20;Se ha realizado el mantenimiento preventivo sobre la farola: 1644656;04/07/2026;04/07/2026;0;cuad55;FINALIZADA;2,93942155;-75,27517918
Julio;2104822;1644657;037339;LED;74,1;PRE;19;20;Se ha realizado el mantenimiento preventivo sobre la farola: 1644657;04/07/2026;04/07/2026;0;cuad55;FINALIZADA;2,93942155;-75,27517918
Julio;2104815;1644658;037340;LED;74,1;PRE;19;20;Se ha realizado el mantenimiento preventivo sobre la farola: 1644658;04/07/2026;04/07/2026;0;cuad55;FINALIZADA;2,93926648;-75,27541479
Julio;2104825;1644659;037335;LED;74,1;PRE;19;20;Se ha realizado el mantenimiento preventivo sobre la farola: 1644659;04/07/2026;04/07/2026;0;cuad55;FINALIZADA;2,93926648;-75,27541479
Julio;2104811;1644660;037346;LED;74,1;PRE;19;20;Se ha realizado el mantenimiento preventivo sobre la farola: 1644660;04/07/2026;04/07/2026;0;cuad55;FINALIZADA;2,93909632;-75,27566072
Julio;2104826;1644661;037332;LED;74,1;PRE;19;20;Se ha realizado el mantenimiento preventivo sobre la farola: 1644661;04/07/2026;04/07/2026;0;cuad55;FINALIZADA;2,93909632;-75,27566072
Julio;2104823;1644665;067675;LED;74,1;PRE;18A;19;Se ha realizado el mantenimiento preventivo sobre la farola: 1644665;04/07/2026;04/07/2026;0;cuad55;FINALIZADA;2,93831727;-75,27693559
Julio;2104806;1644666;037373;LED;74,1;PRE;18A;19;Se ha realizado el mantenimiento preventivo sobre la farola: 1644666;04/07/2026;04/07/2026;0;cuad55;FINALIZADA;2,93823846;-75,27720443
Julio;2104800;1644667;037383;LED;74,1;PRE;18A;19;Se ha realizado el mantenimiento preventivo sobre la farola: 1644667;04/07/2026;04/07/2026;0;cuad55;FINALIZADA;2,93823846;-75,27720443
Julio;2104803;1644668;037356;LED;74,1;PRE;18;19;Se ha realizado el mantenimiento preventivo sobre la farola: 1644668;04/07/2026;04/07/2026;0;cuad55;FINALIZADA;2,93816418;-75,27749255
Julio;2111958;1646061;067913;LED;74,1;PRE;CARRERA;CALLE;Se ha realizado el mantenimiento preventivo sobre la farola: 1646061;10/07/2026;11/07/2026;1;cuad56;FINALIZADA;3,017438;-75,256008
Julio;2122512;1646221;021781;LED;37;PRE;28;39A;Se ha realizado el mantenimiento preventivo sobre la farola: 1646221;22/07/2026;22/07/2026;0;cuad55;FINALIZADA;2,950364113;-75,25889699
Julio;2122548;1646222;021764;LED;37;PRE;28;39A;Se ha realizado el mantenimiento preventivo sobre la farola: 1646222;22/07/2026;22/07/2026;0;cuad55;FINALIZADA;2,950351035;-75,25872196
Julio;2122540;1646223;021755;LED;37;PRE;28;39A;Se ha realizado el mantenimiento preventivo sobre la farola: 1646223;22/07/2026;22/07/2026;0;cuad55;FINALIZADA;2,950318069;-75,258488
Julio;2122510;1646225;021030;LED;37;PRE;28A;39A;Se ha realizado el mantenimiento preventivo sobre la farola: 1646225;22/07/2026;22/07/2026;0;cuad55;FINALIZADA;2,95082797;-75,25944885
Julio;2122554;1646226;021012;LED;37;PRE;28A;39A;Se ha realizado el mantenimiento preventivo sobre la farola: 1646226;22/07/2026;22/07/2026;0;cuad55;FINALIZADA;2,95083521;-75,25959327
Julio;2122477;1646227;021771;LED;37;PRE;28A;39A;Se ha realizado el mantenimiento preventivo sobre la farola: 1646227;22/07/2026;22/07/2026;0;cuad55;FINALIZADA;2,95083758;-75,25983893
Julio;2122533;1646228;021778;LED;37;PRE;28;39A;Se ha realizado el mantenimiento preventivo sobre la farola: 1646228;22/07/2026;22/07/2026;0;cuad55;FINALIZADA;2,950437063;-75,259535
Julio;2122614;1646230;021022;LED;37;PRE;28;39A;Se ha realizado el mantenimiento preventivo sobre la farola: 1646230;22/07/2026;24/07/2026;2;cuad55;FINALIZADA;2,950462049;-75,25985103
Julio;2123183;1646231;021075;LED;37;PRE;28;39A;Se ha realizado el mantenimiento preventivo sobre la farola: 1646231;22/07/2026;24/07/2026;2;cuad55;FINALIZADA;2,950488078;-75,259961
Julio;2123246;1646232;021071;LED;37;PRE;28;39A;Se ha realizado el mantenimiento preventivo sobre la farola: 1646232;22/07/2026;24/07/2026;2;cuad55;FINALIZADA;2,950493103;-75,260138
Julio;2111973;1646726;030120;LED;74,1;PRE;CARRERA;CALLE;Se ha realizado el mantenimiento preventivo sobre la farola: 1646726;10/07/2026;11/07/2026;1;cuad56;FINALIZADA;2,963067053;-75,29631797
Julio;2103931;1647704;034004;LED;46,3;PRE;CARRERA;CALLE;Se ha realizado el mantenimiento preventivo sobre la farola: 1647704;03/07/2026;03/07/2026;0;cuad55;FINALIZADA;2,940942053;-75,26347204
Julio;2112013;1647768;063482;LED;46,3;PRE;CARRERA;VDALAMATA;Se ha realizado el mantenimiento preventivo sobre la farola: 1647768;10/07/2026;11/07/2026;1;cuad56;FINALIZADA;3,029652835;-75,25104798
Julio;2104797;1649812;036300;LED;60,2;PRE;26;CALLE;Se ha realizado el mantenimiento preventivo sobre la farola: 1649812;04/07/2026;04/07/2026;0;cuad55;FINALIZADA;2,94108246;-75,29855121
Julio;2104830;1649813;040117;LED;106,5;PRE;26;CALLE;Se ha realizado el mantenimiento preventivo sobre la farola: 1649813;04/07/2026;04/07/2026;0;cuad55;FINALIZADA;2,94111729;-75,29875204
Julio;2104795;1649814;036299;LED;60,2;PRE;26;CALLE;Se ha realizado el mantenimiento preventivo sobre la farola: 1649814;04/07/2026;04/07/2026;0;cuad55;FINALIZADA;2,94116249;-75,29891063
Julio;2105902;1649819;040116;LED;106,5;PRE;26;CALLE;Se ha realizado el mantenimiento preventivo sobre la farola: 1649819;06/07/2026;06/07/2026;0;cuad57;FINALIZADA;2,94118459;-75,29862866
Julio;2105871;1649820;040124;LED;106,5;PRE;26;CALLE;Se ha realizado el mantenimiento preventivo sobre la farola: 1649820;06/07/2026;06/07/2026;0;cuad57;FINALIZADA;2,94118459;-75,29862866
Julio;2106367;1649821;040114;LED;106,5;PRE;26;CALLE;Se ha realizado el mantenimiento preventivo sobre la farola: 1649821;06/07/2026;06/07/2026;0;cuad57;FINALIZADA;2,94124017;-75,29882479
Julio;2104829;1649822;040118;LED;106,5;PRE;26;CALLE;Se ha realizado el mantenimiento preventivo sobre la farola: 1649822;04/07/2026;04/07/2026;0;cuad55;FINALIZADA;2,94124017;-75,29882479
Julio;2105915;1649823;040115;LED;106,5;PRE;26;CALLE;Se ha realizado el mantenimiento preventivo sobre la farola: 1649823;06/07/2026;06/07/2026;0;cuad57;FINALIZADA;2,94129375;-75,29900048
Julio;2105928;1649825;040111;LED;106,5;PRE;26;CALLE;Se ha realizado el mantenimiento preventivo sobre la farola: 1649825;06/07/2026;06/07/2026;0;cuad57;FINALIZADA;2,94134933;-75,2991936
Julio;2105934;1649826;040121;LED;106,5;PRE;26;CALLE;Se ha realizado el mantenimiento preventivo sobre la farola: 1649826;06/07/2026;06/07/2026;0;cuad57;FINALIZADA;2,94134933;-75,2991936
Julio;2105872;1649827;040103;LED;106,5;PRE;26;CALLE;Se ha realizado el mantenimiento preventivo sobre la farola: 1649827;06/07/2026;06/07/2026;0;cuad57;FINALIZADA;2,94140859;-75,29937532
Julio;2105873;1649828;040123;LED;106,5;PRE;26;CALLE;Se ha realizado el mantenimiento preventivo sobre la farola: 1649828;06/07/2026;06/07/2026;0;cuad57;FINALIZADA;2,94140859;-75,29937532
Julio;2105891;1649829;040053;LED;106,5;PRE;26;CALLE;Se ha realizado el mantenimiento preventivo sobre la farola: 1649829;06/07/2026;06/07/2026;0;cuad57;FINALIZADA;2,94146819;-75,29960666
Julio;2106002;1649830;040069;LED;106,5;PRE;26;CALLE;Se ha realizado el mantenimiento preventivo sobre la farola: 1649830;06/07/2026;06/07/2026;0;cuad57;FINALIZADA;2,94146819;-75,29960666
Julio;2105907;1649831;040064;LED;106,5;PRE;26;CALLE;Se ha realizado el mantenimiento preventivo sobre la farola: 1649831;06/07/2026;06/07/2026;0;cuad57;FINALIZADA;2,94151005;-75,29982056
Julio;2105998;1649832;040065;LED;106,5;PRE;26;CALLE;Se ha realizado el mantenimiento preventivo sobre la farola: 1649832;06/07/2026;06/07/2026;0;cuad57;FINALIZADA;2,94151005;-75,29982056
Julio;2105996;1649833;040051;LED;106,5;PRE;26;CALLE;Se ha realizado el mantenimiento preventivo sobre la farola: 1649833;06/07/2026;06/07/2026;0;cuad57;FINALIZADA;2,94157635;-75,30000933
Julio;2105924;1649834;040061;LED;106,5;PRE;26;CALLE;Se ha realizado el mantenimiento preventivo sobre la farola: 1649834;06/07/2026;06/07/2026;0;cuad57;FINALIZADA;2,94157635;-75,30000933
Julio;2102066;1649835;041429;LED;37;PRE;26;CALLE;Se ha realizado el mantenimiento preventivo sobre la farola: 1649835;01/07/2026;03/07/2026;2;cuad55;FINALIZADA;2,94134933;-75,29892437
Julio;2102067;1649836;041430;LED;37;PRE;26;CALLE;Se ha realizado el mantenimiento preventivo sobre la farola: 1649836;01/07/2026;03/07/2026;2;cuad55;FINALIZADA;2,94128738;-75,2987165
Julio;2111966;1652622;030131;LED;74,1;PRE;58;1;Se ha realizado el mantenimiento preventivo sobre la farola: 1652622;10/07/2026;11/07/2026;1;cuad56;FINALIZADA;2,961107049;-75,29658704
Julio;2111964;1652623;030146;LED;74,1;PRE;60;1;Se ha realizado el mantenimiento preventivo sobre la farola: 1652623;10/07/2026;11/07/2026;1;cuad56;FINALIZADA;2,961393042;-75,29651603
Julio;2124192;1652785;021479;LED;37;PRE;27B;34B;Se ha realizado el mantenimiento preventivo sobre la farola: 1652785;23/07/2026;24/07/2026;1;cuad56;FINALIZADA;2,950081038;-75,26385699
Julio;2123939;1652786;021470;LED;37;PRE;27B;34B;Se ha realizado el mantenimiento preventivo sobre la farola: 1652786;23/07/2026;24/07/2026;1;cuad55;FINALIZADA;2,950094053;-75,26428703
Julio;2123950;1652787;021173;LED;37;PRE;27B;35A;Se ha realizado el mantenimiento preventivo sobre la farola: 1652787;23/07/2026;24/07/2026;1;cuad55;FINALIZADA;2,950077078;-75,26338996
Julio;2123937;1652794;021181;LED;37;PRE;27B;33A;Se ha realizado el mantenimiento preventivo sobre la farola: 1652794;23/07/2026;24/07/2026;1;cuad55;FINALIZADA;2,950101096;-75,26585601
Julio;2122603;1652804;020856;LED;37;PRE;CARRERA;38A;Se ha realizado el mantenimiento preventivo sobre la farola: 1652804;22/07/2026;24/07/2026;2;cuad55;FINALIZADA;2,950836107;-75,26306197
Julio;2122564;1652806;021751;LED;37;PRE;28;38A;Se ha realizado el mantenimiento preventivo sobre la farola: 1652806;22/07/2026;22/07/2026;0;cuad55;FINALIZADA;2,950614052;-75,26094502
Julio;2122606;1652807;021739;LED;37;PRE;28;38A;Se ha realizado el mantenimiento preventivo sobre la farola: 1652807;22/07/2026;24/07/2026;2;cuad55;FINALIZADA;2,950549091;-75,26057696
Julio;2123247;1652810;020868;LED;37;PRE;CARRERA;38A;Se ha realizado el mantenimiento preventivo sobre la farola: 1652810;22/07/2026;24/07/2026;2;cuad55;FINALIZADA;2,950780108;-75,26267304
Julio;2122555;1652811;021714;LED;37;PRE;28;39A;Se ha realizado el mantenimiento preventivo sobre la farola: 1652811;22/07/2026;22/07/2026;0;cuad55;FINALIZADA;2,950389092;-75,25924101
Julio;2122544;1652812;021003;LED;37;PRE;28;39A;Se ha realizado el mantenimiento preventivo sobre la farola: 1652812;22/07/2026;22/07/2026;0;cuad55;FINALIZADA;2,950377095;-75,25909199
Julio;2122537;1652813;021767;LED;37;PRE;28;39A;Se ha realizado el mantenimiento preventivo sobre la farola: 1652813;22/07/2026;22/07/2026;0;cuad55;FINALIZADA;2,950409066;-75,25932902
Julio;2123251;1652814;021712;LED;37;PRE;28A;39A;Se ha realizado el mantenimiento preventivo sobre la farola: 1652814;22/07/2026;24/07/2026;2;cuad55;FINALIZADA;2,95084839;-75,26008716
Julio;2122610;1652815;021084;LED;37;PRE;28;39A;Se ha realizado el mantenimiento preventivo sobre la farola: 1652815;22/07/2026;24/07/2026;2;cuad55;FINALIZADA;2,950515035;-75,26036
Julio;2103969;1653197;067350;LED;46,3;PRE;18A;34A;Se ha realizado el mantenimiento preventivo sobre la farola: 1653197;03/07/2026;03/07/2026;0;cuad55;FINALIZADA;2,940559107;-75,262273
Julio;2107823;1653213;021563;LED;37;PRE;19;20;Se ha realizado el mantenimiento preventivo sobre la farola: 1653213;07/07/2026;08/07/2026;1;cuad55;FINALIZADA;2,941453063;-75,26860702
Julio;2107819;1653229;021559;LED;37;PRE;19;20;Se ha realizado el mantenimiento preventivo sobre la farola: 1653229;07/07/2026;08/07/2026;1;cuad55;FINALIZADA;2,940918041;-75,27003297
Julio;2110598;1653295;021474;LED;37;PRE;26A;33;Se ha realizado el mantenimiento preventivo sobre la farola: 1653295;09/07/2026;10/07/2026;1;cuad59;FINALIZADA;2,947787047;-75,26666802
Julio;2102082;1653300;054183;LED;46,3;PRE;11;29A;Se ha realizado el mantenimiento preventivo sobre la farola: 1653300;01/07/2026;02/07/2026;1;cuad55;FINALIZADA;2,935300074;-75,26956298
Julio;2102083;1653301;054175;LED;46,3;PRE;11B;29;Se ha realizado el mantenimiento preventivo sobre la farola: 1653301;01/07/2026;02/07/2026;1;cuad55;FINALIZADA;2,935339116;-75,26973297
Julio;2124198;1653314;023616;LED;46,3;PRE;27;36;Se ha realizado el mantenimiento preventivo sobre la farola: 1653314;23/07/2026;24/07/2026;1;cuad56;FINALIZADA;2,948024098;-75,26393596
Julio;2123943;1653315;021498;LED;37;PRE;27;36;Se ha realizado el mantenimiento preventivo sobre la farola: 1653315;23/07/2026;24/07/2026;1;cuad55;FINALIZADA;2,948560073;-75,263803
Julio;2124185;1653316;022803;LED;37;PRE;27;36;Se ha realizado el mantenimiento preventivo sobre la farola: 1653316;23/07/2026;24/07/2026;1;cuad56;FINALIZADA;2,948946107;-75,26342497
Julio;2123923;1653317;019405;LED;37;PRE;27;36;Se ha realizado el mantenimiento preventivo sobre la farola: 1653317;23/07/2026;24/07/2026;1;cuad55;FINALIZADA;2,948055049;-75,26389304
Julio;2110609;1653319;023184;LED;46,3;PRE;27;34BIS;Se ha realizado el mantenimiento preventivo sobre la farola: 1653319;09/07/2026;10/07/2026;1;cuad59;FINALIZADA;2,948105065;-75,26509003
Julio;2110611;1653320;023195;LED;46,3;PRE;27;34BIS;Se ha realizado el mantenimiento preventivo sobre la farola: 1653320;09/07/2026;10/07/2026;1;cuad59;FINALIZADA;2,948093037;-75,26469104
Julio;2111108;1653441;065274;LED;46,3;PRE;15;4;Se ha realizado el mantenimiento preventivo sobre la farola: 1653441;10/07/2026;14/07/2026;4;cuad54;FINALIZADA;2,93268009;-75,29208899
Julio;2102057;1653482;050316;LED;27,8;PRE;12;28;Se ha realizado el mantenimiento preventivo sobre la farola: 1653482;01/07/2026;02/07/2026;1;cuad55;FINALIZADA;2,935794044;-75,27066297
Julio;2111020;1653483;054150;LED;46,3;PRE;12;28;Se ha realizado el mantenimiento preventivo sobre la farola: 1653483;10/07/2026;10/07/2026;0;cuad59;FINALIZADA;2,935602057;-75,27070297
Julio;2102086;1653485;054177;LED;46,3;PRE;12;26A;Se ha realizado el mantenimiento preventivo sobre la farola: 1653485;01/07/2026;02/07/2026;1;cuad55;FINALIZADA;2,935648052;-75,27129498
Julio;2107037;1653509;022060;LED;37;PRE;20;27;Se ha realizado el mantenimiento preventivo sobre la farola: 1653509;07/07/2026;08/07/2026;1;cuad55;FINALIZADA;2,941338076;-75,270844
Julio;2103924;1653620;054127;LED;46,3;PRE;12;26;Se ha realizado el mantenimiento preventivo sobre la farola: 1653620;03/07/2026;03/07/2026;0;cuad55;FINALIZADA;2,935558106;-75,27174398
Julio;2103640;1653621;054146;LED;46,3;PRE;12;26;Se ha realizado el mantenimiento preventivo sobre la farola: 1653621;02/07/2026;03/07/2026;1;cuad54;FINALIZADA;2,935518068;-75,27195399
Julio;2102073;1653622;023714;LED;46,3;PRE;12;26;Se ha realizado el mantenimiento preventivo sobre la farola: 1653622;01/07/2026;02/07/2026;1;cuad55;FINALIZADA;2,935512107;-75,27228198
Julio;2102079;1653626;054142;LED;46,3;PRE;11;24;Se ha realizado el mantenimiento preventivo sobre la farola: 1653626;01/07/2026;02/07/2026;1;cuad55;FINALIZADA;2,93547205;-75,27293498
Julio;2103925;1653674;023421;LED;46,3;PRE;12;20;Se ha realizado el mantenimiento preventivo sobre la farola: 1653674;03/07/2026;04/07/2026;1;cuad55;FINALIZADA;2,934340038;-75,27718401
Julio;2103926;1653676;024549;LED;46,3;PRE;12;19;Se ha realizado el mantenimiento preventivo sobre la farola: 1653676;03/07/2026;04/07/2026;1;cuad55;FINALIZADA;2,934233107;-75,27752997
Julio;2114201;1654652;067492;LED;27,8;PRE;5;4;Se ha realizado el mantenimiento preventivo sobre la farola: 1654652;14/07/2026;15/07/2026;1;cuad59;FINALIZADA;2,86582;-75,233519
Julio;2102065;1658200;019237;LED;37;PRE;29;6W;Se ha realizado el mantenimiento preventivo sobre la farola: 1658200;01/07/2026;03/07/2026;2;cuad55;FINALIZADA;2,9458881;-75,30190099
Julio;2111987;1659716;032097;LED;100;PRE;68;CALLE;Se ha realizado el mantenimiento preventivo sobre la farola: 1659716;10/07/2026;11/07/2026;1;cuad56;FINALIZADA;2,96349908;-75,28799097
Julio;2111975;1659818;030284;LED;92,6;PRE;64;4;Se ha realizado el mantenimiento preventivo sobre la farola: 1659818;10/07/2026;11/07/2026;1;cuad56;FINALIZADA;2,96181835;-75,2909594
Julio;2111104;1660620;003319;LED;27,8;PRE;20;9;Se ha realizado el mantenimiento preventivo sobre la farola: 1660620;10/07/2026;14/07/2026;4;cuad54;FINALIZADA;2,939573068;-75,28508202
Julio;2124195;1661165;021478;LED;37;PRE;27B;34B;Se ha realizado el mantenimiento preventivo sobre la farola: 1661165;23/07/2026;24/07/2026;1;cuad56;FINALIZADA;2,950093105;-75,26409302
Julio;2124197;1661166;020146;LED;37;PRE;27B;34B;Se ha realizado el mantenimiento preventivo sobre la farola: 1661166;23/07/2026;24/07/2026;1;cuad56;FINALIZADA;2,950069117;-75,264528
Julio;2123948;1661167;021480;LED;37;PRE;27B;35A;Se ha realizado el mantenimiento preventivo sobre la farola: 1661167;23/07/2026;24/07/2026;1;cuad55;FINALIZADA;2,950062094;-75,26362599
Julio;2124186;1661168;020606;LED;37;PRE;28;36A;Se ha realizado el mantenimiento preventivo sobre la farola: 1661168;23/07/2026;24/07/2026;1;cuad56;FINALIZADA;2,949992076;-75,263225
Julio;2123930;1661169;021472;LED;37;PRE;28;36A;Se ha realizado el mantenimiento preventivo sobre la farola: 1661169;23/07/2026;24/07/2026;1;cuad55;FINALIZADA;2,949992076;-75,263225
Julio;2124196;1661170;020637;LED;37;PRE;28;36A;Se ha realizado el mantenimiento preventivo sobre la farola: 1661170;23/07/2026;24/07/2026;1;cuad56;FINALIZADA;2,949648106;-75,26324004
Julio;2123938;1661171;019338;LED;37;PRE;28;36A;Se ha realizado el mantenimiento preventivo sobre la farola: 1661171;23/07/2026;24/07/2026;1;cuad55;FINALIZADA;2,949648106;-75,26324004
Julio;2124191;1661172;021459;LED;37;PRE;28;36A;Se ha realizado el mantenimiento preventivo sobre la farola: 1661172;23/07/2026;24/07/2026;1;cuad56;FINALIZADA;2,949363038;-75,26323196
Julio;2123941;1661173;021469;LED;37;PRE;28;36A;Se ha realizado el mantenimiento preventivo sobre la farola: 1661173;23/07/2026;24/07/2026;1;cuad55;FINALIZADA;2,949363038;-75,26323196
Julio;2124194;1661174;021482;LED;37;PRE;28;36A;Se ha realizado el mantenimiento preventivo sobre la farola: 1661174;23/07/2026;24/07/2026;1;cuad56;FINALIZADA;2,94909606;-75,26323802
Julio;2123945;1661175;021471;LED;37;PRE;28;36A;Se ha realizado el mantenimiento preventivo sobre la farola: 1661175;23/07/2026;24/07/2026;1;cuad55;FINALIZADA;2,94909606;-75,26323802
Julio;2122570;1661176;020854;LED;37;PRE;28;36A;Se ha realizado el mantenimiento preventivo sobre la farola: 1661176;22/07/2026;22/07/2026;0;cuad55;FINALIZADA;2,9502481;-75,26324603
Julio;2122558;1661177;020866;LED;37;PRE;28;36A;Se ha realizado el mantenimiento preventivo sobre la farola: 1661177;22/07/2026;22/07/2026;0;cuad55;FINALIZADA;2,9502481;-75,26324603
Julio;2122563;1661178;020814;LED;37;PRE;28;36A;Se ha realizado el mantenimiento preventivo sobre la farola: 1661178;22/07/2026;22/07/2026;0;cuad55;FINALIZADA;2,950594055;-75,26325196
Julio;2122574;1661179;020853;LED;37;PRE;28;36A;Se ha realizado el mantenimiento preventivo sobre la farola: 1661179;22/07/2026;22/07/2026;0;cuad55;FINALIZADA;2,950594055;-75,26325196
Julio;2124193;1661185;021118;LED;37;PRE;33;27B;Se ha realizado el mantenimiento preventivo sobre la farola: 1661185;23/07/2026;24/07/2026;1;cuad56;FINALIZADA;2,950100051;-75,26606396
Julio;2124179;1661186;020112;LED;37;PRE;33;27B;Se ha realizado el mantenimiento preventivo sobre la farola: 1661186;23/07/2026;24/07/2026;1;cuad56;FINALIZADA;2,950155031;-75,26654899
Julio;2124188;1661188;021117;LED;37;PRE;27B;33A;Se ha realizado el mantenimiento preventivo sobre la farola: 1661188;23/07/2026;24/07/2026;1;cuad56;FINALIZADA;2,950103111;-75,26575297
Julio;2123949;1661189;021113;LED;37;PRE;27B;33A;Se ha realizado el mantenimiento preventivo sobre la farola: 1661189;23/07/2026;24/07/2026;1;cuad55;FINALIZADA;2,950121116;-75,26537
Julio;2123946;1661190;021178;LED;37;PRE;33B;27B;Se ha realizado el mantenimiento preventivo sobre la farola: 1661190;23/07/2026;24/07/2026;1;cuad55;FINALIZADA;2,950113071;-75,264963
Julio;2122567;1661243;021711;LED;37;PRE;28;38A;Se ha realizado el mantenimiento preventivo sobre la farola: 1661243;22/07/2026;22/07/2026;0;cuad55;FINALIZADA;2,950630068;-75,26131801
Julio;2122608;1661250;021062;LED;37;PRE;CARRERA;38A;Se ha realizado el mantenimiento preventivo sobre la farola: 1661250;22/07/2026;24/07/2026;2;cuad55;FINALIZADA;2,950813083;-75,26287002
Julio;2102070;1663762;067122;LED;37;PRE;19;34A;Se ha realizado el mantenimiento preventivo sobre la farola: 1663762;01/07/2026;02/07/2026;1;cuad55;FINALIZADA;2,940799031;-75,26570803
Julio;2102069;1663768;067172;LED;37;PRE;19;33;Se ha realizado el mantenimiento preventivo sobre la farola: 1663768;01/07/2026;02/07/2026;1;cuad55;FINALIZADA;2,9409321;-75,26613602
Julio;2107052;1663797;021550;LED;37;PRE;19;20;Se ha realizado el mantenimiento preventivo sobre la farola: 1663797;07/07/2026;07/07/2026;0;cuad55;FINALIZADA;2,941191065;-75,26859598
Julio;2107839;1663830;021529;LED;37;PRE;20;30;Se ha realizado el mantenimiento preventivo sobre la farola: 1663830;07/07/2026;08/07/2026;1;cuad55;FINALIZADA;2,940822034;-75,269364
Julio;2107095;1663831;021556;LED;37;PRE;20;30;Se ha realizado el mantenimiento preventivo sobre la farola: 1663831;07/07/2026;07/07/2026;0;cuad55;FINALIZADA;2,940799054;-75,26936597
Julio;2107838;1663832;021560;LED;37;PRE;20;30;Se ha realizado el mantenimiento preventivo sobre la farola: 1663832;07/07/2026;08/07/2026;1;cuad55;FINALIZADA;2,941084035;-75,269361
Julio;2107131;1663833;021517;LED;37;PRE;18;30;Se ha realizado el mantenimiento preventivo sobre la farola: 1663833;07/07/2026;07/07/2026;0;cuad55;FINALIZADA;2,941641058;-75,26935898
Julio;2107061;1663843;021577;LED;37;PRE;19;20;Se ha realizado el mantenimiento preventivo sobre la farola: 1663843;07/07/2026;07/07/2026;0;cuad55;FINALIZADA;2,941171087;-75,27002403
Julio;2107096;1663845;021527;LED;37;PRE;20;20;Se ha realizado el mantenimiento preventivo sobre la farola: 1663845;07/07/2026;07/07/2026;0;cuad55;FINALIZADA;2,941403058;-75,269997
Julio;2107833;1663846;021526;LED;37;PRE;21;20;Se ha realizado el mantenimiento preventivo sobre la farola: 1663846;07/07/2026;08/07/2026;1;cuad55;FINALIZADA;2,941713095;-75,27000904
Julio;2109372;1664199;020914;LED;37;PRE;25;32;Se ha realizado el mantenimiento preventivo sobre la farola: 1664199;08/07/2026;09/07/2026;1;cuad55;FINALIZADA;2,947038085;-75,26689001
Julio;2109707;1664200;020335;LED;37;PRE;25;32;Se ha realizado el mantenimiento preventivo sobre la farola: 1664200;09/07/2026;09/07/2026;0;cuad55;FINALIZADA;2,947052045;-75,26715097
Julio;2107852;1664205;019269;LED;37;PRE;25;33;Se ha realizado el mantenimiento preventivo sobre la farola: 1664205;07/07/2026;08/07/2026;1;cuad55;FINALIZADA;2,946892118;-75,26667798
Julio;2109712;1664207;021496;LED;37;PRE;25;33;Se ha realizado el mantenimiento preventivo sobre la farola: 1664207;09/07/2026;09/07/2026;0;cuad55;FINALIZADA;2,946745073;-75,26643201
Julio;2109695;1664210;020373;LED;37;PRE;25;32;Se ha realizado el mantenimiento preventivo sobre la farola: 1664210;09/07/2026;09/07/2026;0;cuad55;FINALIZADA;2,946740073;-75,26691001
Julio;2109719;1664215;019948;LED;37;PRE;26;33;Se ha realizado el mantenimiento preventivo sobre la farola: 1664215;09/07/2026;09/07/2026;0;cuad55;FINALIZADA;2,947427032;-75,26643901
Julio;2109717;1664216;020387;LED;37;PRE;26;34;Se ha realizado el mantenimiento preventivo sobre la farola: 1664216;09/07/2026;09/07/2026;0;cuad55;FINALIZADA;2,947412069;-75,26621297
Julio;2109720;1664217;020361;LED;37;PRE;26;32;Se ha realizado el mantenimiento preventivo sobre la farola: 1664217;09/07/2026;09/07/2026;0;cuad55;FINALIZADA;2,947400095;-75,26596704
Julio;2109711;1664220;020340;LED;37;PRE;26;32;Se ha realizado el mantenimiento preventivo sobre la farola: 1664220;09/07/2026;09/07/2026;0;cuad55;FINALIZADA;2,947415044;-75,26738304
Julio;2110597;1664221;021443;LED;37;PRE;26A;33;Se ha realizado el mantenimiento preventivo sobre la farola: 1664221;09/07/2026;10/07/2026;1;cuad59;FINALIZADA;2,947757067;-75,26643396
Julio;2110596;1664222;021432;LED;37;PRE;26A;33;Se ha realizado el mantenimiento preventivo sobre la farola: 1664222;09/07/2026;10/07/2026;1;cuad59;FINALIZADA;2,947749077;-75,26617903
Julio;2110560;1664223;021408;LED;37;PRE;26A;33;Se ha realizado el mantenimiento preventivo sobre la farola: 1664223;09/07/2026;10/07/2026;1;cuad59;FINALIZADA;2,947801057;-75,26596704
Julio;2110561;1664224;021415;LED;37;PRE;26A;33;Se ha realizado el mantenimiento preventivo sobre la farola: 1664224;09/07/2026;10/07/2026;1;cuad59;FINALIZADA;2,947726098;-75,26692896
Julio;2110584;1664225;021428;LED;37;PRE;26A;33;Se ha realizado el mantenimiento preventivo sobre la farola: 1664225;09/07/2026;10/07/2026;1;cuad59;FINALIZADA;2,947758066;-75,26716797
Julio;2110599;1664226;021477;LED;37;PRE;26A;33;Se ha realizado el mantenimiento preventivo sobre la farola: 1664226;09/07/2026;10/07/2026;1;cuad59;FINALIZADA;2,94774408;-75,26739104
Julio;2110555;1664227;000718;LED;37;PRE;26A;33;Se ha realizado el mantenimiento preventivo sobre la farola: 1664227;09/07/2026;15/07/2026;6;cuad59;FINALIZADA;2,947760044;-75,26759801
Julio;2110610;1664229;023186;LED;46,3;PRE;27;32BIS;Se ha realizado el mantenimiento preventivo sobre la farola: 1664229;09/07/2026;10/07/2026;1;cuad59;FINALIZADA;2,948076098;-75,26666602
Julio;2110608;1664230;023133;LED;46,3;PRE;27;32BIS;Se ha realizado el mantenimiento preventivo sobre la farola: 1664230;09/07/2026;10/07/2026;1;cuad59;FINALIZADA;2,948079119;-75,26689404
Julio;2110606;1664231;023110;LED;46,3;PRE;27;32BIS;Se ha realizado el mantenimiento preventivo sobre la farola: 1664231;09/07/2026;10/07/2026;1;cuad59;FINALIZADA;2,948105115;-75,26714196
Julio;2110607;1664232;023131;LED;46,3;PRE;27;32BIS;Se ha realizado el mantenimiento preventivo sobre la farola: 1664232;09/07/2026;10/07/2026;1;cuad59;FINALIZADA;2,94808606;-75,267376
Julio;2109398;1664234;023191;LED;46,3;PRE;27;33;Se ha realizado el mantenimiento preventivo sobre la farola: 1664234;08/07/2026;09/07/2026;1;cuad54;FINALIZADA;2,948118038;-75,26644701
Julio;2109399;1664235;023135;LED;46,3;PRE;27;33;Se ha realizado el mantenimiento preventivo sobre la farola: 1664235;08/07/2026;09/07/2026;1;cuad54;FINALIZADA;2,94812208;-75,266191
Julio;2109397;1664236;023132;LED;46,3;PRE;27;33;Se ha realizado el mantenimiento preventivo sobre la farola: 1664236;08/07/2026;09/07/2026;1;cuad54;FINALIZADA;2,948098072;-75,26595703
Julio;2102085;1664265;054133;LED;46,3;PRE;12;29A;Se ha realizado el mantenimiento preventivo sobre la farola: 1664265;01/07/2026;02/07/2026;1;cuad55;FINALIZADA;2,935239112;-75,26913203
Julio;2102080;1664272;034203;LED;46,3;PRE;11;29A;Se ha realizado el mantenimiento preventivo sobre la farola: 1664272;01/07/2026;02/07/2026;1;cuad55;FINALIZADA;2,935264118;-75,26935601
Julio;2107836;1664283;021597;LED;37;PRE;21;30;Se ha realizado el mantenimiento preventivo sobre la farola: 1664283;07/07/2026;08/07/2026;1;cuad55;FINALIZADA;2,941940057;-75,26862703
Julio;2107041;1664284;021596;LED;37;PRE;21;30;Se ha realizado el mantenimiento preventivo sobre la farola: 1664284;07/07/2026;07/07/2026;0;cuad55;FINALIZADA;2,942200058;-75,26866596
Julio;2107837;1664285;021511;LED;37;PRE;21;30;Se ha realizado el mantenimiento preventivo sobre la farola: 1664285;07/07/2026;08/07/2026;1;cuad55;FINALIZADA;2,94240407;-75,26865098
Julio;2107047;1664286;021568;LED;37;PRE;21;30;Se ha realizado el mantenimiento preventivo sobre la farola: 1664286;07/07/2026;07/07/2026;0;cuad55;FINALIZADA;2,942621103;-75,26866696
Julio;2107071;1664294;021598;LED;37;PRE;21A;30;Se ha realizado el mantenimiento preventivo sobre la farola: 1664294;07/07/2026;07/07/2026;0;cuad55;FINALIZADA;2,942900108;-75,26868296
Julio;2107063;1664295;021504;LED;37;PRE;21A;30;Se ha realizado el mantenimiento preventivo sobre la farola: 1664295;07/07/2026;07/07/2026;0;cuad55;FINALIZADA;2,942814058;-75,26873999
Julio;2102084;1664302;054132;LED;46,3;PRE;28;NEIVA;Se ha realizado el mantenimiento preventivo sobre la farola: 1664302;01/07/2026;02/07/2026;1;cuad55;FINALIZADA;2,935495;-75,26981
Julio;2109375;1664355;020199;LED;37;PRE;25;33;Se ha realizado el mantenimiento preventivo sobre la farola: 1664355;08/07/2026;09/07/2026;1;cuad55;FINALIZADA;2,946031095;-75,26639306
Julio;2109396;1664356;021492;LED;37;PRE;25;33;Se ha realizado el mantenimiento preventivo sobre la farola: 1664356;08/07/2026;09/07/2026;1;cuad54;FINALIZADA;2,946037031;-75,26616
Julio;2109374;1664358;020330;LED;37;PRE;25;33;Se ha realizado el mantenimiento preventivo sobre la farola: 1664358;08/07/2026;09/07/2026;1;cuad55;FINALIZADA;2,946021151;-75,266735
Julio;2109710;1664359;020331;LED;37;PRE;25;32;Se ha realizado el mantenimiento preventivo sobre la farola: 1664359;09/07/2026;09/07/2026;0;cuad55;FINALIZADA;2,946031049;-75,26696095
Julio;2108217;1664386;008060;LED;27,8;PRE;32 BIS;33;Se ha realizado el mantenimiento preventivo sobre la farola: 1664386;08/07/2026;08/07/2026;0;cuad55;FINALIZADA;2,946345032;-75,26749203
Julio;2111053;1664387;019437;LED;37;PRE;25;34C;Se ha realizado el mantenimiento preventivo sobre la farola: 1664387;10/07/2026;10/07/2026;0;cuad59;FINALIZADA;2,946745031;-75,26509799
Julio;2109713;1664389;019323;LED;37;PRE;25;34C;Se ha realizado el mantenimiento preventivo sobre la farola: 1664389;09/07/2026;09/07/2026;0;cuad55;FINALIZADA;2,946730115;-75,26467101
Julio;2110600;1664392;021485;LED;37;PRE;25A;34B15;Se ha realizado el mantenimiento preventivo sobre la farola: 1664392;09/07/2026;10/07/2026;1;cuad59;FINALIZADA;2,946737056;-75,26553198
Julio;2109714;1664394;021419;LED;37;PRE;25A;34B15;Se ha realizado el mantenimiento preventivo sobre la farola: 1664394;09/07/2026;09/07/2026;0;cuad55;FINALIZADA;2,946728061;-75,26569404
Julio;2109378;1664398;020342;LED;37;PRE;25A;34B15;Se ha realizado el mantenimiento preventivo sobre la farola: 1664398;08/07/2026;09/07/2026;1;cuad55;FINALIZADA;2,947060039;-75,26550803
Julio;2111042;1664399;021489;LED;37;PRE;25A;34B15;Se ha realizado el mantenimiento preventivo sobre la farola: 1664399;10/07/2026;10/07/2026;0;cuad59;FINALIZADA;2,947049049;-75,26568701
Julio;2109693;1664400;020328;LED;37;PRE;25A;34B15;Se ha realizado el mantenimiento preventivo sobre la farola: 1664400;09/07/2026;09/07/2026;0;cuad55;FINALIZADA;2,947058045;-75,26590199
Julio;2109377;1664403;019875;LED;37;PRE;25B;33;Se ha realizado el mantenimiento preventivo sobre la farola: 1664403;08/07/2026;09/07/2026;1;cuad55;FINALIZADA;2,947079082;-75,26645198
Julio;2107849;1664405;069806;LED;37;PRE;25B;34B;Se ha realizado el mantenimiento preventivo sobre la farola: 1664405;07/07/2026;08/07/2026;1;cuad55;FINALIZADA;2,947092037;-75,26486798
Julio;2107850;1664406;019301;LED;37;PRE;25B;34B;Se ha realizado el mantenimiento preventivo sobre la farola: 1664406;07/07/2026;08/07/2026;1;cuad55;FINALIZADA;2,947088109;-75,26464797
Julio;2109703;1664409;019326;LED;37;PRE;26;34B;Se ha realizado el mantenimiento preventivo sobre la farola: 1664409;09/07/2026;09/07/2026;0;cuad55;FINALIZADA;2,94749005;-75,26509403
Julio;2109716;1664410;019331;LED;37;PRE;26;34B;Se ha realizado el mantenimiento preventivo sobre la farola: 1664410;09/07/2026;09/07/2026;0;cuad55;FINALIZADA;2,947487031;-75,26485503
Julio;2109706;1664411;019307;LED;37;PRE;26;34B;Se ha realizado el mantenimiento preventivo sobre la farola: 1664411;09/07/2026;09/07/2026;0;cuad55;FINALIZADA;2,947438038;-75,26468296
Julio;2109699;1664418;019315;LED;37;PRE;26A;34B;Se ha realizado el mantenimiento preventivo sobre la farola: 1664418;09/07/2026;09/07/2026;0;cuad55;FINALIZADA;2,947793118;-75,26512001
Julio;2109702;1664419;019308;LED;37;PRE;26A;34B;Se ha realizado el mantenimiento preventivo sobre la farola: 1664419;09/07/2026;09/07/2026;0;cuad55;FINALIZADA;2,947803034;-75,264891
Julio;2107853;1664420;019304;LED;37;PRE;26A;34B;Se ha realizado el mantenimiento preventivo sobre la farola: 1664420;07/07/2026;08/07/2026;1;cuad55;FINALIZADA;2,947809059;-75,26466397
Julio;2110558;1664423;019084;LED;37;PRE;26A;34B15;Se ha realizado el mantenimiento preventivo sobre la farola: 1664423;09/07/2026;10/07/2026;1;cuad59;FINALIZADA;2,947823095;-75,26536397
Julio;2109721;1664424;021203;LED;37;PRE;26A;34B15;Se ha realizado el mantenimiento preventivo sobre la farola: 1664424;09/07/2026;09/07/2026;0;cuad55;FINALIZADA;2,947779095;-75,26549696
Julio;2110570;1664425;021416;LED;37;PRE;26A;34B15;Se ha realizado el mantenimiento preventivo sobre la farola: 1664425;09/07/2026;10/07/2026;1;cuad59;FINALIZADA;2,947800118;-75,265732
Julio;2123940;1664481;021406;LED;37;PRE;27;36;Se ha realizado el mantenimiento preventivo sobre la farola: 1664481;23/07/2026;24/07/2026;1;cuad55;FINALIZADA;2,948281041;-75,263902
Julio;2124187;1664482;021441;LED;37;PRE;27;36;Se ha realizado el mantenimiento preventivo sobre la farola: 1664482;23/07/2026;24/07/2026;1;cuad56;FINALIZADA;2,94845303;-75,26387604
Julio;2124189;1664483;021437;LED;37;PRE;27;36;Se ha realizado el mantenimiento preventivo sobre la farola: 1664483;23/07/2026;24/07/2026;1;cuad56;FINALIZADA;2,948754084;-75,26361704
Julio;2123925;1664484;019435;LED;37;PRE;27;36;Se ha realizado el mantenimiento preventivo sobre la farola: 1664484;23/07/2026;24/07/2026;1;cuad55;FINALIZADA;2,947910119;-75,26388302
Julio;2123926;1664485;019312;LED;37;PRE;27;36;Se ha realizado el mantenimiento preventivo sobre la farola: 1664485;23/07/2026;24/07/2026;1;cuad55;FINALIZADA;2,947754058;-75,26388802
Julio;2123924;1664491;019309;LED;37;PRE;24;36;Se ha realizado el mantenimiento preventivo sobre la farola: 1664491;23/07/2026;24/07/2026;1;cuad55;FINALIZADA;2,947281099;-75,26381502
Julio;2123928;1664494;019438;LED;37;PRE;24;36;Se ha realizado el mantenimiento preventivo sobre la farola: 1664494;23/07/2026;24/07/2026;1;cuad55;FINALIZADA;2,946943089;-75,26387703
Julio;2110612;1664516;023369;LED;46,3;PRE;27;34BIS;Se ha realizado el mantenimiento preventivo sobre la farola: 1664516;09/07/2026;10/07/2026;1;cuad59;FINALIZADA;2,948092078;-75,26529699
Julio;2110603;1664517;023105;LED;46,3;PRE;27;34BIS;Se ha realizado el mantenimiento preventivo sobre la farola: 1664517;09/07/2026;10/07/2026;1;cuad59;FINALIZADA;2,948100059;-75,26559098
Julio;2110604;1664518;023106;LED;46,3;PRE;27;34BIS;Se ha realizado el mantenimiento preventivo sobre la farola: 1664518;09/07/2026;10/07/2026;1;cuad59;FINALIZADA;2,94808904;-75,26589296
Julio;2110613;1664519;023614;LED;46,3;PRE;27;34BIS;Se ha realizado el mantenimiento preventivo sobre la farola: 1664519;09/07/2026;10/07/2026;1;cuad59;FINALIZADA;2,948086117;-75,26487703
Julio;2111101;1664983;007756;LED;27,8;PRE;14;2;Se ha realizado el mantenimiento preventivo sobre la farola: 1664983;10/07/2026;14/07/2026;4;cuad54;FINALIZADA;2,9308321;-75,29334603
Julio;2111107;1665075;065242;LED;46,3;PRE;12;3;Se ha realizado el mantenimiento preventivo sobre la farola: 1665075;10/07/2026;14/07/2026;4;cuad54;FINALIZADA;2,929990063;-75,29210602
Julio;2107136;1665464;021455;LED;37;PRE;20;27;Se ha realizado el mantenimiento preventivo sobre la farola: 1665464;07/07/2026;08/07/2026;1;cuad55;FINALIZADA;2,941646039;-75,27082698
Julio;2111033;1665465;021547;LED;37;PRE;20;27;Se ha realizado el mantenimiento preventivo sobre la farola: 1665465;10/07/2026;10/07/2026;0;cuad59;FINALIZADA;2,941839095;-75,27085303
Julio;2107072;1665467;021574;LED;37;PRE;20;27;Se ha realizado el mantenimiento preventivo sobre la farola: 1665467;07/07/2026;07/07/2026;0;cuad55;FINALIZADA;2,941971099;-75,27081599
Julio;2107078;1665468;021520;LED;37;PRE;21;27;Se ha realizado el mantenimiento preventivo sobre la farola: 1665468;07/07/2026;07/07/2026;0;cuad55;FINALIZADA;2,942281063;-75,27075596
Julio;2107831;1665469;021545;LED;37;PRE;21;27;Se ha realizado el mantenimiento preventivo sobre la farola: 1665469;07/07/2026;08/07/2026;1;cuad55;FINALIZADA;2,94259011;-75,27074802
Julio;2107043;1665470;021557;LED;37;PRE;21;27;Se ha realizado el mantenimiento preventivo sobre la farola: 1665470;07/07/2026;07/07/2026;0;cuad55;FINALIZADA;2,942897071;-75,27075602
Julio;2107797;1665471;021599;LED;37;PRE;21;27;Se ha realizado el mantenimiento preventivo sobre la farola: 1665471;07/07/2026;08/07/2026;1;cuad55;FINALIZADA;2,94320504;-75,27071497
Julio;2107056;1665484;021531;LED;37;PRE;20A;26;Se ha realizado el mantenimiento preventivo sobre la farola: 1665484;07/07/2026;08/07/2026;1;cuad55;FINALIZADA;2,941581106;-75,271098
Julio;2107765;1665485;021554;LED;37;PRE;20;21;Se ha realizado el mantenimiento preventivo sobre la farola: 1665485;07/07/2026;08/07/2026;1;cuad55;FINALIZADA;2,941158036;-75,27086502
Julio;2107109;1665486;021532;LED;37;PRE;20;21;Se ha realizado el mantenimiento preventivo sobre la farola: 1665486;07/07/2026;08/07/2026;1;cuad55;FINALIZADA;2,941190103;-75,27106902
Julio;2107830;1665488;021575;LED;37;PRE;20;21;Se ha realizado el mantenimiento preventivo sobre la farola: 1665488;07/07/2026;08/07/2026;1;cuad55;FINALIZADA;2,941004058;-75,27085697
Julio;2122462;1665662;009421;LED;27,8;PRE;12;12;Se ha realizado el mantenimiento preventivo sobre la farola: 1665662;22/07/2026;22/07/2026;0;cuad55;FINALIZADA;2,951292082;-75,264548
Julio;2102072;1666038;054140;LED;46,3;PRE;12;24;Se ha realizado el mantenimiento preventivo sobre la farola: 1666038;01/07/2026;02/07/2026;1;cuad55;FINALIZADA;2,935525062;-75,27257803
Julio;2102075;1666060;054143;LED;46,3;PRE;12;24;Se ha realizado el mantenimiento preventivo sobre la farola: 1666060;01/07/2026;02/07/2026;1;cuad55;FINALIZADA;2,935484039;-75,27311
Julio;2104790;1666287;024736;LED;46,3;PRE;11C;21;Se ha realizado el mantenimiento preventivo sobre la farola: 1666287;04/07/2026;04/07/2026;0;cuad55;FINALIZADA;2,934720118;-75,27602304
Julio;2103978;1666288;024702;LED;46,3;PRE;11C;21;Se ha realizado el mantenimiento preventivo sobre la farola: 1666288;03/07/2026;04/07/2026;1;cuad55;FINALIZADA;2,934688048;-75,27620003
Julio;2103973;1666295;023491;LED;46,3;PRE;11C;21;Se ha realizado el mantenimiento preventivo sobre la farola: 1666295;03/07/2026;04/07/2026;1;cuad55;FINALIZADA;2,934617087;-75,27669501
Julio;2103975;1666296;023487;LED;46,3;PRE;11C;21;Se ha realizado el mantenimiento preventivo sobre la farola: 1666296;03/07/2026;04/07/2026;1;cuad55;FINALIZADA;2,934606031;-75,27676898
Julio;2103976;1666297;023494;LED;46,3;PRE;11;20;Se ha realizado el mantenimiento preventivo sobre la farola: 1666297;03/07/2026;04/07/2026;1;cuad55;FINALIZADA;2,934493078;-75,276958
Julio;2114200;1671378;067498;LED;27,8;PRE;3;2;Se ha realizado el mantenimiento preventivo sobre la farola: 1671378;14/07/2026;15/07/2026;1;cuad59;FINALIZADA;2,863904;-75,234414
Julio;2114203;1671797;026590;LED;92,6;PRE;3A;5;Se ha realizado el mantenimiento preventivo sobre la farola: 1671797;14/07/2026;15/07/2026;1;cuad59;FINALIZADA;2,86468611;-75,23351269
Julio;2114202;1671803;067451;LED;27,8;PRE;5;4;Se ha realizado el mantenimiento preventivo sobre la farola: 1671803;14/07/2026;15/07/2026;1;cuad59;FINALIZADA;2,865782;-75,233761
Julio;2114199;1672224;066931;LED;27,8;PRE;3;6;Se ha realizado el mantenimiento preventivo sobre la farola: 1672224;14/07/2026;15/07/2026;1;cuad59;FINALIZADA;2,86396;-75,232538
Julio;2114197;1718844;041253;LED;37;PRE;KR36;CL23SUR;Se ha realizado el mantenimiento preventivo sobre la farola: 1718844;14/07/2026;15/07/2026;1;cuad59;FINALIZADA;2,906090092;-75,26387099
Julio;2114198;1718845;022508;LED;37;PRE;KR36;CL23SUR;Se ha realizado el mantenimiento preventivo sobre la farola: 1718845;14/07/2026;15/07/2026;1;cuad59;FINALIZADA;2,906090092;-75,26387099
Julio;2103957;1721032;067385;LED;46,3;PRE;34A;18A;Se ha realizado el mantenimiento preventivo sobre la farola: 1721032;03/07/2026;03/07/2026;0;cuad55;FINALIZADA;2,940559107;-75,262273
Julio;2111959;1721263;028619;LED;74,1;PRE;CARLOSPIZARRO;CARLOSPIZARRO;Se ha realizado el mantenimiento preventivo sobre la farola: 1721263;10/07/2026;11/07/2026;1;cuad56;FINALIZADA;2,96566;-75,295787
Julio;2102055;1721462;050333;LED;27,8;PRE;KENNEDY;KENNEDY;Se ha realizado el mantenimiento preventivo sobre la farola: 1721462;01/07/2026;02/07/2026;1;cuad55;FINALIZADA;2,935702037;-75,2710317
Julio;2111105;1721664;007728;LED;27,8;PRE;CENTRO;CENTRO;Se ha realizado el mantenimiento preventivo sobre la farola: 1721664;10/07/2026;14/07/2026;4;cuad54;FINALIZADA;2,927917114;-75,29286998
Julio;2109376;1721811;021421;LED;37;PRE;ELTESORO;ELTESORO;Se ha realizado el mantenimiento preventivo sobre la farola: 1721811;08/07/2026;09/07/2026;1;cuad55;FINALIZADA;2,946041065;-75,26669199
Julio;2110605;1721812;023109;LED;46,3;PRE;ELTESORO;ELTESORO;Se ha realizado el mantenimiento preventivo sobre la farola: 1721812;09/07/2026;10/07/2026;1;cuad59;FINALIZADA;2,948062035;-75,26570399
Julio;2102043;1721814;026922;LED;60,2;PRE;ELTESORO;ELTESORO;Se ha realizado el mantenimiento preventivo sobre la farola: 1721814;01/07/2026;02/07/2026;1;cuad55;FINALIZADA;2,944981101;-75,26299004
Julio;2102048;1721815;026944;LED;60,2;PRE;ELTESORO;ELTESORO;Se ha realizado el mantenimiento preventivo sobre la farola: 1721815;01/07/2026;02/07/2026;1;cuad55;FINALIZADA;2,944702085;-75,26301796
Julio;2102045;1721816;026903;LED;60,2;PRE;ELTESORO;ELTESORO;Se ha realizado el mantenimiento preventivo sobre la farola: 1721816;01/07/2026;02/07/2026;1;cuad55;FINALIZADA;2,944438064;-75,26314703
Julio;2110602;1727522;021546;LED;37;PRE;27;20A;Se ha realizado el mantenimiento preventivo sobre la farola: 1727522;09/07/2026;10/07/2026;1;cuad59;FINALIZADA;2,941171064;-75,27086196
Julio;2110601;1727523;021519;LED;37;PRE;28;20B;Se ha realizado el mantenimiento preventivo sobre la farola: 1727523;09/07/2026;10/07/2026;1;cuad59;FINALIZADA;2,94153503;-75,27083802
Julio;2107848;1727531;021307;LED;37;PRE;32;25BIS;Se ha realizado el mantenimiento preventivo sobre la farola: 1727531;07/07/2026;08/07/2026;1;cuad55;FINALIZADA;2,946345032;-75,26749203
Julio;2107845;1727533;019832;LED;37;PRE;33;25;Se ha realizado el mantenimiento preventivo sobre la farola: 1727533;07/07/2026;08/07/2026;1;cuad55;FINALIZADA;2,947040036;-75,26667801
Julio;2107067;1730255;021522;LED;37;PRE;BUGANVILES;BUGANVILES;Se ha realizado el mantenimiento preventivo sobre la farola: 1730255;07/07/2026;07/07/2026;0;cuad55;FINALIZADA;2,943081043;-75,26870397
Julio;2107073;1730256;021548;LED;37;PRE;BUGANVILES;BUGANVILES;Se ha realizado el mantenimiento preventivo sobre la farola: 1730256;07/07/2026;08/07/2026;1;cuad55;FINALIZADA;2,943479036;-75,26975202
Julio;2107847;1730257;021525;LED;37;PRE;BUGANVILES;BUGANVILES;Se ha realizado el mantenimiento preventivo sobre la farola: 1730257;07/07/2026;08/07/2026;1;cuad55;FINALIZADA;2,943416084;-75,26969001
Julio;2107821;1730258;021540;LED;37;PRE;BUGANVILES;BUGANVILES;Se ha realizado el mantenimiento preventivo sobre la farola: 1730258;07/07/2026;08/07/2026;1;cuad55;FINALIZADA;2,943337036;-75,26959901
Julio;2107001;1730269;004759;LED;27,8;PRE;ELJARDIN;ELJARDIN;Se ha realizado el mantenimiento preventivo sobre la farola: 1730269;07/07/2026;08/07/2026;1;cuad55;FINALIZADA;2,943329113;-75,26944298
Julio;2110556;1730270;004874;LED;27,8;PRE;ELJARDIN;ELJARDIN;Se ha realizado el mantenimiento preventivo sobre la farola: 1730270;09/07/2026;15/07/2026;6;cuad59;FINALIZADA;2,943332039;-75,26931403
Julio;2107020;1730271;004673;LED;27,8;PRE;ELJARDIN;ELJARDIN;Se ha realizado el mantenimiento preventivo sobre la farola: 1730271;07/07/2026;08/07/2026;1;cuad55;FINALIZADA;2,943353067;-75,26915296
Julio;2110559;1730697;021124;LED;37;PRE;ELTESORO;ELTESORO;Se ha realizado el mantenimiento preventivo sobre la farola: 1730697;09/07/2026;10/07/2026;1;cuad59;FINALIZADA;2,947267114;-75,26667896
Julio;2107022;1731760;017785;LED;27,8;PRE;BUGANVILES;BUGANVILES;Se ha realizado el mantenimiento preventivo sobre la farola: 1731760;07/07/2026;07/07/2026;0;cuad55;FINALIZADA;2,940540116;-75,26717498
Julio;2114183;1731940;048070;LED;60,2;PRE;SANBERNARDO;CALLE;Se ha realizado el mantenimiento preventivo sobre la farola: 1731940;14/07/2026;15/07/2026;1;cuad59;FINALIZADA;2,95353468;-75,2833114
Julio;2102077;1735146;024674;LED;46,3;PRE;31;14A;Se ha realizado el mantenimiento preventivo sobre la farola: 1735146;01/07/2026;02/07/2026;1;cuad55;FINALIZADA;2,93715905;-75,26767736
Julio;2102076;1735147;023403;LED;46,3;PRE;31;17;Se ha realizado el mantenimiento preventivo sobre la farola: 1735147;01/07/2026;02/07/2026;1;cuad55;FINALIZADA;2,938196369;-75,26770866
Julio;2102058;1735182;007551;LED;27,8;PRE;27;15;Se ha realizado el mantenimiento preventivo sobre la farola: 1735182;01/07/2026;02/07/2026;1;cuad55;FINALIZADA;2,93721383;-75,27010757
Julio;2102059;1735184;007591;LED;27,8;PRE;27;15;Se ha realizado el mantenimiento preventivo sobre la farola: 1735184;01/07/2026;02/07/2026;1;cuad55;FINALIZADA;2,936461189;-75,27020448
Julio;2114191;1735676;052116;LED;27,8;PRE;VICENTEARAUJO;VICENTEARAUJO;Se ha realizado el mantenimiento preventivo sobre la farola: 1735676;14/07/2026;15/07/2026;1;cuad59;FINALIZADA;2,973741702;-75,28894838
Julio;2124219;1736080;025344;LED;60,2;PRE;AVICHENTE;AVICHENTE;Se ha realizado el mantenimiento preventivo sobre la farola: 1736080;23/07/2026;24/07/2026;1;cuad56;FINALIZADA;2,946719092;-75,260795
Julio;2124233;1736083;025343;LED;60,2;PRE;AVICHENTE;AVICHENTE;Se ha realizado el mantenimiento preventivo sobre la farola: 1736083;23/07/2026;24/07/2026;1;cuad56;FINALIZADA;2,946508078;-75,26057098
Julio;2124224;1736084;025349;LED;60,2;PRE;AVICHENTE;AVICHENTE;Se ha realizado el mantenimiento preventivo sobre la farola: 1736084;23/07/2026;24/07/2026;1;cuad56;FINALIZADA;2,946395081;-75,26057096
Julio;2124223;1736085;025350;LED;60,2;PRE;AVICHENTE;AVICHENTE;Se ha realizado el mantenimiento preventivo sobre la farola: 1736085;23/07/2026;24/07/2026;1;cuad56;FINALIZADA;2,946341072;-75,26056698
Julio;2124225;1736086;025346;LED;60,2;PRE;AVICHENTE;AVICHENTE;Se ha realizado el mantenimiento preventivo sobre la farola: 1736086;23/07/2026;24/07/2026;1;cuad56;FINALIZADA;2,946347097;-75,260336
Julio;2124218;1736088;025342;LED;60,2;PRE;AVICHENTE;AVICHENTE;Se ha realizado el mantenimiento preventivo sobre la farola: 1736088;23/07/2026;24/07/2026;1;cuad56;FINALIZADA;2,946071108;-75,26057502
Julio;2124221;1736092;062496;LED;60,2;PRE;AVICHENTE;AVICHENTE;Se ha realizado el mantenimiento preventivo sobre la farola: 1736092;23/07/2026;24/07/2026;1;cuad56;FINALIZADA;2,945774071;-75,26067897
Julio;2124226;1736093;027261;LED;60,2;PRE;AVICHENTE;AVICHENTE;Se ha realizado el mantenimiento preventivo sobre la farola: 1736093;23/07/2026;24/07/2026;1;cuad56;FINALIZADA;2,945775117;-75,26084797
Julio;2124229;1736126;027248;LED;60,2;PRE;AVICHENTE;AVICHENTE;Se ha realizado el mantenimiento preventivo sobre la farola: 1736126;23/07/2026;24/07/2026;1;cuad56;FINALIZADA;2,946705093;-75,25992098
Julio;2124227;1736127;025068;LED;60,2;PRE;AVICHENTE;AVICHENTE;Se ha realizado el mantenimiento preventivo sobre la farola: 1736127;23/07/2026;24/07/2026;1;cuad56;FINALIZADA;2,946347059;-75,260114
Julio;2124230;1736129;027251;LED;60,2;PRE;AVICHENTE;AVICHENTE;Se ha realizado el mantenimiento preventivo sobre la farola: 1736129;23/07/2026;24/07/2026;1;cuad56;FINALIZADA;2,94598207;-75,25986997
Julio;2124235;1736130;027240;LED;60,2;PRE;AVICHENTE;AVICHENTE;Se ha realizado el mantenimiento preventivo sobre la farola: 1736130;23/07/2026;24/07/2026;1;cuad56;FINALIZADA;2,945775076;-75,25986596
Julio;2124228;1736131;027209;LED;60,2;PRE;AVICHENTE;AVICHENTE;Se ha realizado el mantenimiento preventivo sobre la farola: 1736131;23/07/2026;24/07/2026;1;cuad56;FINALIZADA;2,945772078;-75,25992004
Julio;2110614;1737239;034015;LED;46,3;PRE;ELTESORO;ELTESORO;Se ha realizado el mantenimiento preventivo sobre la farola: 1737239;09/07/2026;10/07/2026;1;cuad59;FINALIZADA;2,948070278;-75,26603702
Julio;2109645;1737240;023380;LED;46,3;PRE;ELTESORO;ELTESORO;Se ha realizado el mantenimiento preventivo sobre la farola: 1737240;09/07/2026;09/07/2026;0;cuad54;FINALIZADA;2,948085625;-75,26767727
Julio;2107000;1737243;011371;LED;27,8;PRE;ELTESORO;ELTESORO;Se ha realizado el mantenimiento preventivo sobre la farola: 1737243;07/07/2026;07/07/2026;0;cuad55;FINALIZADA;2,946769362;-75,26512139
Julio;2106998;1737326;061166;LED;92,6;PRE;LOSGUADUALES;LOSGUADUALES;Se ha realizado el mantenimiento preventivo sobre la farola: 1737326;07/07/2026;07/07/2026;0;cuad55;FINALIZADA;2,940422046;-75,26188703
Julio;2124217;1737383;025348;LED;60,2;PRE;AVICHENTE;AVICHENTE;Se ha realizado el mantenimiento preventivo sobre la farola: 1737383;23/07/2026;24/07/2026;1;cuad54;FINALIZADA;2,946334114;-75,26053297
Julio;2124213;1737401;025347;LED;60,2;PRE;AVICHENTE;AVICHENTE;Se ha realizado el mantenimiento preventivo sobre la farola: 1737401;23/07/2026;24/07/2026;1;cuad56;FINALIZADA;2,9467071;-75,26061998
Julio;2114187;1737563;026505;LED;92,6;PRE;VILLANASARET;VILLANASARET;Se ha realizado el mantenimiento preventivo sobre la farola: 1737563;14/07/2026;15/07/2026;1;cuad59;FINALIZADA;2,975582456;-75,29111197
Julio;2124206;1737613;025067;LED;60,2;PRE;AVICHENTE;AVICHENTE;Se ha realizado el mantenimiento preventivo sobre la farola: 1737613;23/07/2026;24/07/2026;1;cuad56;FINALIZADA;2,94628708;-75,25932797
Julio;2114192;1737778;064692;LED;27,8;PRE;VILLACAROLINA;48;Se ha realizado el mantenimiento preventivo sobre la farola: 1737778;14/07/2026;15/07/2026;1;cuad59;FINALIZADA;2,957726;-75,284408
Julio;2114196;1739229;011343;LED;27,8;PRE;ELPEDREGAL;ELPEDREGAL;Se ha realizado el mantenimiento preventivo sobre la farola: 1739229;14/07/2026;15/07/2026;1;cuad59;FINALIZADA;2,943710635;-75,24356352
Julio;2112014;1739852;063483;LED;46,3;PRE;TERCERMILENIO;VDALAMATA;Se ha realizado el mantenimiento preventivo sobre la farola: 1739852;10/07/2026;11/07/2026;1;cuad56;FINALIZADA;3,027322111;-75,2520081
Julio;2106391;1758414;062314;LED;60,2;PRE;CRA 31-38;CLL 19;Se ha realizado el mantenimiento preventivo sobre la farola: 1758414;06/07/2026;06/07/2026;0;cuad57;FINALIZADA;2,94038835;-75,2623783
Julio;2106977;1758415;062313;LED;60,2;PRE;CRA 31-38;CLL 19;Se ha realizado el mantenimiento preventivo sobre la farola: 1758415;07/07/2026;07/07/2026;0;cuad55;FINALIZADA;2,94038835;-75,2623783
Julio;2106374;1758418;062315;LED;60,2;PRE;CRA 31-38;CLL 19;Se ha realizado el mantenimiento preventivo sobre la farola: 1758418;06/07/2026;06/07/2026;0;cuad57;FINALIZADA;2,94037094;-75,2631591
Julio;2106990;1758419;062317;LED;60,2;PRE;CRA 31-38;CLL 19;Se ha realizado el mantenimiento preventivo sobre la farola: 1758419;07/07/2026;07/07/2026;0;cuad55;FINALIZADA;2,94037094;-75,2631591
Julio;2106387;1758420;062335;LED;60,2;PRE;CRA 31-38;CLL 19;Se ha realizado el mantenimiento preventivo sobre la farola: 1758420;06/07/2026;06/07/2026;0;cuad57;FINALIZADA;2,939925989;-75,2664188
Julio;2106385;1758421;048385;LED;60,2;PRE;CRA 31-38;CLL 19;Se ha realizado el mantenimiento preventivo sobre la farola: 1758421;06/07/2026;06/07/2026;0;cuad57;FINALIZADA;2,939925989;-75,2664188
Julio;2106408;1758422;062329;LED;60,2;PRE;CRA 31-38;CLL 19;Se ha realizado el mantenimiento preventivo sobre la farola: 1758422;06/07/2026;06/07/2026;0;cuad57;FINALIZADA;2,9399836;-75,2659831
Julio;2106393;1758423;062331;LED;60,2;PRE;CRA 31-38;CLL 19;Se ha realizado el mantenimiento preventivo sobre la farola: 1758423;06/07/2026;06/07/2026;0;cuad57;FINALIZADA;2,939877364;-75,2667276
Julio;2106383;1758424;062327;LED;60,2;PRE;CRA 31-38;CLL 19;Se ha realizado el mantenimiento preventivo sobre la farola: 1758424;06/07/2026;06/07/2026;0;cuad57;FINALIZADA;2,939827517;-75,2670912
Julio;2106005;1758425;062333;LED;60,2;PRE;CRA 31-38;CLL 19;Se ha realizado el mantenimiento preventivo sobre la farola: 1758425;06/07/2026;06/07/2026;0;cuad57;FINALIZADA;2,939827517;-75,2670912
Julio;2106944;1758426;062334;LED;60,2;PRE;CRA 31-38;CLL 19;Se ha realizado el mantenimiento preventivo sobre la farola: 1758426;07/07/2026;07/07/2026;0;cuad55;FINALIZADA;2,939877364;-75,2667276
Julio;2106403;1758427;062319;LED;60,2;PRE;CRA 31-38;CLL 19;Se ha realizado el mantenimiento preventivo sobre la farola: 1758427;06/07/2026;06/07/2026;0;cuad57;FINALIZADA;2,940111643;-75,2652971
Julio;2106985;1758428;062325;LED;60,2;PRE;CRA 31-38;CLL 19;Se ha realizado el mantenimiento preventivo sobre la farola: 1758428;07/07/2026;07/07/2026;0;cuad55;FINALIZADA;2,94017563;-75,2649571
Julio;2106982;1758429;062321;LED;60,2;PRE;CRA 31-38;CLL 19;Se ha realizado el mantenimiento preventivo sobre la farola: 1758429;07/07/2026;07/07/2026;0;cuad55;FINALIZADA;2,94017563;-75,2649571
Julio;2106397;1758430;062324;LED;60,2;PRE;CRA 31-38;CLL 19;Se ha realizado el mantenimiento preventivo sobre la farola: 1758430;06/07/2026;06/07/2026;0;cuad57;FINALIZADA;2,940111643;-75,2652971
Julio;2106994;1758431;062332;LED;60,2;PRE;CRA 31-38;CLL 19;Se ha realizado el mantenimiento preventivo sobre la farola: 1758431;07/07/2026;07/07/2026;0;cuad55;FINALIZADA;2,9399836;-75,2659831
Julio;2106394;1758432;062326;LED;60,2;PRE;CRA 31-38;CLL 19;Se ha realizado el mantenimiento preventivo sobre la farola: 1758432;06/07/2026;06/07/2026;0;cuad57;FINALIZADA;2,940043111;-75,2656427
Julio;2106390;1758433;062322;LED;60,2;PRE;CRA 31-38;CLL 19;Se ha realizado el mantenimiento preventivo sobre la farola: 1758433;06/07/2026;06/07/2026;0;cuad57;FINALIZADA;2,940043111;-75,2656427
Julio;2122505;1765218;029989;LED;92,6;PRE;CARRERA 40A;CALLE 24A;Se ha realizado el mantenimiento preventivo sobre la farola: 1765218;22/07/2026;22/07/2026;0;cuad55;FINALIZADA;2,945983076;-75,25943903
Julio;2111096;1772339;063359;LED;60,2;PRE;CARRERA 6 A LA CARRERA 7;AV LA TOMA;Se ha realizado el mantenimiento preventivo sobre la farola: 1772339;10/07/2026;14/07/2026;4;cuad54;FINALIZADA;2,932021126;-75,28818339
